
 /----------------------------------------------------------------------------\
 |                                                                            |
 |  yosys -- Yosys Open SYnthesis Suite                                       |
 |                                                                            |
 |  Copyright (C) 2012 - 2020  Claire Xenia Wolf <claire@yosyshq.com>         |
 |                                                                            |
 |  Permission to use, copy, modify, and/or distribute this software for any  |
 |  purpose with or without fee is hereby granted, provided that the above    |
 |  copyright notice and this permission notice appear in all copies.         |
 |                                                                            |
 |  THE SOFTWARE IS PROVIDED "AS IS" AND THE AUTHOR DISCLAIMS ALL WARRANTIES  |
 |  WITH REGARD TO THIS SOFTWARE INCLUDING ALL IMPLIED WARRANTIES OF          |
 |  MERCHANTABILITY AND FITNESS. IN NO EVENT SHALL THE AUTHOR BE LIABLE FOR   |
 |  ANY SPECIAL, DIRECT, INDIRECT, OR CONSEQUENTIAL DAMAGES OR ANY DAMAGES    |
 |  WHATSOEVER RESULTING FROM LOSS OF USE, DATA OR PROFITS, WHETHER IN AN     |
 |  ACTION OF CONTRACT, NEGLIGENCE OR OTHER TORTIOUS ACTION, ARISING OUT OF   |
 |  OR IN CONNECTION WITH THE USE OR PERFORMANCE OF THIS SOFTWARE.            |
 |                                                                            |
 \----------------------------------------------------------------------------/

 Yosys 0.38 (git sha1 543faed9c8c, clang++ 17.0.6 -fPIC -Os)

[TCL: yosys -import] Command name collision: found pre-existing command `cd' -> skip.
[TCL: yosys -import] Command name collision: found pre-existing command `eval' -> skip.
[TCL: yosys -import] Command name collision: found pre-existing command `exec' -> skip.
[TCL: yosys -import] Command name collision: found pre-existing command `read' -> skip.
[TCL: yosys -import] Command name collision: found pre-existing command `trace' -> skip.

1. Executing Liberty frontend: /root/.volare/volare/sky130/versions/bdc9412b3e468c102d01b7cf6337be06ec6e9c9a/sky130A/libs.ref/sky130_fd_sc_hd/lib/sky130_fd_sc_hd__tt_025C_1v80.lib
Imported 428 cell types from liberty file.

2. Executing Verilog-2005 frontend: /chipinventor/OpenLane/designs/spm/src/hdl.v
Parsing SystemVerilog input from `/chipinventor/OpenLane/designs/spm/src/hdl.v' to AST representation.
Storing AST representation for module `$abstract\address_decoder'.
Storing AST representation for module `$abstract\alu'.
Storing AST representation for module `$abstract\branch_comparator'.
Storing AST representation for module `$abstract\control_unit'.
Storing AST representation for module `$abstract\crc_unit'.
Storing AST representation for module `$abstract\dmem'.
Storing AST representation for module `$abstract\imem'.
Storing AST representation for module `$abstract\immediate_generator'.
Storing AST representation for module `$abstract\ir_fields'.
Storing AST representation for module `$abstract\ir_reg'.
Storing AST representation for module `$abstract\lsu'.
Storing AST representation for module `$abstract\multiplier'.
Storing AST representation for module `$abstract\mux2_32'.
Storing AST representation for module `$abstract\pc_incrementer'.
Storing AST representation for module `$abstract\pc_reg'.
Storing AST representation for module `$abstract\register_file'.
Storing AST representation for module `$abstract\wb_mux_32'.
Storing AST representation for module `$abstract\top'.
Successfully finished Verilog frontend.

3. Executing HIERARCHY pass (managing design hierarchy).

4. Executing AST frontend in derive mode using pre-parsed AST for module `\top'.
Generating RTLIL representation for module `\top'.

4.1. Analyzing design hierarchy..
Top module:  \top

4.2. Executing AST frontend in derive mode using pre-parsed AST for module `\imem'.
Generating RTLIL representation for module `\imem'.

4.3. Executing AST frontend in derive mode using pre-parsed AST for module `\control_unit'.
Generating RTLIL representation for module `\control_unit'.

4.4. Executing AST frontend in derive mode using pre-parsed AST for module `\pc_reg'.
Generating RTLIL representation for module `\pc_reg'.

4.5. Executing AST frontend in derive mode using pre-parsed AST for module `\ir_reg'.
Generating RTLIL representation for module `\ir_reg'.

4.6. Executing AST frontend in derive mode using pre-parsed AST for module `\wb_mux_32'.
Generating RTLIL representation for module `\wb_mux_32'.

4.7. Executing AST frontend in derive mode using pre-parsed AST for module `\lsu'.
Generating RTLIL representation for module `\lsu'.

4.8. Executing AST frontend in derive mode using pre-parsed AST for module `\crc_unit'.
Generating RTLIL representation for module `\crc_unit'.

4.9. Executing AST frontend in derive mode using pre-parsed AST for module `\multiplier'.
Generating RTLIL representation for module `\multiplier'.

4.10. Executing AST frontend in derive mode using pre-parsed AST for module `\alu'.
Generating RTLIL representation for module `\alu'.

4.11. Executing AST frontend in derive mode using pre-parsed AST for module `\branch_comparator'.
Generating RTLIL representation for module `\branch_comparator'.

4.12. Executing AST frontend in derive mode using pre-parsed AST for module `\mux2_32'.
Generating RTLIL representation for module `\mux2_32'.

4.13. Executing AST frontend in derive mode using pre-parsed AST for module `\register_file'.
Generating RTLIL representation for module `\register_file'.

4.14. Executing AST frontend in derive mode using pre-parsed AST for module `\immediate_generator'.
Generating RTLIL representation for module `\immediate_generator'.

4.15. Executing AST frontend in derive mode using pre-parsed AST for module `\ir_fields'.
Generating RTLIL representation for module `\ir_fields'.
Parameter \DMEM_WORDS = 8

4.16. Executing AST frontend in derive mode using pre-parsed AST for module `\dmem'.
Parameter \DMEM_WORDS = 8
Generating RTLIL representation for module `$paramod\dmem\DMEM_WORDS=s32'00000000000000000000000000001000'.

4.17. Executing AST frontend in derive mode using pre-parsed AST for module `\address_decoder'.
Generating RTLIL representation for module `\address_decoder'.

4.18. Executing AST frontend in derive mode using pre-parsed AST for module `\pc_incrementer'.
Generating RTLIL representation for module `\pc_incrementer'.

4.19. Analyzing design hierarchy..
Top module:  \top
Used module:     \imem
Used module:     \control_unit
Used module:     \pc_reg
Used module:     \ir_reg
Used module:     \wb_mux_32
Used module:     \lsu
Used module:     \crc_unit
Used module:     \multiplier
Used module:     \alu
Used module:     \branch_comparator
Used module:     \mux2_32
Used module:     \register_file
Used module:     \immediate_generator
Used module:     \ir_fields
Used module:     $paramod\dmem\DMEM_WORDS=s32'00000000000000000000000000001000
Used module:     \address_decoder
Used module:     \pc_incrementer

4.20. Analyzing design hierarchy..
Top module:  \top
Used module:     \imem
Used module:     \control_unit
Used module:     \pc_reg
Used module:     \ir_reg
Used module:     \wb_mux_32
Used module:     \lsu
Used module:     \crc_unit
Used module:     \multiplier
Used module:     \alu
Used module:     \branch_comparator
Used module:     \mux2_32
Used module:     \register_file
Used module:     \immediate_generator
Used module:     \ir_fields
Used module:     $paramod\dmem\DMEM_WORDS=s32'00000000000000000000000000001000
Used module:     \address_decoder
Used module:     \pc_incrementer
Removing unused module `$abstract\top'.
Removing unused module `$abstract\wb_mux_32'.
Removing unused module `$abstract\register_file'.
Removing unused module `$abstract\pc_reg'.
Removing unused module `$abstract\pc_incrementer'.
Removing unused module `$abstract\mux2_32'.
Removing unused module `$abstract\multiplier'.
Removing unused module `$abstract\lsu'.
Removing unused module `$abstract\ir_reg'.
Removing unused module `$abstract\ir_fields'.
Removing unused module `$abstract\immediate_generator'.
Removing unused module `$abstract\imem'.
Removing unused module `$abstract\dmem'.
Removing unused module `$abstract\crc_unit'.
Removing unused module `$abstract\control_unit'.
Removing unused module `$abstract\branch_comparator'.
Removing unused module `$abstract\alu'.
Removing unused module `$abstract\address_decoder'.
Removed 18 unused modules.

5. Generating Graphviz representation of design.
Writing dot description to `/chipinventor/OpenLane/designs/spm/runs/RUN_2026.09.04_06.40.41/tmp/synthesis/hierarchy.dot'.
Dumping module top to page 1.
Renaming module top to top.

6. Executing TRIBUF pass.

7. Executing HIERARCHY pass (managing design hierarchy).

7.1. Analyzing design hierarchy..
Top module:  \top
Used module:     \imem
Used module:     \control_unit
Used module:     \pc_reg
Used module:     \ir_reg
Used module:     \wb_mux_32
Used module:     \lsu
Used module:     \crc_unit
Used module:     \multiplier
Used module:     \alu
Used module:     \branch_comparator
Used module:     \mux2_32
Used module:     \register_file
Used module:     \immediate_generator
Used module:     \ir_fields
Used module:     $paramod\dmem\DMEM_WORDS=s32'00000000000000000000000000001000
Used module:     \address_decoder
Used module:     \pc_incrementer

7.2. Analyzing design hierarchy..
Top module:  \top
Used module:     \imem
Used module:     \control_unit
Used module:     \pc_reg
Used module:     \ir_reg
Used module:     \wb_mux_32
Used module:     \lsu
Used module:     \crc_unit
Used module:     \multiplier
Used module:     \alu
Used module:     \branch_comparator
Used module:     \mux2_32
Used module:     \register_file
Used module:     \immediate_generator
Used module:     \ir_fields
Used module:     $paramod\dmem\DMEM_WORDS=s32'00000000000000000000000000001000
Used module:     \address_decoder
Used module:     \pc_incrementer
Removed 0 unused modules.

8. Executing PROC_CLEAN pass (remove empty switches from decision trees).
Cleaned up 0 empty switches.

9. Executing PROC_RMDEAD pass (remove dead branches from decision trees).
Marked 5 switch rules as full_case in process $proc$/chipinventor/OpenLane/designs/spm/src/hdl.v:478$797 in module $paramod\dmem\DMEM_WORDS=s32'00000000000000000000000000001000.
Marked 1 switch rules as full_case in process $proc$/chipinventor/OpenLane/designs/spm/src/hdl.v:562$791 in module immediate_generator.
Marked 2 switch rules as full_case in process $proc$/chipinventor/OpenLane/designs/spm/src/hdl.v:853$715 in module register_file.
Marked 1 switch rules as full_case in process $proc$/chipinventor/OpenLane/designs/spm/src/hdl.v:101$668 in module branch_comparator.
Marked 1 switch rules as full_case in process $proc$/chipinventor/OpenLane/designs/spm/src/hdl.v:70$655 in module alu.
Marked 1 switch rules as full_case in process $proc$/chipinventor/OpenLane/designs/spm/src/hdl.v:418$232 in module crc_unit.
Removed 1 dead cases from process $proc$/chipinventor/OpenLane/designs/spm/src/hdl.v:690$161 in module lsu.
Marked 3 switch rules as full_case in process $proc$/chipinventor/OpenLane/designs/spm/src/hdl.v:690$161 in module lsu.
Removed 1 dead cases from process $proc$/chipinventor/OpenLane/designs/spm/src/hdl.v:660$159 in module lsu.
Marked 5 switch rules as full_case in process $proc$/chipinventor/OpenLane/designs/spm/src/hdl.v:660$159 in module lsu.
Marked 1 switch rules as full_case in process $proc$/chipinventor/OpenLane/designs/spm/src/hdl.v:894$158 in module wb_mux_32.
Marked 1 switch rules as full_case in process $proc$/chipinventor/OpenLane/designs/spm/src/hdl.v:622$157 in module ir_reg.
Marked 1 switch rules as full_case in process $proc$/chipinventor/OpenLane/designs/spm/src/hdl.v:818$156 in module pc_reg.
Marked 4 switch rules as full_case in process $proc$/chipinventor/OpenLane/designs/spm/src/hdl.v:282$118 in module control_unit.
Marked 1 switch rules as full_case in process $proc$/chipinventor/OpenLane/designs/spm/src/hdl.v:276$117 in module control_unit.
Marked 4 switch rules as full_case in process $proc$/chipinventor/OpenLane/designs/spm/src/hdl.v:265$112 in module control_unit.
Removed 2 dead cases from process $proc$/chipinventor/OpenLane/designs/spm/src/hdl.v:225$95 in module control_unit.
Marked 5 switch rules as full_case in process $proc$/chipinventor/OpenLane/designs/spm/src/hdl.v:225$95 in module control_unit.
Marked 2 switch rules as full_case in process $proc$/chipinventor/OpenLane/designs/spm/src/hdl.v:526$5 in module imem.
Removed a total of 4 dead cases.

10. Executing PROC_PRUNE pass (remove redundant assignments in processes).
Removed 1 redundant assignment.
Promoted 303 assignments to connections.

11. Executing PROC_INIT pass (extract init attributes).

12. Executing PROC_ARST pass (detect async resets in processes).

13. Executing PROC_ROM pass (convert switches to ROMs).
Converted 0 switches.
<suppressed ~41 debug messages>

14. Executing PROC_MUX pass (convert decision trees to multiplexers).
Creating decoders for process `$paramod\dmem\DMEM_WORDS=s32'00000000000000000000000000001000.$proc$/chipinventor/OpenLane/designs/spm/src/hdl.v:478$797'.
     1/25: $2$memwr$\mem$/chipinventor/OpenLane/designs/spm/src/hdl.v:483$795_EN[31:0]$834
     2/25: $2$memwr$\mem$/chipinventor/OpenLane/designs/spm/src/hdl.v:483$795_DATA[31:0]$833
     3/25: $2$memwr$\mem$/chipinventor/OpenLane/designs/spm/src/hdl.v:483$795_ADDR[2:0]$832
     4/25: $2$memwr$\mem$/chipinventor/OpenLane/designs/spm/src/hdl.v:482$794_EN[31:0]$831
     5/25: $2$memwr$\mem$/chipinventor/OpenLane/designs/spm/src/hdl.v:482$794_DATA[31:0]$830
     6/25: $2$memwr$\mem$/chipinventor/OpenLane/designs/spm/src/hdl.v:482$794_ADDR[2:0]$829
     7/25: $2$memwr$\mem$/chipinventor/OpenLane/designs/spm/src/hdl.v:481$793_EN[31:0]$828
     8/25: $2$memwr$\mem$/chipinventor/OpenLane/designs/spm/src/hdl.v:481$793_DATA[31:0]$827
     9/25: $2$memwr$\mem$/chipinventor/OpenLane/designs/spm/src/hdl.v:481$793_ADDR[2:0]$826
    10/25: $2$memwr$\mem$/chipinventor/OpenLane/designs/spm/src/hdl.v:480$792_EN[31:0]$825
    11/25: $2$memwr$\mem$/chipinventor/OpenLane/designs/spm/src/hdl.v:480$792_DATA[31:0]$824
    12/25: $2$memwr$\mem$/chipinventor/OpenLane/designs/spm/src/hdl.v:480$792_ADDR[2:0]$823
    13/25: $1$memwr$\mem$/chipinventor/OpenLane/designs/spm/src/hdl.v:483$795_EN[31:0]$822
    14/25: $1$memwr$\mem$/chipinventor/OpenLane/designs/spm/src/hdl.v:483$795_DATA[31:0]$821
    15/25: $1$memwr$\mem$/chipinventor/OpenLane/designs/spm/src/hdl.v:483$795_ADDR[2:0]$820
    16/25: $1$memwr$\mem$/chipinventor/OpenLane/designs/spm/src/hdl.v:482$794_EN[31:0]$819
    17/25: $1$memwr$\mem$/chipinventor/OpenLane/designs/spm/src/hdl.v:482$794_DATA[31:0]$818
    18/25: $1$memwr$\mem$/chipinventor/OpenLane/designs/spm/src/hdl.v:482$794_ADDR[2:0]$817
    19/25: $1$memwr$\mem$/chipinventor/OpenLane/designs/spm/src/hdl.v:481$793_EN[31:0]$816
    20/25: $1$memwr$\mem$/chipinventor/OpenLane/designs/spm/src/hdl.v:481$793_DATA[31:0]$815
    21/25: $1$memwr$\mem$/chipinventor/OpenLane/designs/spm/src/hdl.v:481$793_ADDR[2:0]$814
    22/25: $1$memwr$\mem$/chipinventor/OpenLane/designs/spm/src/hdl.v:480$792_EN[31:0]$813
    23/25: $1$memwr$\mem$/chipinventor/OpenLane/designs/spm/src/hdl.v:480$792_DATA[31:0]$812
    24/25: $1$memwr$\mem$/chipinventor/OpenLane/designs/spm/src/hdl.v:480$792_ADDR[2:0]$811
    25/25: $0\data_r[31:0]
Creating decoders for process `\immediate_generator.$proc$/chipinventor/OpenLane/designs/spm/src/hdl.v:562$791'.
     1/1: $1\imm[31:0]
Creating decoders for process `\register_file.$proc$/chipinventor/OpenLane/designs/spm/src/hdl.v:853$715'.
     1/39: $2$memwr$\regs$/chipinventor/OpenLane/designs/spm/src/hdl.v:857$708_EN[31:0]$790
     2/39: $2$memwr$\regs$/chipinventor/OpenLane/designs/spm/src/hdl.v:857$708_DATA[31:0]$789
     3/39: $2$memwr$\regs$/chipinventor/OpenLane/designs/spm/src/hdl.v:857$708_ADDR[4:0]$788
     4/39: $1\i[31:0]
     5/39: $1$memwr$\regs$/chipinventor/OpenLane/designs/spm/src/hdl.v:855$707_EN[31:0]$782
     6/39: $1$memwr$\regs$/chipinventor/OpenLane/designs/spm/src/hdl.v:855$706_EN[31:0]$781
     7/39: $1$memwr$\regs$/chipinventor/OpenLane/designs/spm/src/hdl.v:855$705_EN[31:0]$780
     8/39: $1$memwr$\regs$/chipinventor/OpenLane/designs/spm/src/hdl.v:855$704_EN[31:0]$779
     9/39: $1$memwr$\regs$/chipinventor/OpenLane/designs/spm/src/hdl.v:855$703_EN[31:0]$778
    10/39: $1$memwr$\regs$/chipinventor/OpenLane/designs/spm/src/hdl.v:855$702_EN[31:0]$777
    11/39: $1$memwr$\regs$/chipinventor/OpenLane/designs/spm/src/hdl.v:855$701_EN[31:0]$776
    12/39: $1$memwr$\regs$/chipinventor/OpenLane/designs/spm/src/hdl.v:855$700_EN[31:0]$775
    13/39: $1$memwr$\regs$/chipinventor/OpenLane/designs/spm/src/hdl.v:855$699_EN[31:0]$774
    14/39: $1$memwr$\regs$/chipinventor/OpenLane/designs/spm/src/hdl.v:855$698_EN[31:0]$773
    15/39: $1$memwr$\regs$/chipinventor/OpenLane/designs/spm/src/hdl.v:855$697_EN[31:0]$772
    16/39: $1$memwr$\regs$/chipinventor/OpenLane/designs/spm/src/hdl.v:855$696_EN[31:0]$771
    17/39: $1$memwr$\regs$/chipinventor/OpenLane/designs/spm/src/hdl.v:855$695_EN[31:0]$770
    18/39: $1$memwr$\regs$/chipinventor/OpenLane/designs/spm/src/hdl.v:855$694_EN[31:0]$769
    19/39: $1$memwr$\regs$/chipinventor/OpenLane/designs/spm/src/hdl.v:855$693_EN[31:0]$768
    20/39: $1$memwr$\regs$/chipinventor/OpenLane/designs/spm/src/hdl.v:855$692_EN[31:0]$767
    21/39: $1$memwr$\regs$/chipinventor/OpenLane/designs/spm/src/hdl.v:855$691_EN[31:0]$766
    22/39: $1$memwr$\regs$/chipinventor/OpenLane/designs/spm/src/hdl.v:855$690_EN[31:0]$765
    23/39: $1$memwr$\regs$/chipinventor/OpenLane/designs/spm/src/hdl.v:855$689_EN[31:0]$764
    24/39: $1$memwr$\regs$/chipinventor/OpenLane/designs/spm/src/hdl.v:855$688_EN[31:0]$763
    25/39: $1$memwr$\regs$/chipinventor/OpenLane/designs/spm/src/hdl.v:855$687_EN[31:0]$762
    26/39: $1$memwr$\regs$/chipinventor/OpenLane/designs/spm/src/hdl.v:855$686_EN[31:0]$761
    27/39: $1$memwr$\regs$/chipinventor/OpenLane/designs/spm/src/hdl.v:855$685_EN[31:0]$760
    28/39: $1$memwr$\regs$/chipinventor/OpenLane/designs/spm/src/hdl.v:855$684_EN[31:0]$759
    29/39: $1$memwr$\regs$/chipinventor/OpenLane/designs/spm/src/hdl.v:855$683_EN[31:0]$758
    30/39: $1$memwr$\regs$/chipinventor/OpenLane/designs/spm/src/hdl.v:855$682_EN[31:0]$757
    31/39: $1$memwr$\regs$/chipinventor/OpenLane/designs/spm/src/hdl.v:855$681_EN[31:0]$756
    32/39: $1$memwr$\regs$/chipinventor/OpenLane/designs/spm/src/hdl.v:855$680_EN[31:0]$755
    33/39: $1$memwr$\regs$/chipinventor/OpenLane/designs/spm/src/hdl.v:855$679_EN[31:0]$754
    34/39: $1$memwr$\regs$/chipinventor/OpenLane/designs/spm/src/hdl.v:855$678_EN[31:0]$753
    35/39: $1$memwr$\regs$/chipinventor/OpenLane/designs/spm/src/hdl.v:855$677_EN[31:0]$752
    36/39: $1$memwr$\regs$/chipinventor/OpenLane/designs/spm/src/hdl.v:855$676_EN[31:0]$751
    37/39: $1$memwr$\regs$/chipinventor/OpenLane/designs/spm/src/hdl.v:857$708_EN[31:0]$785
    38/39: $1$memwr$\regs$/chipinventor/OpenLane/designs/spm/src/hdl.v:857$708_DATA[31:0]$784
    39/39: $1$memwr$\regs$/chipinventor/OpenLane/designs/spm/src/hdl.v:857$708_ADDR[4:0]$783
Creating decoders for process `\branch_comparator.$proc$/chipinventor/OpenLane/designs/spm/src/hdl.v:101$668'.
     1/1: $1\branch_taken[0:0]
Creating decoders for process `\alu.$proc$/chipinventor/OpenLane/designs/spm/src/hdl.v:70$655'.
     1/1: $1\result[31:0]
Creating decoders for process `\multiplier.$proc$/chipinventor/OpenLane/designs/spm/src/hdl.v:751$653'.
Creating decoders for process `\crc_unit.$proc$/chipinventor/OpenLane/designs/spm/src/hdl.v:0$415'.
Creating decoders for process `\crc_unit.$proc$/chipinventor/OpenLane/designs/spm/src/hdl.v:0$296'.
Creating decoders for process `\crc_unit.$proc$/chipinventor/OpenLane/designs/spm/src/hdl.v:0$233'.
Creating decoders for process `\crc_unit.$proc$/chipinventor/OpenLane/designs/spm/src/hdl.v:418$232'.
     1/1: $1\result[31:0]
Creating decoders for process `\lsu.$proc$/chipinventor/OpenLane/designs/spm/src/hdl.v:690$161'.
     1/3: $3\core_data_i[31:0]
     2/3: $2\core_data_i[31:0]
     3/3: $1\core_data_i[31:0]
Creating decoders for process `\lsu.$proc$/chipinventor/OpenLane/designs/spm/src/hdl.v:660$159'.
     1/10: $5\store_data_o[31:0]
     2/10: $5\byte_write_o[3:0]
     3/10: $4\store_data_o[31:0]
     4/10: $4\byte_write_o[3:0]
     5/10: $3\store_data_o[31:0]
     6/10: $3\byte_write_o[3:0]
     7/10: $2\store_data_o[31:0]
     8/10: $2\byte_write_o[3:0]
     9/10: $1\store_data_o[31:0]
    10/10: $1\byte_write_o[3:0]
Creating decoders for process `\wb_mux_32.$proc$/chipinventor/OpenLane/designs/spm/src/hdl.v:894$158'.
     1/1: $1\wb_data[31:0]
Creating decoders for process `\ir_reg.$proc$/chipinventor/OpenLane/designs/spm/src/hdl.v:622$157'.
     1/1: $0\ir[31:0]
Creating decoders for process `\pc_reg.$proc$/chipinventor/OpenLane/designs/spm/src/hdl.v:818$156'.
     1/1: $0\pc[31:0]
Creating decoders for process `\control_unit.$proc$/chipinventor/OpenLane/designs/spm/src/hdl.v:282$118'.
     1/4: $4\next_state[2:0]
     2/4: $3\next_state[2:0]
     3/4: $2\next_state[2:0]
     4/4: $1\next_state[2:0]
Creating decoders for process `\control_unit.$proc$/chipinventor/OpenLane/designs/spm/src/hdl.v:276$117'.
     1/1: $0\state[2:0]
Creating decoders for process `\control_unit.$proc$/chipinventor/OpenLane/designs/spm/src/hdl.v:265$112'.
     1/4: $4\wb_src_sel[2:0]
     2/4: $3\wb_src_sel[2:0]
     3/4: $2\wb_src_sel[2:0]
     4/4: $1\wb_src_sel[2:0]
Creating decoders for process `\control_unit.$proc$/chipinventor/OpenLane/designs/spm/src/hdl.v:225$95'.
     1/5: $5\alu_op[3:0]
     2/5: $4\alu_op[3:0]
     3/5: $3\alu_op[3:0]
     4/5: $2\alu_op[3:0]
     5/5: $1\alu_op[3:0]
Creating decoders for process `\imem.$proc$/chipinventor/OpenLane/designs/spm/src/hdl.v:526$5'.
     1/2: $2\data_o[31:0]
     2/2: $1\data_o[31:0]

15. Executing PROC_DLATCH pass (convert process syncs to latches).
No latch inferred for signal `\immediate_generator.\imm' from process `\immediate_generator.$proc$/chipinventor/OpenLane/designs/spm/src/hdl.v:562$791'.
No latch inferred for signal `\branch_comparator.\branch_taken' from process `\branch_comparator.$proc$/chipinventor/OpenLane/designs/spm/src/hdl.v:101$668'.
No latch inferred for signal `\alu.\result' from process `\alu.$proc$/chipinventor/OpenLane/designs/spm/src/hdl.v:70$655'.
No latch inferred for signal `\multiplier.\result' from process `\multiplier.$proc$/chipinventor/OpenLane/designs/spm/src/hdl.v:751$653'.
No latch inferred for signal `\crc_unit.\crc16_w$func$/chipinventor/OpenLane/designs/spm/src/hdl.v:415$172.$result' from process `\crc_unit.$proc$/chipinventor/OpenLane/designs/spm/src/hdl.v:0$415'.
No latch inferred for signal `\crc_unit.\crc16_w$func$/chipinventor/OpenLane/designs/spm/src/hdl.v:415$199.$result' from process `\crc_unit.$proc$/chipinventor/OpenLane/designs/spm/src/hdl.v:0$415'.
No latch inferred for signal `\crc_unit.\crc16_w$func$/chipinventor/OpenLane/designs/spm/src/hdl.v:415$199.seed' from process `\crc_unit.$proc$/chipinventor/OpenLane/designs/spm/src/hdl.v:0$415'.
No latch inferred for signal `\crc_unit.\crc16_w$func$/chipinventor/OpenLane/designs/spm/src/hdl.v:415$199.data' from process `\crc_unit.$proc$/chipinventor/OpenLane/designs/spm/src/hdl.v:0$415'.
No latch inferred for signal `\crc_unit.\crc16_w$func$/chipinventor/OpenLane/designs/spm/src/hdl.v:415$199.i' from process `\crc_unit.$proc$/chipinventor/OpenLane/designs/spm/src/hdl.v:0$415'.
No latch inferred for signal `\crc_unit.\crc16_w$func$/chipinventor/OpenLane/designs/spm/src/hdl.v:415$199.c' from process `\crc_unit.$proc$/chipinventor/OpenLane/designs/spm/src/hdl.v:0$415'.
No latch inferred for signal `\crc_unit.\crc16_step$func$/chipinventor/OpenLane/designs/spm/src/hdl.v:407$200.$result' from process `\crc_unit.$proc$/chipinventor/OpenLane/designs/spm/src/hdl.v:0$415'.
No latch inferred for signal `\crc_unit.\crc16_step$func$/chipinventor/OpenLane/designs/spm/src/hdl.v:407$200.crc_in' from process `\crc_unit.$proc$/chipinventor/OpenLane/designs/spm/src/hdl.v:0$415'.
No latch inferred for signal `\crc_unit.\crc16_step$func$/chipinventor/OpenLane/designs/spm/src/hdl.v:407$200.data_bit' from process `\crc_unit.$proc$/chipinventor/OpenLane/designs/spm/src/hdl.v:0$415'.
No latch inferred for signal `\crc_unit.\crc16_step$func$/chipinventor/OpenLane/designs/spm/src/hdl.v:407$200.fb' from process `\crc_unit.$proc$/chipinventor/OpenLane/designs/spm/src/hdl.v:0$415'.
No latch inferred for signal `\crc_unit.\crc16_step$func$/chipinventor/OpenLane/designs/spm/src/hdl.v:407$201.$result' from process `\crc_unit.$proc$/chipinventor/OpenLane/designs/spm/src/hdl.v:0$415'.
No latch inferred for signal `\crc_unit.\crc16_step$func$/chipinventor/OpenLane/designs/spm/src/hdl.v:407$201.crc_in' from process `\crc_unit.$proc$/chipinventor/OpenLane/designs/spm/src/hdl.v:0$415'.
No latch inferred for signal `\crc_unit.\crc16_step$func$/chipinventor/OpenLane/designs/spm/src/hdl.v:407$201.data_bit' from process `\crc_unit.$proc$/chipinventor/OpenLane/designs/spm/src/hdl.v:0$415'.
No latch inferred for signal `\crc_unit.\crc16_step$func$/chipinventor/OpenLane/designs/spm/src/hdl.v:407$201.fb' from process `\crc_unit.$proc$/chipinventor/OpenLane/designs/spm/src/hdl.v:0$415'.
No latch inferred for signal `\crc_unit.\crc16_step$func$/chipinventor/OpenLane/designs/spm/src/hdl.v:407$202.$result' from process `\crc_unit.$proc$/chipinventor/OpenLane/designs/spm/src/hdl.v:0$415'.
No latch inferred for signal `\crc_unit.\crc16_step$func$/chipinventor/OpenLane/designs/spm/src/hdl.v:407$202.crc_in' from process `\crc_unit.$proc$/chipinventor/OpenLane/designs/spm/src/hdl.v:0$415'.
No latch inferred for signal `\crc_unit.\crc16_step$func$/chipinventor/OpenLane/designs/spm/src/hdl.v:407$202.data_bit' from process `\crc_unit.$proc$/chipinventor/OpenLane/designs/spm/src/hdl.v:0$415'.
No latch inferred for signal `\crc_unit.\crc16_step$func$/chipinventor/OpenLane/designs/spm/src/hdl.v:407$202.fb' from process `\crc_unit.$proc$/chipinventor/OpenLane/designs/spm/src/hdl.v:0$415'.
No latch inferred for signal `\crc_unit.\crc16_step$func$/chipinventor/OpenLane/designs/spm/src/hdl.v:407$203.$result' from process `\crc_unit.$proc$/chipinventor/OpenLane/designs/spm/src/hdl.v:0$415'.
No latch inferred for signal `\crc_unit.\crc16_step$func$/chipinventor/OpenLane/designs/spm/src/hdl.v:407$203.crc_in' from process `\crc_unit.$proc$/chipinventor/OpenLane/designs/spm/src/hdl.v:0$415'.
No latch inferred for signal `\crc_unit.\crc16_step$func$/chipinventor/OpenLane/designs/spm/src/hdl.v:407$203.data_bit' from process `\crc_unit.$proc$/chipinventor/OpenLane/designs/spm/src/hdl.v:0$415'.
No latch inferred for signal `\crc_unit.\crc16_step$func$/chipinventor/OpenLane/designs/spm/src/hdl.v:407$203.fb' from process `\crc_unit.$proc$/chipinventor/OpenLane/designs/spm/src/hdl.v:0$415'.
No latch inferred for signal `\crc_unit.\crc16_step$func$/chipinventor/OpenLane/designs/spm/src/hdl.v:407$204.$result' from process `\crc_unit.$proc$/chipinventor/OpenLane/designs/spm/src/hdl.v:0$415'.
No latch inferred for signal `\crc_unit.\crc16_step$func$/chipinventor/OpenLane/designs/spm/src/hdl.v:407$204.crc_in' from process `\crc_unit.$proc$/chipinventor/OpenLane/designs/spm/src/hdl.v:0$415'.
No latch inferred for signal `\crc_unit.\crc16_step$func$/chipinventor/OpenLane/designs/spm/src/hdl.v:407$204.data_bit' from process `\crc_unit.$proc$/chipinventor/OpenLane/designs/spm/src/hdl.v:0$415'.
No latch inferred for signal `\crc_unit.\crc16_step$func$/chipinventor/OpenLane/designs/spm/src/hdl.v:407$204.fb' from process `\crc_unit.$proc$/chipinventor/OpenLane/designs/spm/src/hdl.v:0$415'.
No latch inferred for signal `\crc_unit.\crc16_step$func$/chipinventor/OpenLane/designs/spm/src/hdl.v:407$205.$result' from process `\crc_unit.$proc$/chipinventor/OpenLane/designs/spm/src/hdl.v:0$415'.
No latch inferred for signal `\crc_unit.\crc16_step$func$/chipinventor/OpenLane/designs/spm/src/hdl.v:407$205.crc_in' from process `\crc_unit.$proc$/chipinventor/OpenLane/designs/spm/src/hdl.v:0$415'.
No latch inferred for signal `\crc_unit.\crc16_step$func$/chipinventor/OpenLane/designs/spm/src/hdl.v:407$205.data_bit' from process `\crc_unit.$proc$/chipinventor/OpenLane/designs/spm/src/hdl.v:0$415'.
No latch inferred for signal `\crc_unit.\crc16_step$func$/chipinventor/OpenLane/designs/spm/src/hdl.v:407$205.fb' from process `\crc_unit.$proc$/chipinventor/OpenLane/designs/spm/src/hdl.v:0$415'.
No latch inferred for signal `\crc_unit.\crc16_step$func$/chipinventor/OpenLane/designs/spm/src/hdl.v:407$206.$result' from process `\crc_unit.$proc$/chipinventor/OpenLane/designs/spm/src/hdl.v:0$415'.
No latch inferred for signal `\crc_unit.\crc16_step$func$/chipinventor/OpenLane/designs/spm/src/hdl.v:407$206.crc_in' from process `\crc_unit.$proc$/chipinventor/OpenLane/designs/spm/src/hdl.v:0$415'.
No latch inferred for signal `\crc_unit.\crc16_step$func$/chipinventor/OpenLane/designs/spm/src/hdl.v:407$206.data_bit' from process `\crc_unit.$proc$/chipinventor/OpenLane/designs/spm/src/hdl.v:0$415'.
No latch inferred for signal `\crc_unit.\crc16_step$func$/chipinventor/OpenLane/designs/spm/src/hdl.v:407$206.fb' from process `\crc_unit.$proc$/chipinventor/OpenLane/designs/spm/src/hdl.v:0$415'.
No latch inferred for signal `\crc_unit.\crc16_step$func$/chipinventor/OpenLane/designs/spm/src/hdl.v:407$207.$result' from process `\crc_unit.$proc$/chipinventor/OpenLane/designs/spm/src/hdl.v:0$415'.
No latch inferred for signal `\crc_unit.\crc16_step$func$/chipinventor/OpenLane/designs/spm/src/hdl.v:407$207.crc_in' from process `\crc_unit.$proc$/chipinventor/OpenLane/designs/spm/src/hdl.v:0$415'.
No latch inferred for signal `\crc_unit.\crc16_step$func$/chipinventor/OpenLane/designs/spm/src/hdl.v:407$207.data_bit' from process `\crc_unit.$proc$/chipinventor/OpenLane/designs/spm/src/hdl.v:0$415'.
No latch inferred for signal `\crc_unit.\crc16_step$func$/chipinventor/OpenLane/designs/spm/src/hdl.v:407$207.fb' from process `\crc_unit.$proc$/chipinventor/OpenLane/designs/spm/src/hdl.v:0$415'.
No latch inferred for signal `\crc_unit.\crc16_step$func$/chipinventor/OpenLane/designs/spm/src/hdl.v:407$208.$result' from process `\crc_unit.$proc$/chipinventor/OpenLane/designs/spm/src/hdl.v:0$415'.
No latch inferred for signal `\crc_unit.\crc16_step$func$/chipinventor/OpenLane/designs/spm/src/hdl.v:407$208.crc_in' from process `\crc_unit.$proc$/chipinventor/OpenLane/designs/spm/src/hdl.v:0$415'.
No latch inferred for signal `\crc_unit.\crc16_step$func$/chipinventor/OpenLane/designs/spm/src/hdl.v:407$208.data_bit' from process `\crc_unit.$proc$/chipinventor/OpenLane/designs/spm/src/hdl.v:0$415'.
No latch inferred for signal `\crc_unit.\crc16_step$func$/chipinventor/OpenLane/designs/spm/src/hdl.v:407$208.fb' from process `\crc_unit.$proc$/chipinventor/OpenLane/designs/spm/src/hdl.v:0$415'.
No latch inferred for signal `\crc_unit.\crc16_step$func$/chipinventor/OpenLane/designs/spm/src/hdl.v:407$209.$result' from process `\crc_unit.$proc$/chipinventor/OpenLane/designs/spm/src/hdl.v:0$415'.
No latch inferred for signal `\crc_unit.\crc16_step$func$/chipinventor/OpenLane/designs/spm/src/hdl.v:407$209.crc_in' from process `\crc_unit.$proc$/chipinventor/OpenLane/designs/spm/src/hdl.v:0$415'.
No latch inferred for signal `\crc_unit.\crc16_step$func$/chipinventor/OpenLane/designs/spm/src/hdl.v:407$209.data_bit' from process `\crc_unit.$proc$/chipinventor/OpenLane/designs/spm/src/hdl.v:0$415'.
No latch inferred for signal `\crc_unit.\crc16_step$func$/chipinventor/OpenLane/designs/spm/src/hdl.v:407$209.fb' from process `\crc_unit.$proc$/chipinventor/OpenLane/designs/spm/src/hdl.v:0$415'.
No latch inferred for signal `\crc_unit.\crc16_step$func$/chipinventor/OpenLane/designs/spm/src/hdl.v:407$210.$result' from process `\crc_unit.$proc$/chipinventor/OpenLane/designs/spm/src/hdl.v:0$415'.
No latch inferred for signal `\crc_unit.\crc16_step$func$/chipinventor/OpenLane/designs/spm/src/hdl.v:407$210.crc_in' from process `\crc_unit.$proc$/chipinventor/OpenLane/designs/spm/src/hdl.v:0$415'.
No latch inferred for signal `\crc_unit.\crc16_step$func$/chipinventor/OpenLane/designs/spm/src/hdl.v:407$210.data_bit' from process `\crc_unit.$proc$/chipinventor/OpenLane/designs/spm/src/hdl.v:0$415'.
No latch inferred for signal `\crc_unit.\crc16_step$func$/chipinventor/OpenLane/designs/spm/src/hdl.v:407$210.fb' from process `\crc_unit.$proc$/chipinventor/OpenLane/designs/spm/src/hdl.v:0$415'.
No latch inferred for signal `\crc_unit.\crc16_step$func$/chipinventor/OpenLane/designs/spm/src/hdl.v:407$211.$result' from process `\crc_unit.$proc$/chipinventor/OpenLane/designs/spm/src/hdl.v:0$415'.
No latch inferred for signal `\crc_unit.\crc16_step$func$/chipinventor/OpenLane/designs/spm/src/hdl.v:407$211.crc_in' from process `\crc_unit.$proc$/chipinventor/OpenLane/designs/spm/src/hdl.v:0$415'.
No latch inferred for signal `\crc_unit.\crc16_step$func$/chipinventor/OpenLane/designs/spm/src/hdl.v:407$211.data_bit' from process `\crc_unit.$proc$/chipinventor/OpenLane/designs/spm/src/hdl.v:0$415'.
No latch inferred for signal `\crc_unit.\crc16_step$func$/chipinventor/OpenLane/designs/spm/src/hdl.v:407$211.fb' from process `\crc_unit.$proc$/chipinventor/OpenLane/designs/spm/src/hdl.v:0$415'.
No latch inferred for signal `\crc_unit.\crc16_step$func$/chipinventor/OpenLane/designs/spm/src/hdl.v:407$212.$result' from process `\crc_unit.$proc$/chipinventor/OpenLane/designs/spm/src/hdl.v:0$415'.
No latch inferred for signal `\crc_unit.\crc16_step$func$/chipinventor/OpenLane/designs/spm/src/hdl.v:407$212.crc_in' from process `\crc_unit.$proc$/chipinventor/OpenLane/designs/spm/src/hdl.v:0$415'.
No latch inferred for signal `\crc_unit.\crc16_step$func$/chipinventor/OpenLane/designs/spm/src/hdl.v:407$212.data_bit' from process `\crc_unit.$proc$/chipinventor/OpenLane/designs/spm/src/hdl.v:0$415'.
No latch inferred for signal `\crc_unit.\crc16_step$func$/chipinventor/OpenLane/designs/spm/src/hdl.v:407$212.fb' from process `\crc_unit.$proc$/chipinventor/OpenLane/designs/spm/src/hdl.v:0$415'.
No latch inferred for signal `\crc_unit.\crc16_step$func$/chipinventor/OpenLane/designs/spm/src/hdl.v:407$213.$result' from process `\crc_unit.$proc$/chipinventor/OpenLane/designs/spm/src/hdl.v:0$415'.
No latch inferred for signal `\crc_unit.\crc16_step$func$/chipinventor/OpenLane/designs/spm/src/hdl.v:407$213.crc_in' from process `\crc_unit.$proc$/chipinventor/OpenLane/designs/spm/src/hdl.v:0$415'.
No latch inferred for signal `\crc_unit.\crc16_step$func$/chipinventor/OpenLane/designs/spm/src/hdl.v:407$213.data_bit' from process `\crc_unit.$proc$/chipinventor/OpenLane/designs/spm/src/hdl.v:0$415'.
No latch inferred for signal `\crc_unit.\crc16_step$func$/chipinventor/OpenLane/designs/spm/src/hdl.v:407$213.fb' from process `\crc_unit.$proc$/chipinventor/OpenLane/designs/spm/src/hdl.v:0$415'.
No latch inferred for signal `\crc_unit.\crc16_step$func$/chipinventor/OpenLane/designs/spm/src/hdl.v:407$214.$result' from process `\crc_unit.$proc$/chipinventor/OpenLane/designs/spm/src/hdl.v:0$415'.
No latch inferred for signal `\crc_unit.\crc16_step$func$/chipinventor/OpenLane/designs/spm/src/hdl.v:407$214.crc_in' from process `\crc_unit.$proc$/chipinventor/OpenLane/designs/spm/src/hdl.v:0$415'.
No latch inferred for signal `\crc_unit.\crc16_step$func$/chipinventor/OpenLane/designs/spm/src/hdl.v:407$214.data_bit' from process `\crc_unit.$proc$/chipinventor/OpenLane/designs/spm/src/hdl.v:0$415'.
No latch inferred for signal `\crc_unit.\crc16_step$func$/chipinventor/OpenLane/designs/spm/src/hdl.v:407$214.fb' from process `\crc_unit.$proc$/chipinventor/OpenLane/designs/spm/src/hdl.v:0$415'.
No latch inferred for signal `\crc_unit.\crc16_step$func$/chipinventor/OpenLane/designs/spm/src/hdl.v:407$215.$result' from process `\crc_unit.$proc$/chipinventor/OpenLane/designs/spm/src/hdl.v:0$415'.
No latch inferred for signal `\crc_unit.\crc16_step$func$/chipinventor/OpenLane/designs/spm/src/hdl.v:407$215.crc_in' from process `\crc_unit.$proc$/chipinventor/OpenLane/designs/spm/src/hdl.v:0$415'.
No latch inferred for signal `\crc_unit.\crc16_step$func$/chipinventor/OpenLane/designs/spm/src/hdl.v:407$215.data_bit' from process `\crc_unit.$proc$/chipinventor/OpenLane/designs/spm/src/hdl.v:0$415'.
No latch inferred for signal `\crc_unit.\crc16_step$func$/chipinventor/OpenLane/designs/spm/src/hdl.v:407$215.fb' from process `\crc_unit.$proc$/chipinventor/OpenLane/designs/spm/src/hdl.v:0$415'.
No latch inferred for signal `\crc_unit.\crc16_step$func$/chipinventor/OpenLane/designs/spm/src/hdl.v:407$216.$result' from process `\crc_unit.$proc$/chipinventor/OpenLane/designs/spm/src/hdl.v:0$415'.
No latch inferred for signal `\crc_unit.\crc16_step$func$/chipinventor/OpenLane/designs/spm/src/hdl.v:407$216.crc_in' from process `\crc_unit.$proc$/chipinventor/OpenLane/designs/spm/src/hdl.v:0$415'.
No latch inferred for signal `\crc_unit.\crc16_step$func$/chipinventor/OpenLane/designs/spm/src/hdl.v:407$216.data_bit' from process `\crc_unit.$proc$/chipinventor/OpenLane/designs/spm/src/hdl.v:0$415'.
No latch inferred for signal `\crc_unit.\crc16_step$func$/chipinventor/OpenLane/designs/spm/src/hdl.v:407$216.fb' from process `\crc_unit.$proc$/chipinventor/OpenLane/designs/spm/src/hdl.v:0$415'.
No latch inferred for signal `\crc_unit.\crc16_step$func$/chipinventor/OpenLane/designs/spm/src/hdl.v:407$217.$result' from process `\crc_unit.$proc$/chipinventor/OpenLane/designs/spm/src/hdl.v:0$415'.
No latch inferred for signal `\crc_unit.\crc16_step$func$/chipinventor/OpenLane/designs/spm/src/hdl.v:407$217.crc_in' from process `\crc_unit.$proc$/chipinventor/OpenLane/designs/spm/src/hdl.v:0$415'.
No latch inferred for signal `\crc_unit.\crc16_step$func$/chipinventor/OpenLane/designs/spm/src/hdl.v:407$217.data_bit' from process `\crc_unit.$proc$/chipinventor/OpenLane/designs/spm/src/hdl.v:0$415'.
No latch inferred for signal `\crc_unit.\crc16_step$func$/chipinventor/OpenLane/designs/spm/src/hdl.v:407$217.fb' from process `\crc_unit.$proc$/chipinventor/OpenLane/designs/spm/src/hdl.v:0$415'.
No latch inferred for signal `\crc_unit.\crc16_step$func$/chipinventor/OpenLane/designs/spm/src/hdl.v:407$218.$result' from process `\crc_unit.$proc$/chipinventor/OpenLane/designs/spm/src/hdl.v:0$415'.
No latch inferred for signal `\crc_unit.\crc16_step$func$/chipinventor/OpenLane/designs/spm/src/hdl.v:407$218.crc_in' from process `\crc_unit.$proc$/chipinventor/OpenLane/designs/spm/src/hdl.v:0$415'.
No latch inferred for signal `\crc_unit.\crc16_step$func$/chipinventor/OpenLane/designs/spm/src/hdl.v:407$218.data_bit' from process `\crc_unit.$proc$/chipinventor/OpenLane/designs/spm/src/hdl.v:0$415'.
No latch inferred for signal `\crc_unit.\crc16_step$func$/chipinventor/OpenLane/designs/spm/src/hdl.v:407$218.fb' from process `\crc_unit.$proc$/chipinventor/OpenLane/designs/spm/src/hdl.v:0$415'.
No latch inferred for signal `\crc_unit.\crc16_step$func$/chipinventor/OpenLane/designs/spm/src/hdl.v:407$219.$result' from process `\crc_unit.$proc$/chipinventor/OpenLane/designs/spm/src/hdl.v:0$415'.
No latch inferred for signal `\crc_unit.\crc16_step$func$/chipinventor/OpenLane/designs/spm/src/hdl.v:407$219.crc_in' from process `\crc_unit.$proc$/chipinventor/OpenLane/designs/spm/src/hdl.v:0$415'.
No latch inferred for signal `\crc_unit.\crc16_step$func$/chipinventor/OpenLane/designs/spm/src/hdl.v:407$219.data_bit' from process `\crc_unit.$proc$/chipinventor/OpenLane/designs/spm/src/hdl.v:0$415'.
No latch inferred for signal `\crc_unit.\crc16_step$func$/chipinventor/OpenLane/designs/spm/src/hdl.v:407$219.fb' from process `\crc_unit.$proc$/chipinventor/OpenLane/designs/spm/src/hdl.v:0$415'.
No latch inferred for signal `\crc_unit.\crc16_step$func$/chipinventor/OpenLane/designs/spm/src/hdl.v:407$220.$result' from process `\crc_unit.$proc$/chipinventor/OpenLane/designs/spm/src/hdl.v:0$415'.
No latch inferred for signal `\crc_unit.\crc16_step$func$/chipinventor/OpenLane/designs/spm/src/hdl.v:407$220.crc_in' from process `\crc_unit.$proc$/chipinventor/OpenLane/designs/spm/src/hdl.v:0$415'.
No latch inferred for signal `\crc_unit.\crc16_step$func$/chipinventor/OpenLane/designs/spm/src/hdl.v:407$220.data_bit' from process `\crc_unit.$proc$/chipinventor/OpenLane/designs/spm/src/hdl.v:0$415'.
No latch inferred for signal `\crc_unit.\crc16_step$func$/chipinventor/OpenLane/designs/spm/src/hdl.v:407$220.fb' from process `\crc_unit.$proc$/chipinventor/OpenLane/designs/spm/src/hdl.v:0$415'.
No latch inferred for signal `\crc_unit.\crc16_step$func$/chipinventor/OpenLane/designs/spm/src/hdl.v:407$221.$result' from process `\crc_unit.$proc$/chipinventor/OpenLane/designs/spm/src/hdl.v:0$415'.
No latch inferred for signal `\crc_unit.\crc16_step$func$/chipinventor/OpenLane/designs/spm/src/hdl.v:407$221.crc_in' from process `\crc_unit.$proc$/chipinventor/OpenLane/designs/spm/src/hdl.v:0$415'.
No latch inferred for signal `\crc_unit.\crc16_step$func$/chipinventor/OpenLane/designs/spm/src/hdl.v:407$221.data_bit' from process `\crc_unit.$proc$/chipinventor/OpenLane/designs/spm/src/hdl.v:0$415'.
No latch inferred for signal `\crc_unit.\crc16_step$func$/chipinventor/OpenLane/designs/spm/src/hdl.v:407$221.fb' from process `\crc_unit.$proc$/chipinventor/OpenLane/designs/spm/src/hdl.v:0$415'.
No latch inferred for signal `\crc_unit.\crc16_step$func$/chipinventor/OpenLane/designs/spm/src/hdl.v:407$222.$result' from process `\crc_unit.$proc$/chipinventor/OpenLane/designs/spm/src/hdl.v:0$415'.
No latch inferred for signal `\crc_unit.\crc16_step$func$/chipinventor/OpenLane/designs/spm/src/hdl.v:407$222.crc_in' from process `\crc_unit.$proc$/chipinventor/OpenLane/designs/spm/src/hdl.v:0$415'.
No latch inferred for signal `\crc_unit.\crc16_step$func$/chipinventor/OpenLane/designs/spm/src/hdl.v:407$222.data_bit' from process `\crc_unit.$proc$/chipinventor/OpenLane/designs/spm/src/hdl.v:0$415'.
No latch inferred for signal `\crc_unit.\crc16_step$func$/chipinventor/OpenLane/designs/spm/src/hdl.v:407$222.fb' from process `\crc_unit.$proc$/chipinventor/OpenLane/designs/spm/src/hdl.v:0$415'.
No latch inferred for signal `\crc_unit.\crc16_step$func$/chipinventor/OpenLane/designs/spm/src/hdl.v:407$223.$result' from process `\crc_unit.$proc$/chipinventor/OpenLane/designs/spm/src/hdl.v:0$415'.
No latch inferred for signal `\crc_unit.\crc16_step$func$/chipinventor/OpenLane/designs/spm/src/hdl.v:407$223.crc_in' from process `\crc_unit.$proc$/chipinventor/OpenLane/designs/spm/src/hdl.v:0$415'.
No latch inferred for signal `\crc_unit.\crc16_step$func$/chipinventor/OpenLane/designs/spm/src/hdl.v:407$223.data_bit' from process `\crc_unit.$proc$/chipinventor/OpenLane/designs/spm/src/hdl.v:0$415'.
No latch inferred for signal `\crc_unit.\crc16_step$func$/chipinventor/OpenLane/designs/spm/src/hdl.v:407$223.fb' from process `\crc_unit.$proc$/chipinventor/OpenLane/designs/spm/src/hdl.v:0$415'.
No latch inferred for signal `\crc_unit.\crc16_step$func$/chipinventor/OpenLane/designs/spm/src/hdl.v:407$224.$result' from process `\crc_unit.$proc$/chipinventor/OpenLane/designs/spm/src/hdl.v:0$415'.
No latch inferred for signal `\crc_unit.\crc16_step$func$/chipinventor/OpenLane/designs/spm/src/hdl.v:407$224.crc_in' from process `\crc_unit.$proc$/chipinventor/OpenLane/designs/spm/src/hdl.v:0$415'.
No latch inferred for signal `\crc_unit.\crc16_step$func$/chipinventor/OpenLane/designs/spm/src/hdl.v:407$224.data_bit' from process `\crc_unit.$proc$/chipinventor/OpenLane/designs/spm/src/hdl.v:0$415'.
No latch inferred for signal `\crc_unit.\crc16_step$func$/chipinventor/OpenLane/designs/spm/src/hdl.v:407$224.fb' from process `\crc_unit.$proc$/chipinventor/OpenLane/designs/spm/src/hdl.v:0$415'.
No latch inferred for signal `\crc_unit.\crc16_step$func$/chipinventor/OpenLane/designs/spm/src/hdl.v:407$225.$result' from process `\crc_unit.$proc$/chipinventor/OpenLane/designs/spm/src/hdl.v:0$415'.
No latch inferred for signal `\crc_unit.\crc16_step$func$/chipinventor/OpenLane/designs/spm/src/hdl.v:407$225.crc_in' from process `\crc_unit.$proc$/chipinventor/OpenLane/designs/spm/src/hdl.v:0$415'.
No latch inferred for signal `\crc_unit.\crc16_step$func$/chipinventor/OpenLane/designs/spm/src/hdl.v:407$225.data_bit' from process `\crc_unit.$proc$/chipinventor/OpenLane/designs/spm/src/hdl.v:0$415'.
No latch inferred for signal `\crc_unit.\crc16_step$func$/chipinventor/OpenLane/designs/spm/src/hdl.v:407$225.fb' from process `\crc_unit.$proc$/chipinventor/OpenLane/designs/spm/src/hdl.v:0$415'.
No latch inferred for signal `\crc_unit.\crc16_step$func$/chipinventor/OpenLane/designs/spm/src/hdl.v:407$226.$result' from process `\crc_unit.$proc$/chipinventor/OpenLane/designs/spm/src/hdl.v:0$415'.
No latch inferred for signal `\crc_unit.\crc16_step$func$/chipinventor/OpenLane/designs/spm/src/hdl.v:407$226.crc_in' from process `\crc_unit.$proc$/chipinventor/OpenLane/designs/spm/src/hdl.v:0$415'.
No latch inferred for signal `\crc_unit.\crc16_step$func$/chipinventor/OpenLane/designs/spm/src/hdl.v:407$226.data_bit' from process `\crc_unit.$proc$/chipinventor/OpenLane/designs/spm/src/hdl.v:0$415'.
No latch inferred for signal `\crc_unit.\crc16_step$func$/chipinventor/OpenLane/designs/spm/src/hdl.v:407$226.fb' from process `\crc_unit.$proc$/chipinventor/OpenLane/designs/spm/src/hdl.v:0$415'.
No latch inferred for signal `\crc_unit.\crc16_step$func$/chipinventor/OpenLane/designs/spm/src/hdl.v:407$227.$result' from process `\crc_unit.$proc$/chipinventor/OpenLane/designs/spm/src/hdl.v:0$415'.
No latch inferred for signal `\crc_unit.\crc16_step$func$/chipinventor/OpenLane/designs/spm/src/hdl.v:407$227.crc_in' from process `\crc_unit.$proc$/chipinventor/OpenLane/designs/spm/src/hdl.v:0$415'.
No latch inferred for signal `\crc_unit.\crc16_step$func$/chipinventor/OpenLane/designs/spm/src/hdl.v:407$227.data_bit' from process `\crc_unit.$proc$/chipinventor/OpenLane/designs/spm/src/hdl.v:0$415'.
No latch inferred for signal `\crc_unit.\crc16_step$func$/chipinventor/OpenLane/designs/spm/src/hdl.v:407$227.fb' from process `\crc_unit.$proc$/chipinventor/OpenLane/designs/spm/src/hdl.v:0$415'.
No latch inferred for signal `\crc_unit.\crc16_step$func$/chipinventor/OpenLane/designs/spm/src/hdl.v:407$228.$result' from process `\crc_unit.$proc$/chipinventor/OpenLane/designs/spm/src/hdl.v:0$415'.
No latch inferred for signal `\crc_unit.\crc16_step$func$/chipinventor/OpenLane/designs/spm/src/hdl.v:407$228.crc_in' from process `\crc_unit.$proc$/chipinventor/OpenLane/designs/spm/src/hdl.v:0$415'.
No latch inferred for signal `\crc_unit.\crc16_step$func$/chipinventor/OpenLane/designs/spm/src/hdl.v:407$228.data_bit' from process `\crc_unit.$proc$/chipinventor/OpenLane/designs/spm/src/hdl.v:0$415'.
No latch inferred for signal `\crc_unit.\crc16_step$func$/chipinventor/OpenLane/designs/spm/src/hdl.v:407$228.fb' from process `\crc_unit.$proc$/chipinventor/OpenLane/designs/spm/src/hdl.v:0$415'.
No latch inferred for signal `\crc_unit.\crc16_step$func$/chipinventor/OpenLane/designs/spm/src/hdl.v:407$229.$result' from process `\crc_unit.$proc$/chipinventor/OpenLane/designs/spm/src/hdl.v:0$415'.
No latch inferred for signal `\crc_unit.\crc16_step$func$/chipinventor/OpenLane/designs/spm/src/hdl.v:407$229.crc_in' from process `\crc_unit.$proc$/chipinventor/OpenLane/designs/spm/src/hdl.v:0$415'.
No latch inferred for signal `\crc_unit.\crc16_step$func$/chipinventor/OpenLane/designs/spm/src/hdl.v:407$229.data_bit' from process `\crc_unit.$proc$/chipinventor/OpenLane/designs/spm/src/hdl.v:0$415'.
No latch inferred for signal `\crc_unit.\crc16_step$func$/chipinventor/OpenLane/designs/spm/src/hdl.v:407$229.fb' from process `\crc_unit.$proc$/chipinventor/OpenLane/designs/spm/src/hdl.v:0$415'.
No latch inferred for signal `\crc_unit.\crc16_step$func$/chipinventor/OpenLane/designs/spm/src/hdl.v:407$230.$result' from process `\crc_unit.$proc$/chipinventor/OpenLane/designs/spm/src/hdl.v:0$415'.
No latch inferred for signal `\crc_unit.\crc16_step$func$/chipinventor/OpenLane/designs/spm/src/hdl.v:407$230.crc_in' from process `\crc_unit.$proc$/chipinventor/OpenLane/designs/spm/src/hdl.v:0$415'.
No latch inferred for signal `\crc_unit.\crc16_step$func$/chipinventor/OpenLane/designs/spm/src/hdl.v:407$230.data_bit' from process `\crc_unit.$proc$/chipinventor/OpenLane/designs/spm/src/hdl.v:0$415'.
No latch inferred for signal `\crc_unit.\crc16_step$func$/chipinventor/OpenLane/designs/spm/src/hdl.v:407$230.fb' from process `\crc_unit.$proc$/chipinventor/OpenLane/designs/spm/src/hdl.v:0$415'.
No latch inferred for signal `\crc_unit.\crc16_step$func$/chipinventor/OpenLane/designs/spm/src/hdl.v:407$231.$result' from process `\crc_unit.$proc$/chipinventor/OpenLane/designs/spm/src/hdl.v:0$415'.
No latch inferred for signal `\crc_unit.\crc16_step$func$/chipinventor/OpenLane/designs/spm/src/hdl.v:407$231.crc_in' from process `\crc_unit.$proc$/chipinventor/OpenLane/designs/spm/src/hdl.v:0$415'.
No latch inferred for signal `\crc_unit.\crc16_step$func$/chipinventor/OpenLane/designs/spm/src/hdl.v:407$231.data_bit' from process `\crc_unit.$proc$/chipinventor/OpenLane/designs/spm/src/hdl.v:0$415'.
No latch inferred for signal `\crc_unit.\crc16_step$func$/chipinventor/OpenLane/designs/spm/src/hdl.v:407$231.fb' from process `\crc_unit.$proc$/chipinventor/OpenLane/designs/spm/src/hdl.v:0$415'.
No latch inferred for signal `\crc_unit.\crc16_h$func$/chipinventor/OpenLane/designs/spm/src/hdl.v:414$171.$result' from process `\crc_unit.$proc$/chipinventor/OpenLane/designs/spm/src/hdl.v:0$296'.
No latch inferred for signal `\crc_unit.\crc16_h$func$/chipinventor/OpenLane/designs/spm/src/hdl.v:414$182.$result' from process `\crc_unit.$proc$/chipinventor/OpenLane/designs/spm/src/hdl.v:0$296'.
No latch inferred for signal `\crc_unit.\crc16_h$func$/chipinventor/OpenLane/designs/spm/src/hdl.v:414$182.seed' from process `\crc_unit.$proc$/chipinventor/OpenLane/designs/spm/src/hdl.v:0$296'.
No latch inferred for signal `\crc_unit.\crc16_h$func$/chipinventor/OpenLane/designs/spm/src/hdl.v:414$182.data' from process `\crc_unit.$proc$/chipinventor/OpenLane/designs/spm/src/hdl.v:0$296'.
No latch inferred for signal `\crc_unit.\crc16_h$func$/chipinventor/OpenLane/designs/spm/src/hdl.v:414$182.i' from process `\crc_unit.$proc$/chipinventor/OpenLane/designs/spm/src/hdl.v:0$296'.
No latch inferred for signal `\crc_unit.\crc16_h$func$/chipinventor/OpenLane/designs/spm/src/hdl.v:414$182.c' from process `\crc_unit.$proc$/chipinventor/OpenLane/designs/spm/src/hdl.v:0$296'.
No latch inferred for signal `\crc_unit.\crc16_step$func$/chipinventor/OpenLane/designs/spm/src/hdl.v:394$183.$result' from process `\crc_unit.$proc$/chipinventor/OpenLane/designs/spm/src/hdl.v:0$296'.
No latch inferred for signal `\crc_unit.\crc16_step$func$/chipinventor/OpenLane/designs/spm/src/hdl.v:394$183.crc_in' from process `\crc_unit.$proc$/chipinventor/OpenLane/designs/spm/src/hdl.v:0$296'.
No latch inferred for signal `\crc_unit.\crc16_step$func$/chipinventor/OpenLane/designs/spm/src/hdl.v:394$183.data_bit' from process `\crc_unit.$proc$/chipinventor/OpenLane/designs/spm/src/hdl.v:0$296'.
No latch inferred for signal `\crc_unit.\crc16_step$func$/chipinventor/OpenLane/designs/spm/src/hdl.v:394$183.fb' from process `\crc_unit.$proc$/chipinventor/OpenLane/designs/spm/src/hdl.v:0$296'.
No latch inferred for signal `\crc_unit.\crc16_step$func$/chipinventor/OpenLane/designs/spm/src/hdl.v:394$184.$result' from process `\crc_unit.$proc$/chipinventor/OpenLane/designs/spm/src/hdl.v:0$296'.
No latch inferred for signal `\crc_unit.\crc16_step$func$/chipinventor/OpenLane/designs/spm/src/hdl.v:394$184.crc_in' from process `\crc_unit.$proc$/chipinventor/OpenLane/designs/spm/src/hdl.v:0$296'.
No latch inferred for signal `\crc_unit.\crc16_step$func$/chipinventor/OpenLane/designs/spm/src/hdl.v:394$184.data_bit' from process `\crc_unit.$proc$/chipinventor/OpenLane/designs/spm/src/hdl.v:0$296'.
No latch inferred for signal `\crc_unit.\crc16_step$func$/chipinventor/OpenLane/designs/spm/src/hdl.v:394$184.fb' from process `\crc_unit.$proc$/chipinventor/OpenLane/designs/spm/src/hdl.v:0$296'.
No latch inferred for signal `\crc_unit.\crc16_step$func$/chipinventor/OpenLane/designs/spm/src/hdl.v:394$185.$result' from process `\crc_unit.$proc$/chipinventor/OpenLane/designs/spm/src/hdl.v:0$296'.
No latch inferred for signal `\crc_unit.\crc16_step$func$/chipinventor/OpenLane/designs/spm/src/hdl.v:394$185.crc_in' from process `\crc_unit.$proc$/chipinventor/OpenLane/designs/spm/src/hdl.v:0$296'.
No latch inferred for signal `\crc_unit.\crc16_step$func$/chipinventor/OpenLane/designs/spm/src/hdl.v:394$185.data_bit' from process `\crc_unit.$proc$/chipinventor/OpenLane/designs/spm/src/hdl.v:0$296'.
No latch inferred for signal `\crc_unit.\crc16_step$func$/chipinventor/OpenLane/designs/spm/src/hdl.v:394$185.fb' from process `\crc_unit.$proc$/chipinventor/OpenLane/designs/spm/src/hdl.v:0$296'.
No latch inferred for signal `\crc_unit.\crc16_step$func$/chipinventor/OpenLane/designs/spm/src/hdl.v:394$186.$result' from process `\crc_unit.$proc$/chipinventor/OpenLane/designs/spm/src/hdl.v:0$296'.
No latch inferred for signal `\crc_unit.\crc16_step$func$/chipinventor/OpenLane/designs/spm/src/hdl.v:394$186.crc_in' from process `\crc_unit.$proc$/chipinventor/OpenLane/designs/spm/src/hdl.v:0$296'.
No latch inferred for signal `\crc_unit.\crc16_step$func$/chipinventor/OpenLane/designs/spm/src/hdl.v:394$186.data_bit' from process `\crc_unit.$proc$/chipinventor/OpenLane/designs/spm/src/hdl.v:0$296'.
No latch inferred for signal `\crc_unit.\crc16_step$func$/chipinventor/OpenLane/designs/spm/src/hdl.v:394$186.fb' from process `\crc_unit.$proc$/chipinventor/OpenLane/designs/spm/src/hdl.v:0$296'.
No latch inferred for signal `\crc_unit.\crc16_step$func$/chipinventor/OpenLane/designs/spm/src/hdl.v:394$187.$result' from process `\crc_unit.$proc$/chipinventor/OpenLane/designs/spm/src/hdl.v:0$296'.
No latch inferred for signal `\crc_unit.\crc16_step$func$/chipinventor/OpenLane/designs/spm/src/hdl.v:394$187.crc_in' from process `\crc_unit.$proc$/chipinventor/OpenLane/designs/spm/src/hdl.v:0$296'.
No latch inferred for signal `\crc_unit.\crc16_step$func$/chipinventor/OpenLane/designs/spm/src/hdl.v:394$187.data_bit' from process `\crc_unit.$proc$/chipinventor/OpenLane/designs/spm/src/hdl.v:0$296'.
No latch inferred for signal `\crc_unit.\crc16_step$func$/chipinventor/OpenLane/designs/spm/src/hdl.v:394$187.fb' from process `\crc_unit.$proc$/chipinventor/OpenLane/designs/spm/src/hdl.v:0$296'.
No latch inferred for signal `\crc_unit.\crc16_step$func$/chipinventor/OpenLane/designs/spm/src/hdl.v:394$188.$result' from process `\crc_unit.$proc$/chipinventor/OpenLane/designs/spm/src/hdl.v:0$296'.
No latch inferred for signal `\crc_unit.\crc16_step$func$/chipinventor/OpenLane/designs/spm/src/hdl.v:394$188.crc_in' from process `\crc_unit.$proc$/chipinventor/OpenLane/designs/spm/src/hdl.v:0$296'.
No latch inferred for signal `\crc_unit.\crc16_step$func$/chipinventor/OpenLane/designs/spm/src/hdl.v:394$188.data_bit' from process `\crc_unit.$proc$/chipinventor/OpenLane/designs/spm/src/hdl.v:0$296'.
No latch inferred for signal `\crc_unit.\crc16_step$func$/chipinventor/OpenLane/designs/spm/src/hdl.v:394$188.fb' from process `\crc_unit.$proc$/chipinventor/OpenLane/designs/spm/src/hdl.v:0$296'.
No latch inferred for signal `\crc_unit.\crc16_step$func$/chipinventor/OpenLane/designs/spm/src/hdl.v:394$189.$result' from process `\crc_unit.$proc$/chipinventor/OpenLane/designs/spm/src/hdl.v:0$296'.
No latch inferred for signal `\crc_unit.\crc16_step$func$/chipinventor/OpenLane/designs/spm/src/hdl.v:394$189.crc_in' from process `\crc_unit.$proc$/chipinventor/OpenLane/designs/spm/src/hdl.v:0$296'.
No latch inferred for signal `\crc_unit.\crc16_step$func$/chipinventor/OpenLane/designs/spm/src/hdl.v:394$189.data_bit' from process `\crc_unit.$proc$/chipinventor/OpenLane/designs/spm/src/hdl.v:0$296'.
No latch inferred for signal `\crc_unit.\crc16_step$func$/chipinventor/OpenLane/designs/spm/src/hdl.v:394$189.fb' from process `\crc_unit.$proc$/chipinventor/OpenLane/designs/spm/src/hdl.v:0$296'.
No latch inferred for signal `\crc_unit.\crc16_step$func$/chipinventor/OpenLane/designs/spm/src/hdl.v:394$190.$result' from process `\crc_unit.$proc$/chipinventor/OpenLane/designs/spm/src/hdl.v:0$296'.
No latch inferred for signal `\crc_unit.\crc16_step$func$/chipinventor/OpenLane/designs/spm/src/hdl.v:394$190.crc_in' from process `\crc_unit.$proc$/chipinventor/OpenLane/designs/spm/src/hdl.v:0$296'.
No latch inferred for signal `\crc_unit.\crc16_step$func$/chipinventor/OpenLane/designs/spm/src/hdl.v:394$190.data_bit' from process `\crc_unit.$proc$/chipinventor/OpenLane/designs/spm/src/hdl.v:0$296'.
No latch inferred for signal `\crc_unit.\crc16_step$func$/chipinventor/OpenLane/designs/spm/src/hdl.v:394$190.fb' from process `\crc_unit.$proc$/chipinventor/OpenLane/designs/spm/src/hdl.v:0$296'.
No latch inferred for signal `\crc_unit.\crc16_step$func$/chipinventor/OpenLane/designs/spm/src/hdl.v:394$191.$result' from process `\crc_unit.$proc$/chipinventor/OpenLane/designs/spm/src/hdl.v:0$296'.
No latch inferred for signal `\crc_unit.\crc16_step$func$/chipinventor/OpenLane/designs/spm/src/hdl.v:394$191.crc_in' from process `\crc_unit.$proc$/chipinventor/OpenLane/designs/spm/src/hdl.v:0$296'.
No latch inferred for signal `\crc_unit.\crc16_step$func$/chipinventor/OpenLane/designs/spm/src/hdl.v:394$191.data_bit' from process `\crc_unit.$proc$/chipinventor/OpenLane/designs/spm/src/hdl.v:0$296'.
No latch inferred for signal `\crc_unit.\crc16_step$func$/chipinventor/OpenLane/designs/spm/src/hdl.v:394$191.fb' from process `\crc_unit.$proc$/chipinventor/OpenLane/designs/spm/src/hdl.v:0$296'.
No latch inferred for signal `\crc_unit.\crc16_step$func$/chipinventor/OpenLane/designs/spm/src/hdl.v:394$192.$result' from process `\crc_unit.$proc$/chipinventor/OpenLane/designs/spm/src/hdl.v:0$296'.
No latch inferred for signal `\crc_unit.\crc16_step$func$/chipinventor/OpenLane/designs/spm/src/hdl.v:394$192.crc_in' from process `\crc_unit.$proc$/chipinventor/OpenLane/designs/spm/src/hdl.v:0$296'.
No latch inferred for signal `\crc_unit.\crc16_step$func$/chipinventor/OpenLane/designs/spm/src/hdl.v:394$192.data_bit' from process `\crc_unit.$proc$/chipinventor/OpenLane/designs/spm/src/hdl.v:0$296'.
No latch inferred for signal `\crc_unit.\crc16_step$func$/chipinventor/OpenLane/designs/spm/src/hdl.v:394$192.fb' from process `\crc_unit.$proc$/chipinventor/OpenLane/designs/spm/src/hdl.v:0$296'.
No latch inferred for signal `\crc_unit.\crc16_step$func$/chipinventor/OpenLane/designs/spm/src/hdl.v:394$193.$result' from process `\crc_unit.$proc$/chipinventor/OpenLane/designs/spm/src/hdl.v:0$296'.
No latch inferred for signal `\crc_unit.\crc16_step$func$/chipinventor/OpenLane/designs/spm/src/hdl.v:394$193.crc_in' from process `\crc_unit.$proc$/chipinventor/OpenLane/designs/spm/src/hdl.v:0$296'.
No latch inferred for signal `\crc_unit.\crc16_step$func$/chipinventor/OpenLane/designs/spm/src/hdl.v:394$193.data_bit' from process `\crc_unit.$proc$/chipinventor/OpenLane/designs/spm/src/hdl.v:0$296'.
No latch inferred for signal `\crc_unit.\crc16_step$func$/chipinventor/OpenLane/designs/spm/src/hdl.v:394$193.fb' from process `\crc_unit.$proc$/chipinventor/OpenLane/designs/spm/src/hdl.v:0$296'.
No latch inferred for signal `\crc_unit.\crc16_step$func$/chipinventor/OpenLane/designs/spm/src/hdl.v:394$194.$result' from process `\crc_unit.$proc$/chipinventor/OpenLane/designs/spm/src/hdl.v:0$296'.
No latch inferred for signal `\crc_unit.\crc16_step$func$/chipinventor/OpenLane/designs/spm/src/hdl.v:394$194.crc_in' from process `\crc_unit.$proc$/chipinventor/OpenLane/designs/spm/src/hdl.v:0$296'.
No latch inferred for signal `\crc_unit.\crc16_step$func$/chipinventor/OpenLane/designs/spm/src/hdl.v:394$194.data_bit' from process `\crc_unit.$proc$/chipinventor/OpenLane/designs/spm/src/hdl.v:0$296'.
No latch inferred for signal `\crc_unit.\crc16_step$func$/chipinventor/OpenLane/designs/spm/src/hdl.v:394$194.fb' from process `\crc_unit.$proc$/chipinventor/OpenLane/designs/spm/src/hdl.v:0$296'.
No latch inferred for signal `\crc_unit.\crc16_step$func$/chipinventor/OpenLane/designs/spm/src/hdl.v:394$195.$result' from process `\crc_unit.$proc$/chipinventor/OpenLane/designs/spm/src/hdl.v:0$296'.
No latch inferred for signal `\crc_unit.\crc16_step$func$/chipinventor/OpenLane/designs/spm/src/hdl.v:394$195.crc_in' from process `\crc_unit.$proc$/chipinventor/OpenLane/designs/spm/src/hdl.v:0$296'.
No latch inferred for signal `\crc_unit.\crc16_step$func$/chipinventor/OpenLane/designs/spm/src/hdl.v:394$195.data_bit' from process `\crc_unit.$proc$/chipinventor/OpenLane/designs/spm/src/hdl.v:0$296'.
No latch inferred for signal `\crc_unit.\crc16_step$func$/chipinventor/OpenLane/designs/spm/src/hdl.v:394$195.fb' from process `\crc_unit.$proc$/chipinventor/OpenLane/designs/spm/src/hdl.v:0$296'.
No latch inferred for signal `\crc_unit.\crc16_step$func$/chipinventor/OpenLane/designs/spm/src/hdl.v:394$196.$result' from process `\crc_unit.$proc$/chipinventor/OpenLane/designs/spm/src/hdl.v:0$296'.
No latch inferred for signal `\crc_unit.\crc16_step$func$/chipinventor/OpenLane/designs/spm/src/hdl.v:394$196.crc_in' from process `\crc_unit.$proc$/chipinventor/OpenLane/designs/spm/src/hdl.v:0$296'.
No latch inferred for signal `\crc_unit.\crc16_step$func$/chipinventor/OpenLane/designs/spm/src/hdl.v:394$196.data_bit' from process `\crc_unit.$proc$/chipinventor/OpenLane/designs/spm/src/hdl.v:0$296'.
No latch inferred for signal `\crc_unit.\crc16_step$func$/chipinventor/OpenLane/designs/spm/src/hdl.v:394$196.fb' from process `\crc_unit.$proc$/chipinventor/OpenLane/designs/spm/src/hdl.v:0$296'.
No latch inferred for signal `\crc_unit.\crc16_step$func$/chipinventor/OpenLane/designs/spm/src/hdl.v:394$197.$result' from process `\crc_unit.$proc$/chipinventor/OpenLane/designs/spm/src/hdl.v:0$296'.
No latch inferred for signal `\crc_unit.\crc16_step$func$/chipinventor/OpenLane/designs/spm/src/hdl.v:394$197.crc_in' from process `\crc_unit.$proc$/chipinventor/OpenLane/designs/spm/src/hdl.v:0$296'.
No latch inferred for signal `\crc_unit.\crc16_step$func$/chipinventor/OpenLane/designs/spm/src/hdl.v:394$197.data_bit' from process `\crc_unit.$proc$/chipinventor/OpenLane/designs/spm/src/hdl.v:0$296'.
No latch inferred for signal `\crc_unit.\crc16_step$func$/chipinventor/OpenLane/designs/spm/src/hdl.v:394$197.fb' from process `\crc_unit.$proc$/chipinventor/OpenLane/designs/spm/src/hdl.v:0$296'.
No latch inferred for signal `\crc_unit.\crc16_step$func$/chipinventor/OpenLane/designs/spm/src/hdl.v:394$198.$result' from process `\crc_unit.$proc$/chipinventor/OpenLane/designs/spm/src/hdl.v:0$296'.
No latch inferred for signal `\crc_unit.\crc16_step$func$/chipinventor/OpenLane/designs/spm/src/hdl.v:394$198.crc_in' from process `\crc_unit.$proc$/chipinventor/OpenLane/designs/spm/src/hdl.v:0$296'.
No latch inferred for signal `\crc_unit.\crc16_step$func$/chipinventor/OpenLane/designs/spm/src/hdl.v:394$198.data_bit' from process `\crc_unit.$proc$/chipinventor/OpenLane/designs/spm/src/hdl.v:0$296'.
No latch inferred for signal `\crc_unit.\crc16_step$func$/chipinventor/OpenLane/designs/spm/src/hdl.v:394$198.fb' from process `\crc_unit.$proc$/chipinventor/OpenLane/designs/spm/src/hdl.v:0$296'.
No latch inferred for signal `\crc_unit.\crc16_b$func$/chipinventor/OpenLane/designs/spm/src/hdl.v:413$170.$result' from process `\crc_unit.$proc$/chipinventor/OpenLane/designs/spm/src/hdl.v:0$233'.
No latch inferred for signal `\crc_unit.\crc16_b$func$/chipinventor/OpenLane/designs/spm/src/hdl.v:413$173.$result' from process `\crc_unit.$proc$/chipinventor/OpenLane/designs/spm/src/hdl.v:0$233'.
No latch inferred for signal `\crc_unit.\crc16_b$func$/chipinventor/OpenLane/designs/spm/src/hdl.v:413$173.seed' from process `\crc_unit.$proc$/chipinventor/OpenLane/designs/spm/src/hdl.v:0$233'.
No latch inferred for signal `\crc_unit.\crc16_b$func$/chipinventor/OpenLane/designs/spm/src/hdl.v:413$173.data' from process `\crc_unit.$proc$/chipinventor/OpenLane/designs/spm/src/hdl.v:0$233'.
No latch inferred for signal `\crc_unit.\crc16_b$func$/chipinventor/OpenLane/designs/spm/src/hdl.v:413$173.i' from process `\crc_unit.$proc$/chipinventor/OpenLane/designs/spm/src/hdl.v:0$233'.
No latch inferred for signal `\crc_unit.\crc16_b$func$/chipinventor/OpenLane/designs/spm/src/hdl.v:413$173.c' from process `\crc_unit.$proc$/chipinventor/OpenLane/designs/spm/src/hdl.v:0$233'.
No latch inferred for signal `\crc_unit.\crc16_step$func$/chipinventor/OpenLane/designs/spm/src/hdl.v:381$174.$result' from process `\crc_unit.$proc$/chipinventor/OpenLane/designs/spm/src/hdl.v:0$233'.
No latch inferred for signal `\crc_unit.\crc16_step$func$/chipinventor/OpenLane/designs/spm/src/hdl.v:381$174.crc_in' from process `\crc_unit.$proc$/chipinventor/OpenLane/designs/spm/src/hdl.v:0$233'.
No latch inferred for signal `\crc_unit.\crc16_step$func$/chipinventor/OpenLane/designs/spm/src/hdl.v:381$174.data_bit' from process `\crc_unit.$proc$/chipinventor/OpenLane/designs/spm/src/hdl.v:0$233'.
No latch inferred for signal `\crc_unit.\crc16_step$func$/chipinventor/OpenLane/designs/spm/src/hdl.v:381$174.fb' from process `\crc_unit.$proc$/chipinventor/OpenLane/designs/spm/src/hdl.v:0$233'.
No latch inferred for signal `\crc_unit.\crc16_step$func$/chipinventor/OpenLane/designs/spm/src/hdl.v:381$175.$result' from process `\crc_unit.$proc$/chipinventor/OpenLane/designs/spm/src/hdl.v:0$233'.
No latch inferred for signal `\crc_unit.\crc16_step$func$/chipinventor/OpenLane/designs/spm/src/hdl.v:381$175.crc_in' from process `\crc_unit.$proc$/chipinventor/OpenLane/designs/spm/src/hdl.v:0$233'.
No latch inferred for signal `\crc_unit.\crc16_step$func$/chipinventor/OpenLane/designs/spm/src/hdl.v:381$175.data_bit' from process `\crc_unit.$proc$/chipinventor/OpenLane/designs/spm/src/hdl.v:0$233'.
No latch inferred for signal `\crc_unit.\crc16_step$func$/chipinventor/OpenLane/designs/spm/src/hdl.v:381$175.fb' from process `\crc_unit.$proc$/chipinventor/OpenLane/designs/spm/src/hdl.v:0$233'.
No latch inferred for signal `\crc_unit.\crc16_step$func$/chipinventor/OpenLane/designs/spm/src/hdl.v:381$176.$result' from process `\crc_unit.$proc$/chipinventor/OpenLane/designs/spm/src/hdl.v:0$233'.
No latch inferred for signal `\crc_unit.\crc16_step$func$/chipinventor/OpenLane/designs/spm/src/hdl.v:381$176.crc_in' from process `\crc_unit.$proc$/chipinventor/OpenLane/designs/spm/src/hdl.v:0$233'.
No latch inferred for signal `\crc_unit.\crc16_step$func$/chipinventor/OpenLane/designs/spm/src/hdl.v:381$176.data_bit' from process `\crc_unit.$proc$/chipinventor/OpenLane/designs/spm/src/hdl.v:0$233'.
No latch inferred for signal `\crc_unit.\crc16_step$func$/chipinventor/OpenLane/designs/spm/src/hdl.v:381$176.fb' from process `\crc_unit.$proc$/chipinventor/OpenLane/designs/spm/src/hdl.v:0$233'.
No latch inferred for signal `\crc_unit.\crc16_step$func$/chipinventor/OpenLane/designs/spm/src/hdl.v:381$177.$result' from process `\crc_unit.$proc$/chipinventor/OpenLane/designs/spm/src/hdl.v:0$233'.
No latch inferred for signal `\crc_unit.\crc16_step$func$/chipinventor/OpenLane/designs/spm/src/hdl.v:381$177.crc_in' from process `\crc_unit.$proc$/chipinventor/OpenLane/designs/spm/src/hdl.v:0$233'.
No latch inferred for signal `\crc_unit.\crc16_step$func$/chipinventor/OpenLane/designs/spm/src/hdl.v:381$177.data_bit' from process `\crc_unit.$proc$/chipinventor/OpenLane/designs/spm/src/hdl.v:0$233'.
No latch inferred for signal `\crc_unit.\crc16_step$func$/chipinventor/OpenLane/designs/spm/src/hdl.v:381$177.fb' from process `\crc_unit.$proc$/chipinventor/OpenLane/designs/spm/src/hdl.v:0$233'.
No latch inferred for signal `\crc_unit.\crc16_step$func$/chipinventor/OpenLane/designs/spm/src/hdl.v:381$178.$result' from process `\crc_unit.$proc$/chipinventor/OpenLane/designs/spm/src/hdl.v:0$233'.
No latch inferred for signal `\crc_unit.\crc16_step$func$/chipinventor/OpenLane/designs/spm/src/hdl.v:381$178.crc_in' from process `\crc_unit.$proc$/chipinventor/OpenLane/designs/spm/src/hdl.v:0$233'.
No latch inferred for signal `\crc_unit.\crc16_step$func$/chipinventor/OpenLane/designs/spm/src/hdl.v:381$178.data_bit' from process `\crc_unit.$proc$/chipinventor/OpenLane/designs/spm/src/hdl.v:0$233'.
No latch inferred for signal `\crc_unit.\crc16_step$func$/chipinventor/OpenLane/designs/spm/src/hdl.v:381$178.fb' from process `\crc_unit.$proc$/chipinventor/OpenLane/designs/spm/src/hdl.v:0$233'.
No latch inferred for signal `\crc_unit.\crc16_step$func$/chipinventor/OpenLane/designs/spm/src/hdl.v:381$179.$result' from process `\crc_unit.$proc$/chipinventor/OpenLane/designs/spm/src/hdl.v:0$233'.
No latch inferred for signal `\crc_unit.\crc16_step$func$/chipinventor/OpenLane/designs/spm/src/hdl.v:381$179.crc_in' from process `\crc_unit.$proc$/chipinventor/OpenLane/designs/spm/src/hdl.v:0$233'.
No latch inferred for signal `\crc_unit.\crc16_step$func$/chipinventor/OpenLane/designs/spm/src/hdl.v:381$179.data_bit' from process `\crc_unit.$proc$/chipinventor/OpenLane/designs/spm/src/hdl.v:0$233'.
No latch inferred for signal `\crc_unit.\crc16_step$func$/chipinventor/OpenLane/designs/spm/src/hdl.v:381$179.fb' from process `\crc_unit.$proc$/chipinventor/OpenLane/designs/spm/src/hdl.v:0$233'.
No latch inferred for signal `\crc_unit.\crc16_step$func$/chipinventor/OpenLane/designs/spm/src/hdl.v:381$180.$result' from process `\crc_unit.$proc$/chipinventor/OpenLane/designs/spm/src/hdl.v:0$233'.
No latch inferred for signal `\crc_unit.\crc16_step$func$/chipinventor/OpenLane/designs/spm/src/hdl.v:381$180.crc_in' from process `\crc_unit.$proc$/chipinventor/OpenLane/designs/spm/src/hdl.v:0$233'.
No latch inferred for signal `\crc_unit.\crc16_step$func$/chipinventor/OpenLane/designs/spm/src/hdl.v:381$180.data_bit' from process `\crc_unit.$proc$/chipinventor/OpenLane/designs/spm/src/hdl.v:0$233'.
No latch inferred for signal `\crc_unit.\crc16_step$func$/chipinventor/OpenLane/designs/spm/src/hdl.v:381$180.fb' from process `\crc_unit.$proc$/chipinventor/OpenLane/designs/spm/src/hdl.v:0$233'.
No latch inferred for signal `\crc_unit.\crc16_step$func$/chipinventor/OpenLane/designs/spm/src/hdl.v:381$181.$result' from process `\crc_unit.$proc$/chipinventor/OpenLane/designs/spm/src/hdl.v:0$233'.
No latch inferred for signal `\crc_unit.\crc16_step$func$/chipinventor/OpenLane/designs/spm/src/hdl.v:381$181.crc_in' from process `\crc_unit.$proc$/chipinventor/OpenLane/designs/spm/src/hdl.v:0$233'.
No latch inferred for signal `\crc_unit.\crc16_step$func$/chipinventor/OpenLane/designs/spm/src/hdl.v:381$181.data_bit' from process `\crc_unit.$proc$/chipinventor/OpenLane/designs/spm/src/hdl.v:0$233'.
No latch inferred for signal `\crc_unit.\crc16_step$func$/chipinventor/OpenLane/designs/spm/src/hdl.v:381$181.fb' from process `\crc_unit.$proc$/chipinventor/OpenLane/designs/spm/src/hdl.v:0$233'.
No latch inferred for signal `\crc_unit.\result' from process `\crc_unit.$proc$/chipinventor/OpenLane/designs/spm/src/hdl.v:418$232'.
No latch inferred for signal `\lsu.\core_data_i' from process `\lsu.$proc$/chipinventor/OpenLane/designs/spm/src/hdl.v:690$161'.
No latch inferred for signal `\lsu.\byte_write_o' from process `\lsu.$proc$/chipinventor/OpenLane/designs/spm/src/hdl.v:660$159'.
No latch inferred for signal `\lsu.\store_data_o' from process `\lsu.$proc$/chipinventor/OpenLane/designs/spm/src/hdl.v:660$159'.
No latch inferred for signal `\wb_mux_32.\wb_data' from process `\wb_mux_32.$proc$/chipinventor/OpenLane/designs/spm/src/hdl.v:894$158'.
No latch inferred for signal `\control_unit.\next_state' from process `\control_unit.$proc$/chipinventor/OpenLane/designs/spm/src/hdl.v:282$118'.
No latch inferred for signal `\control_unit.\wb_src_sel' from process `\control_unit.$proc$/chipinventor/OpenLane/designs/spm/src/hdl.v:265$112'.
No latch inferred for signal `\control_unit.\alu_op' from process `\control_unit.$proc$/chipinventor/OpenLane/designs/spm/src/hdl.v:225$95'.
No latch inferred for signal `\imem.\data_o' from process `\imem.$proc$/chipinventor/OpenLane/designs/spm/src/hdl.v:526$5'.

16. Executing PROC_DFF pass (convert process syncs to FFs).
Creating register for signal `$paramod\dmem\DMEM_WORDS=s32'00000000000000000000000000001000.\data_r' using process `$paramod\dmem\DMEM_WORDS=s32'00000000000000000000000000001000.$proc$/chipinventor/OpenLane/designs/spm/src/hdl.v:478$797'.
  created $dff cell `$procdff$1371' with positive edge clock.
Creating register for signal `$paramod\dmem\DMEM_WORDS=s32'00000000000000000000000000001000.$memwr$\mem$/chipinventor/OpenLane/designs/spm/src/hdl.v:480$792_ADDR' using process `$paramod\dmem\DMEM_WORDS=s32'00000000000000000000000000001000.$proc$/chipinventor/OpenLane/designs/spm/src/hdl.v:478$797'.
  created $dff cell `$procdff$1372' with positive edge clock.
Creating register for signal `$paramod\dmem\DMEM_WORDS=s32'00000000000000000000000000001000.$memwr$\mem$/chipinventor/OpenLane/designs/spm/src/hdl.v:480$792_DATA' using process `$paramod\dmem\DMEM_WORDS=s32'00000000000000000000000000001000.$proc$/chipinventor/OpenLane/designs/spm/src/hdl.v:478$797'.
  created $dff cell `$procdff$1373' with positive edge clock.
Creating register for signal `$paramod\dmem\DMEM_WORDS=s32'00000000000000000000000000001000.$memwr$\mem$/chipinventor/OpenLane/designs/spm/src/hdl.v:480$792_EN' using process `$paramod\dmem\DMEM_WORDS=s32'00000000000000000000000000001000.$proc$/chipinventor/OpenLane/designs/spm/src/hdl.v:478$797'.
  created $dff cell `$procdff$1374' with positive edge clock.
Creating register for signal `$paramod\dmem\DMEM_WORDS=s32'00000000000000000000000000001000.$memwr$\mem$/chipinventor/OpenLane/designs/spm/src/hdl.v:481$793_ADDR' using process `$paramod\dmem\DMEM_WORDS=s32'00000000000000000000000000001000.$proc$/chipinventor/OpenLane/designs/spm/src/hdl.v:478$797'.
  created $dff cell `$procdff$1375' with positive edge clock.
Creating register for signal `$paramod\dmem\DMEM_WORDS=s32'00000000000000000000000000001000.$memwr$\mem$/chipinventor/OpenLane/designs/spm/src/hdl.v:481$793_DATA' using process `$paramod\dmem\DMEM_WORDS=s32'00000000000000000000000000001000.$proc$/chipinventor/OpenLane/designs/spm/src/hdl.v:478$797'.
  created $dff cell `$procdff$1376' with positive edge clock.
Creating register for signal `$paramod\dmem\DMEM_WORDS=s32'00000000000000000000000000001000.$memwr$\mem$/chipinventor/OpenLane/designs/spm/src/hdl.v:481$793_EN' using process `$paramod\dmem\DMEM_WORDS=s32'00000000000000000000000000001000.$proc$/chipinventor/OpenLane/designs/spm/src/hdl.v:478$797'.
  created $dff cell `$procdff$1377' with positive edge clock.
Creating register for signal `$paramod\dmem\DMEM_WORDS=s32'00000000000000000000000000001000.$memwr$\mem$/chipinventor/OpenLane/designs/spm/src/hdl.v:482$794_ADDR' using process `$paramod\dmem\DMEM_WORDS=s32'00000000000000000000000000001000.$proc$/chipinventor/OpenLane/designs/spm/src/hdl.v:478$797'.
  created $dff cell `$procdff$1378' with positive edge clock.
Creating register for signal `$paramod\dmem\DMEM_WORDS=s32'00000000000000000000000000001000.$memwr$\mem$/chipinventor/OpenLane/designs/spm/src/hdl.v:482$794_DATA' using process `$paramod\dmem\DMEM_WORDS=s32'00000000000000000000000000001000.$proc$/chipinventor/OpenLane/designs/spm/src/hdl.v:478$797'.
  created $dff cell `$procdff$1379' with positive edge clock.
Creating register for signal `$paramod\dmem\DMEM_WORDS=s32'00000000000000000000000000001000.$memwr$\mem$/chipinventor/OpenLane/designs/spm/src/hdl.v:482$794_EN' using process `$paramod\dmem\DMEM_WORDS=s32'00000000000000000000000000001000.$proc$/chipinventor/OpenLane/designs/spm/src/hdl.v:478$797'.
  created $dff cell `$procdff$1380' with positive edge clock.
Creating register for signal `$paramod\dmem\DMEM_WORDS=s32'00000000000000000000000000001000.$memwr$\mem$/chipinventor/OpenLane/designs/spm/src/hdl.v:483$795_ADDR' using process `$paramod\dmem\DMEM_WORDS=s32'00000000000000000000000000001000.$proc$/chipinventor/OpenLane/designs/spm/src/hdl.v:478$797'.
  created $dff cell `$procdff$1381' with positive edge clock.
Creating register for signal `$paramod\dmem\DMEM_WORDS=s32'00000000000000000000000000001000.$memwr$\mem$/chipinventor/OpenLane/designs/spm/src/hdl.v:483$795_DATA' using process `$paramod\dmem\DMEM_WORDS=s32'00000000000000000000000000001000.$proc$/chipinventor/OpenLane/designs/spm/src/hdl.v:478$797'.
  created $dff cell `$procdff$1382' with positive edge clock.
Creating register for signal `$paramod\dmem\DMEM_WORDS=s32'00000000000000000000000000001000.$memwr$\mem$/chipinventor/OpenLane/designs/spm/src/hdl.v:483$795_EN' using process `$paramod\dmem\DMEM_WORDS=s32'00000000000000000000000000001000.$proc$/chipinventor/OpenLane/designs/spm/src/hdl.v:478$797'.
  created $dff cell `$procdff$1383' with positive edge clock.
Creating register for signal `\register_file.\i' using process `\register_file.$proc$/chipinventor/OpenLane/designs/spm/src/hdl.v:853$715'.
  created $dff cell `$procdff$1384' with positive edge clock.
Creating register for signal `\register_file.$memwr$\regs$/chipinventor/OpenLane/designs/spm/src/hdl.v:855$676_EN' using process `\register_file.$proc$/chipinventor/OpenLane/designs/spm/src/hdl.v:853$715'.
  created $dff cell `$procdff$1385' with positive edge clock.
Creating register for signal `\register_file.$memwr$\regs$/chipinventor/OpenLane/designs/spm/src/hdl.v:855$677_EN' using process `\register_file.$proc$/chipinventor/OpenLane/designs/spm/src/hdl.v:853$715'.
  created $dff cell `$procdff$1386' with positive edge clock.
Creating register for signal `\register_file.$memwr$\regs$/chipinventor/OpenLane/designs/spm/src/hdl.v:855$678_EN' using process `\register_file.$proc$/chipinventor/OpenLane/designs/spm/src/hdl.v:853$715'.
  created $dff cell `$procdff$1387' with positive edge clock.
Creating register for signal `\register_file.$memwr$\regs$/chipinventor/OpenLane/designs/spm/src/hdl.v:855$679_EN' using process `\register_file.$proc$/chipinventor/OpenLane/designs/spm/src/hdl.v:853$715'.
  created $dff cell `$procdff$1388' with positive edge clock.
Creating register for signal `\register_file.$memwr$\regs$/chipinventor/OpenLane/designs/spm/src/hdl.v:855$680_EN' using process `\register_file.$proc$/chipinventor/OpenLane/designs/spm/src/hdl.v:853$715'.
  created $dff cell `$procdff$1389' with positive edge clock.
Creating register for signal `\register_file.$memwr$\regs$/chipinventor/OpenLane/designs/spm/src/hdl.v:855$681_EN' using process `\register_file.$proc$/chipinventor/OpenLane/designs/spm/src/hdl.v:853$715'.
  created $dff cell `$procdff$1390' with positive edge clock.
Creating register for signal `\register_file.$memwr$\regs$/chipinventor/OpenLane/designs/spm/src/hdl.v:855$682_EN' using process `\register_file.$proc$/chipinventor/OpenLane/designs/spm/src/hdl.v:853$715'.
  created $dff cell `$procdff$1391' with positive edge clock.
Creating register for signal `\register_file.$memwr$\regs$/chipinventor/OpenLane/designs/spm/src/hdl.v:855$683_EN' using process `\register_file.$proc$/chipinventor/OpenLane/designs/spm/src/hdl.v:853$715'.
  created $dff cell `$procdff$1392' with positive edge clock.
Creating register for signal `\register_file.$memwr$\regs$/chipinventor/OpenLane/designs/spm/src/hdl.v:855$684_EN' using process `\register_file.$proc$/chipinventor/OpenLane/designs/spm/src/hdl.v:853$715'.
  created $dff cell `$procdff$1393' with positive edge clock.
Creating register for signal `\register_file.$memwr$\regs$/chipinventor/OpenLane/designs/spm/src/hdl.v:855$685_EN' using process `\register_file.$proc$/chipinventor/OpenLane/designs/spm/src/hdl.v:853$715'.
  created $dff cell `$procdff$1394' with positive edge clock.
Creating register for signal `\register_file.$memwr$\regs$/chipinventor/OpenLane/designs/spm/src/hdl.v:855$686_EN' using process `\register_file.$proc$/chipinventor/OpenLane/designs/spm/src/hdl.v:853$715'.
  created $dff cell `$procdff$1395' with positive edge clock.
Creating register for signal `\register_file.$memwr$\regs$/chipinventor/OpenLane/designs/spm/src/hdl.v:855$687_EN' using process `\register_file.$proc$/chipinventor/OpenLane/designs/spm/src/hdl.v:853$715'.
  created $dff cell `$procdff$1396' with positive edge clock.
Creating register for signal `\register_file.$memwr$\regs$/chipinventor/OpenLane/designs/spm/src/hdl.v:855$688_EN' using process `\register_file.$proc$/chipinventor/OpenLane/designs/spm/src/hdl.v:853$715'.
  created $dff cell `$procdff$1397' with positive edge clock.
Creating register for signal `\register_file.$memwr$\regs$/chipinventor/OpenLane/designs/spm/src/hdl.v:855$689_EN' using process `\register_file.$proc$/chipinventor/OpenLane/designs/spm/src/hdl.v:853$715'.
  created $dff cell `$procdff$1398' with positive edge clock.
Creating register for signal `\register_file.$memwr$\regs$/chipinventor/OpenLane/designs/spm/src/hdl.v:855$690_EN' using process `\register_file.$proc$/chipinventor/OpenLane/designs/spm/src/hdl.v:853$715'.
  created $dff cell `$procdff$1399' with positive edge clock.
Creating register for signal `\register_file.$memwr$\regs$/chipinventor/OpenLane/designs/spm/src/hdl.v:855$691_EN' using process `\register_file.$proc$/chipinventor/OpenLane/designs/spm/src/hdl.v:853$715'.
  created $dff cell `$procdff$1400' with positive edge clock.
Creating register for signal `\register_file.$memwr$\regs$/chipinventor/OpenLane/designs/spm/src/hdl.v:855$692_EN' using process `\register_file.$proc$/chipinventor/OpenLane/designs/spm/src/hdl.v:853$715'.
  created $dff cell `$procdff$1401' with positive edge clock.
Creating register for signal `\register_file.$memwr$\regs$/chipinventor/OpenLane/designs/spm/src/hdl.v:855$693_EN' using process `\register_file.$proc$/chipinventor/OpenLane/designs/spm/src/hdl.v:853$715'.
  created $dff cell `$procdff$1402' with positive edge clock.
Creating register for signal `\register_file.$memwr$\regs$/chipinventor/OpenLane/designs/spm/src/hdl.v:855$694_EN' using process `\register_file.$proc$/chipinventor/OpenLane/designs/spm/src/hdl.v:853$715'.
  created $dff cell `$procdff$1403' with positive edge clock.
Creating register for signal `\register_file.$memwr$\regs$/chipinventor/OpenLane/designs/spm/src/hdl.v:855$695_EN' using process `\register_file.$proc$/chipinventor/OpenLane/designs/spm/src/hdl.v:853$715'.
  created $dff cell `$procdff$1404' with positive edge clock.
Creating register for signal `\register_file.$memwr$\regs$/chipinventor/OpenLane/designs/spm/src/hdl.v:855$696_EN' using process `\register_file.$proc$/chipinventor/OpenLane/designs/spm/src/hdl.v:853$715'.
  created $dff cell `$procdff$1405' with positive edge clock.
Creating register for signal `\register_file.$memwr$\regs$/chipinventor/OpenLane/designs/spm/src/hdl.v:855$697_EN' using process `\register_file.$proc$/chipinventor/OpenLane/designs/spm/src/hdl.v:853$715'.
  created $dff cell `$procdff$1406' with positive edge clock.
Creating register for signal `\register_file.$memwr$\regs$/chipinventor/OpenLane/designs/spm/src/hdl.v:855$698_EN' using process `\register_file.$proc$/chipinventor/OpenLane/designs/spm/src/hdl.v:853$715'.
  created $dff cell `$procdff$1407' with positive edge clock.
Creating register for signal `\register_file.$memwr$\regs$/chipinventor/OpenLane/designs/spm/src/hdl.v:855$699_EN' using process `\register_file.$proc$/chipinventor/OpenLane/designs/spm/src/hdl.v:853$715'.
  created $dff cell `$procdff$1408' with positive edge clock.
Creating register for signal `\register_file.$memwr$\regs$/chipinventor/OpenLane/designs/spm/src/hdl.v:855$700_EN' using process `\register_file.$proc$/chipinventor/OpenLane/designs/spm/src/hdl.v:853$715'.
  created $dff cell `$procdff$1409' with positive edge clock.
Creating register for signal `\register_file.$memwr$\regs$/chipinventor/OpenLane/designs/spm/src/hdl.v:855$701_EN' using process `\register_file.$proc$/chipinventor/OpenLane/designs/spm/src/hdl.v:853$715'.
  created $dff cell `$procdff$1410' with positive edge clock.
Creating register for signal `\register_file.$memwr$\regs$/chipinventor/OpenLane/designs/spm/src/hdl.v:855$702_EN' using process `\register_file.$proc$/chipinventor/OpenLane/designs/spm/src/hdl.v:853$715'.
  created $dff cell `$procdff$1411' with positive edge clock.
Creating register for signal `\register_file.$memwr$\regs$/chipinventor/OpenLane/designs/spm/src/hdl.v:855$703_EN' using process `\register_file.$proc$/chipinventor/OpenLane/designs/spm/src/hdl.v:853$715'.
  created $dff cell `$procdff$1412' with positive edge clock.
Creating register for signal `\register_file.$memwr$\regs$/chipinventor/OpenLane/designs/spm/src/hdl.v:855$704_EN' using process `\register_file.$proc$/chipinventor/OpenLane/designs/spm/src/hdl.v:853$715'.
  created $dff cell `$procdff$1413' with positive edge clock.
Creating register for signal `\register_file.$memwr$\regs$/chipinventor/OpenLane/designs/spm/src/hdl.v:855$705_EN' using process `\register_file.$proc$/chipinventor/OpenLane/designs/spm/src/hdl.v:853$715'.
  created $dff cell `$procdff$1414' with positive edge clock.
Creating register for signal `\register_file.$memwr$\regs$/chipinventor/OpenLane/designs/spm/src/hdl.v:855$706_EN' using process `\register_file.$proc$/chipinventor/OpenLane/designs/spm/src/hdl.v:853$715'.
  created $dff cell `$procdff$1415' with positive edge clock.
Creating register for signal `\register_file.$memwr$\regs$/chipinventor/OpenLane/designs/spm/src/hdl.v:855$707_EN' using process `\register_file.$proc$/chipinventor/OpenLane/designs/spm/src/hdl.v:853$715'.
  created $dff cell `$procdff$1416' with positive edge clock.
Creating register for signal `\register_file.$memwr$\regs$/chipinventor/OpenLane/designs/spm/src/hdl.v:857$708_ADDR' using process `\register_file.$proc$/chipinventor/OpenLane/designs/spm/src/hdl.v:853$715'.
  created $dff cell `$procdff$1417' with positive edge clock.
Creating register for signal `\register_file.$memwr$\regs$/chipinventor/OpenLane/designs/spm/src/hdl.v:857$708_DATA' using process `\register_file.$proc$/chipinventor/OpenLane/designs/spm/src/hdl.v:853$715'.
  created $dff cell `$procdff$1418' with positive edge clock.
Creating register for signal `\register_file.$memwr$\regs$/chipinventor/OpenLane/designs/spm/src/hdl.v:857$708_EN' using process `\register_file.$proc$/chipinventor/OpenLane/designs/spm/src/hdl.v:853$715'.
  created $dff cell `$procdff$1419' with positive edge clock.
Creating register for signal `\ir_reg.\ir' using process `\ir_reg.$proc$/chipinventor/OpenLane/designs/spm/src/hdl.v:622$157'.
  created $dff cell `$procdff$1420' with positive edge clock.
Creating register for signal `\pc_reg.\pc' using process `\pc_reg.$proc$/chipinventor/OpenLane/designs/spm/src/hdl.v:818$156'.
  created $dff cell `$procdff$1421' with positive edge clock.
Creating register for signal `\control_unit.\state' using process `\control_unit.$proc$/chipinventor/OpenLane/designs/spm/src/hdl.v:276$117'.
  created $dff cell `$procdff$1422' with positive edge clock.

17. Executing PROC_MEMWR pass (convert process memory writes to cells).

18. Executing PROC_CLEAN pass (remove empty switches from decision trees).
Found and cleaned up 6 empty switches in `$paramod\dmem\DMEM_WORDS=s32'00000000000000000000000000001000.$proc$/chipinventor/OpenLane/designs/spm/src/hdl.v:478$797'.
Removing empty process `$paramod\dmem\DMEM_WORDS=s32'00000000000000000000000000001000.$proc$/chipinventor/OpenLane/designs/spm/src/hdl.v:478$797'.
Found and cleaned up 1 empty switch in `\immediate_generator.$proc$/chipinventor/OpenLane/designs/spm/src/hdl.v:562$791'.
Removing empty process `immediate_generator.$proc$/chipinventor/OpenLane/designs/spm/src/hdl.v:562$791'.
Found and cleaned up 2 empty switches in `\register_file.$proc$/chipinventor/OpenLane/designs/spm/src/hdl.v:853$715'.
Removing empty process `register_file.$proc$/chipinventor/OpenLane/designs/spm/src/hdl.v:853$715'.
Found and cleaned up 1 empty switch in `\branch_comparator.$proc$/chipinventor/OpenLane/designs/spm/src/hdl.v:101$668'.
Removing empty process `branch_comparator.$proc$/chipinventor/OpenLane/designs/spm/src/hdl.v:101$668'.
Found and cleaned up 1 empty switch in `\alu.$proc$/chipinventor/OpenLane/designs/spm/src/hdl.v:70$655'.
Removing empty process `alu.$proc$/chipinventor/OpenLane/designs/spm/src/hdl.v:70$655'.
Removing empty process `multiplier.$proc$/chipinventor/OpenLane/designs/spm/src/hdl.v:751$653'.
Removing empty process `crc_unit.$proc$/chipinventor/OpenLane/designs/spm/src/hdl.v:0$415'.
Removing empty process `crc_unit.$proc$/chipinventor/OpenLane/designs/spm/src/hdl.v:0$296'.
Removing empty process `crc_unit.$proc$/chipinventor/OpenLane/designs/spm/src/hdl.v:0$233'.
Found and cleaned up 1 empty switch in `\crc_unit.$proc$/chipinventor/OpenLane/designs/spm/src/hdl.v:418$232'.
Removing empty process `crc_unit.$proc$/chipinventor/OpenLane/designs/spm/src/hdl.v:418$232'.
Found and cleaned up 3 empty switches in `\lsu.$proc$/chipinventor/OpenLane/designs/spm/src/hdl.v:690$161'.
Removing empty process `lsu.$proc$/chipinventor/OpenLane/designs/spm/src/hdl.v:690$161'.
Found and cleaned up 5 empty switches in `\lsu.$proc$/chipinventor/OpenLane/designs/spm/src/hdl.v:660$159'.
Removing empty process `lsu.$proc$/chipinventor/OpenLane/designs/spm/src/hdl.v:660$159'.
Found and cleaned up 1 empty switch in `\wb_mux_32.$proc$/chipinventor/OpenLane/designs/spm/src/hdl.v:894$158'.
Removing empty process `wb_mux_32.$proc$/chipinventor/OpenLane/designs/spm/src/hdl.v:894$158'.
Found and cleaned up 2 empty switches in `\ir_reg.$proc$/chipinventor/OpenLane/designs/spm/src/hdl.v:622$157'.
Removing empty process `ir_reg.$proc$/chipinventor/OpenLane/designs/spm/src/hdl.v:622$157'.
Found and cleaned up 2 empty switches in `\pc_reg.$proc$/chipinventor/OpenLane/designs/spm/src/hdl.v:818$156'.
Removing empty process `pc_reg.$proc$/chipinventor/OpenLane/designs/spm/src/hdl.v:818$156'.
Found and cleaned up 4 empty switches in `\control_unit.$proc$/chipinventor/OpenLane/designs/spm/src/hdl.v:282$118'.
Removing empty process `control_unit.$proc$/chipinventor/OpenLane/designs/spm/src/hdl.v:282$118'.
Found and cleaned up 1 empty switch in `\control_unit.$proc$/chipinventor/OpenLane/designs/spm/src/hdl.v:276$117'.
Removing empty process `control_unit.$proc$/chipinventor/OpenLane/designs/spm/src/hdl.v:276$117'.
Found and cleaned up 4 empty switches in `\control_unit.$proc$/chipinventor/OpenLane/designs/spm/src/hdl.v:265$112'.
Removing empty process `control_unit.$proc$/chipinventor/OpenLane/designs/spm/src/hdl.v:265$112'.
Found and cleaned up 5 empty switches in `\control_unit.$proc$/chipinventor/OpenLane/designs/spm/src/hdl.v:225$95'.
Removing empty process `control_unit.$proc$/chipinventor/OpenLane/designs/spm/src/hdl.v:225$95'.
Found and cleaned up 2 empty switches in `\imem.$proc$/chipinventor/OpenLane/designs/spm/src/hdl.v:526$5'.
Removing empty process `imem.$proc$/chipinventor/OpenLane/designs/spm/src/hdl.v:526$5'.
Cleaned up 41 empty switches.

19. Executing CHECK pass (checking for obvious problems).
Checking module top...
Checking module address_decoder...
Checking module $paramod\dmem\DMEM_WORDS=s32'00000000000000000000000000001000...
Checking module ir_fields...
Checking module immediate_generator...
Checking module register_file...
Checking module mux2_32...
Checking module branch_comparator...
Checking module alu...
Checking module multiplier...
Checking module crc_unit...
Checking module lsu...
Checking module wb_mux_32...
Checking module ir_reg...
Checking module pc_reg...
Checking module control_unit...
Checking module imem...
Checking module pc_incrementer...
Found and reported 0 problems.

20. Executing OPT_EXPR pass (perform const folding).
Optimizing module top.
Optimizing module address_decoder.
Optimizing module $paramod\dmem\DMEM_WORDS=s32'00000000000000000000000000001000.
Optimizing module ir_fields.
Optimizing module immediate_generator.
Optimizing module register_file.
<suppressed ~3 debug messages>
Optimizing module mux2_32.
Optimizing module branch_comparator.
<suppressed ~1 debug messages>
Optimizing module alu.
<suppressed ~1 debug messages>
Optimizing module multiplier.
<suppressed ~2 debug messages>
Optimizing module crc_unit.
<suppressed ~1 debug messages>
Optimizing module lsu.
<suppressed ~14 debug messages>
Optimizing module wb_mux_32.
Optimizing module ir_reg.
Optimizing module pc_reg.
Optimizing module control_unit.
<suppressed ~11 debug messages>
Optimizing module imem.
<suppressed ~3 debug messages>
Optimizing module pc_incrementer.

21. Executing FLATTEN pass (flatten design).
Deleting now unused module address_decoder.
Deleting now unused module $paramod\dmem\DMEM_WORDS=s32'00000000000000000000000000001000.
Deleting now unused module ir_fields.
Deleting now unused module immediate_generator.
Deleting now unused module register_file.
Deleting now unused module mux2_32.
Deleting now unused module branch_comparator.
Deleting now unused module alu.
Deleting now unused module multiplier.
Deleting now unused module crc_unit.
Deleting now unused module lsu.
Deleting now unused module wb_mux_32.
Deleting now unused module ir_reg.
Deleting now unused module pc_reg.
Deleting now unused module control_unit.
Deleting now unused module imem.
Deleting now unused module pc_incrementer.
<suppressed ~20 debug messages>

22. Executing OPT_EXPR pass (perform const folding).
Optimizing module top.
<suppressed ~1 debug messages>

23. Executing OPT_CLEAN pass (remove unused cells and wires).
Finding unused cells or wires in module \top..
Removed 57 unused cells and 714 unused wires.
<suppressed ~65 debug messages>

24. Executing OPT pass (performing simple optimizations).

24.1. Executing OPT_EXPR pass (perform const folding).
Optimizing module top.

24.2. Executing OPT_MERGE pass (detect identical cells).
Finding identical cells in module `\top'.
<suppressed ~324 debug messages>
Removed a total of 108 cells.

24.3. Executing OPT_MUXTREE pass (detect dead branches in mux trees).
Running muxtree optimizer on module \top..
  Creating internal representation of mux trees.
  Evaluating internal representation of mux trees.
  Analyzing evaluation results.
    dead port 2/2 on $mux $flatten\blk3658_25.$procmux$1254.
    dead port 1/2 on $mux $flatten\blk3658_25.$procmux$1263.
    dead port 2/2 on $mux $flatten\blk3658_25.$procmux$1265.
    dead port 2/2 on $mux $flatten\blk3658_25.$procmux$1273.
    dead port 1/2 on $mux $flatten\blk3658_25.$procmux$1289.
    dead port 1/2 on $mux $flatten\blk3658_25.$procmux$1292.
    dead port 1/2 on $mux $flatten\blk3658_25.$procmux$1295.
    dead port 1/2 on $mux $flatten\blk3658_25.$procmux$1301.
    dead port 1/2 on $mux $flatten\blk3658_25.$procmux$1304.
    dead port 1/2 on $mux $flatten\blk3658_25.$procmux$1310.
    dead port 1/2 on $mux $flatten\blk3658_25.$procmux$1319.
    dead port 1/2 on $mux $flatten\blk3658_25.$procmux$1322.
    dead port 2/2 on $mux $flatten\blk3658_25.$procmux$1334.
    dead port 1/2 on $mux $flatten\blk3658_25.$procmux$1337.
    dead port 1/2 on $mux $flatten\blk3658_25.$procmux$1343.
    dead port 2/2 on $mux $flatten\blk3658_25.$procmux$1355.
    dead port 2/2 on $mux $flatten\blk3660_7.$procmux$854.
    dead port 2/2 on $mux $flatten\blk3660_7.$procmux$860.
    dead port 2/2 on $mux $flatten\blk3660_7.$procmux$866.
    dead port 2/2 on $mux $flatten\blk3660_7.$procmux$872.
    dead port 2/2 on $mux $flatten\blk3660_7.$procmux$878.
    dead port 2/2 on $mux $flatten\blk3660_7.$procmux$884.
    dead port 2/2 on $mux $flatten\blk3660_7.$procmux$890.
    dead port 2/2 on $mux $flatten\blk3660_7.$procmux$896.
    dead port 2/2 on $mux $flatten\blk3660_7.$procmux$902.
    dead port 2/2 on $mux $flatten\blk3660_7.$procmux$908.
    dead port 2/2 on $mux $flatten\blk3660_7.$procmux$914.
    dead port 2/2 on $mux $flatten\blk3660_7.$procmux$920.
    dead port 2/2 on $mux $flatten\blk3661_26.$procmux$1366.
    dead port 2/2 on $mux $flatten\blk3665_18.$procmux$1128.
    dead port 2/2 on $mux $flatten\blk3665_18.$procmux$1138.
    dead port 2/2 on $mux $flatten\blk3665_18.$procmux$1150.
    dead port 2/2 on $mux $flatten\blk3665_18.$procmux$1152.
    dead port 2/2 on $mux $flatten\blk3665_18.$procmux$1159.
    dead port 2/2 on $mux $flatten\blk3665_18.$procmux$1161.
    dead port 2/2 on $mux $flatten\blk3665_18.$procmux$1170.
    dead port 2/2 on $mux $flatten\blk3665_18.$procmux$1172.
    dead port 2/2 on $mux $flatten\blk3665_18.$procmux$1181.
    dead port 2/2 on $mux $flatten\blk3665_18.$procmux$1183.
    dead port 2/2 on $mux $flatten\blk3665_18.$procmux$1194.
    dead port 2/2 on $mux $flatten\blk3665_18.$procmux$1196.
    dead port 2/2 on $mux $flatten\blk3665_18.$procmux$1207.
    dead port 2/2 on $mux $flatten\blk3665_18.$procmux$1209.
    dead port 2/2 on $mux $flatten\blk3665_18.$procmux$1217.
    dead port 2/2 on $mux $flatten\blk3665_18.$procmux$1225.
    dead port 1/2 on $mux $flatten\blk3672_11.$procmux$974.
    dead port 1/2 on $mux $flatten\blk3672_11.$procmux$980.
    dead port 1/2 on $mux $flatten\blk3672_11.$procmux$986.
Removed 48 multiplexer ports.
<suppressed ~123 debug messages>

24.4. Executing OPT_REDUCE pass (consolidate $*mux and $reduce_* inputs).
  Optimizing cells in module \top.
    Consolidated identical input bits for $mux cell $flatten\blk3660_7.$procmux$852:
      Old ports: A=0, B=32'11111111000000000000000000000000, Y=$flatten\blk3660_7.$procmux$852_Y
      New ports: A=1'0, B=1'1, Y=$flatten\blk3660_7.$procmux$852_Y [24]
      New connections: { $flatten\blk3660_7.$procmux$852_Y [31:25] $flatten\blk3660_7.$procmux$852_Y [23:0] } = { $flatten\blk3660_7.$procmux$852_Y [24] $flatten\blk3660_7.$procmux$852_Y [24] $flatten\blk3660_7.$procmux$852_Y [24] $flatten\blk3660_7.$procmux$852_Y [24] $flatten\blk3660_7.$procmux$852_Y [24] $flatten\blk3660_7.$procmux$852_Y [24] $flatten\blk3660_7.$procmux$852_Y [24] 24'000000000000000000000000 }
    Consolidated identical input bits for $mux cell $flatten\blk3660_7.$procmux$870:
      Old ports: A=0, B=16711680, Y=$flatten\blk3660_7.$procmux$870_Y
      New ports: A=1'0, B=1'1, Y=$flatten\blk3660_7.$procmux$870_Y [16]
      New connections: { $flatten\blk3660_7.$procmux$870_Y [31:17] $flatten\blk3660_7.$procmux$870_Y [15:0] } = { 8'00000000 $flatten\blk3660_7.$procmux$870_Y [16] $flatten\blk3660_7.$procmux$870_Y [16] $flatten\blk3660_7.$procmux$870_Y [16] $flatten\blk3660_7.$procmux$870_Y [16] $flatten\blk3660_7.$procmux$870_Y [16] $flatten\blk3660_7.$procmux$870_Y [16] $flatten\blk3660_7.$procmux$870_Y [16] 16'0000000000000000 }
    Consolidated identical input bits for $mux cell $flatten\blk3660_7.$procmux$888:
      Old ports: A=0, B=65280, Y=$flatten\blk3660_7.$procmux$888_Y
      New ports: A=1'0, B=1'1, Y=$flatten\blk3660_7.$procmux$888_Y [8]
      New connections: { $flatten\blk3660_7.$procmux$888_Y [31:9] $flatten\blk3660_7.$procmux$888_Y [7:0] } = { 16'0000000000000000 $flatten\blk3660_7.$procmux$888_Y [8] $flatten\blk3660_7.$procmux$888_Y [8] $flatten\blk3660_7.$procmux$888_Y [8] $flatten\blk3660_7.$procmux$888_Y [8] $flatten\blk3660_7.$procmux$888_Y [8] $flatten\blk3660_7.$procmux$888_Y [8] $flatten\blk3660_7.$procmux$888_Y [8] 8'00000000 }
    Consolidated identical input bits for $mux cell $flatten\blk3660_7.$procmux$906:
      Old ports: A=0, B=255, Y=$flatten\blk3660_7.$procmux$906_Y
      New ports: A=1'0, B=1'1, Y=$flatten\blk3660_7.$procmux$906_Y [0]
      New connections: $flatten\blk3660_7.$procmux$906_Y [31:1] = { 24'000000000000000000000000 $flatten\blk3660_7.$procmux$906_Y [0] $flatten\blk3660_7.$procmux$906_Y [0] $flatten\blk3660_7.$procmux$906_Y [0] $flatten\blk3660_7.$procmux$906_Y [0] $flatten\blk3660_7.$procmux$906_Y [0] $flatten\blk3660_7.$procmux$906_Y [0] $flatten\blk3660_7.$procmux$906_Y [0] }
    Consolidated identical input bits for $mux cell $flatten\blk3672_11.$procmux$1001:
      Old ports: A=0, B=32'11111111111111111111111111111111, Y=$flatten\blk3672_11.$0$memwr$\regs$/chipinventor/OpenLane/designs/spm/src/hdl.v:855$704_EN[31:0]$744
      New ports: A=1'0, B=1'1, Y=$flatten\blk3672_11.$0$memwr$\regs$/chipinventor/OpenLane/designs/spm/src/hdl.v:855$704_EN[31:0]$744 [0]
      New connections: $flatten\blk3672_11.$0$memwr$\regs$/chipinventor/OpenLane/designs/spm/src/hdl.v:855$704_EN[31:0]$744 [31:1] = { $flatten\blk3672_11.$0$memwr$\regs$/chipinventor/OpenLane/designs/spm/src/hdl.v:855$704_EN[31:0]$744 [0] $flatten\blk3672_11.$0$memwr$\regs$/chipinventor/OpenLane/designs/spm/src/hdl.v:855$704_EN[31:0]$744 [0] $flatten\blk3672_11.$0$memwr$\regs$/chipinventor/OpenLane/designs/spm/src/hdl.v:855$704_EN[31:0]$744 [0] $flatten\blk3672_11.$0$memwr$\regs$/chipinventor/OpenLane/designs/spm/src/hdl.v:855$704_EN[31:0]$744 [0] $flatten\blk3672_11.$0$memwr$\regs$/chipinventor/OpenLane/designs/spm/src/hdl.v:855$704_EN[31:0]$744 [0] $flatten\blk3672_11.$0$memwr$\regs$/chipinventor/OpenLane/designs/spm/src/hdl.v:855$704_EN[31:0]$744 [0] $flatten\blk3672_11.$0$memwr$\regs$/chipinventor/OpenLane/designs/spm/src/hdl.v:855$704_EN[31:0]$744 [0] $flatten\blk3672_11.$0$memwr$\regs$/chipinventor/OpenLane/designs/spm/src/hdl.v:855$704_EN[31:0]$744 [0] $flatten\blk3672_11.$0$memwr$\regs$/chipinventor/OpenLane/designs/spm/src/hdl.v:855$704_EN[31:0]$744 [0] $flatten\blk3672_11.$0$memwr$\regs$/chipinventor/OpenLane/designs/spm/src/hdl.v:855$704_EN[31:0]$744 [0] $flatten\blk3672_11.$0$memwr$\regs$/chipinventor/OpenLane/designs/spm/src/hdl.v:855$704_EN[31:0]$744 [0] $flatten\blk3672_11.$0$memwr$\regs$/chipinventor/OpenLane/designs/spm/src/hdl.v:855$704_EN[31:0]$744 [0] $flatten\blk3672_11.$0$memwr$\regs$/chipinventor/OpenLane/designs/spm/src/hdl.v:855$704_EN[31:0]$744 [0] $flatten\blk3672_11.$0$memwr$\regs$/chipinventor/OpenLane/designs/spm/src/hdl.v:855$704_EN[31:0]$744 [0] $flatten\blk3672_11.$0$memwr$\regs$/chipinventor/OpenLane/designs/spm/src/hdl.v:855$704_EN[31:0]$744 [0] $flatten\blk3672_11.$0$memwr$\regs$/chipinventor/OpenLane/designs/spm/src/hdl.v:855$704_EN[31:0]$744 [0] $flatten\blk3672_11.$0$memwr$\regs$/chipinventor/OpenLane/designs/spm/src/hdl.v:855$704_EN[31:0]$744 [0] $flatten\blk3672_11.$0$memwr$\regs$/chipinventor/OpenLane/designs/spm/src/hdl.v:855$704_EN[31:0]$744 [0] $flatten\blk3672_11.$0$memwr$\regs$/chipinventor/OpenLane/designs/spm/src/hdl.v:855$704_EN[31:0]$744 [0] $flatten\blk3672_11.$0$memwr$\regs$/chipinventor/OpenLane/designs/spm/src/hdl.v:855$704_EN[31:0]$744 [0] $flatten\blk3672_11.$0$memwr$\regs$/chipinventor/OpenLane/designs/spm/src/hdl.v:855$704_EN[31:0]$744 [0] $flatten\blk3672_11.$0$memwr$\regs$/chipinventor/OpenLane/designs/spm/src/hdl.v:855$704_EN[31:0]$744 [0] $flatten\blk3672_11.$0$memwr$\regs$/chipinventor/OpenLane/designs/spm/src/hdl.v:855$704_EN[31:0]$744 [0] $flatten\blk3672_11.$0$memwr$\regs$/chipinventor/OpenLane/designs/spm/src/hdl.v:855$704_EN[31:0]$744 [0] $flatten\blk3672_11.$0$memwr$\regs$/chipinventor/OpenLane/designs/spm/src/hdl.v:855$704_EN[31:0]$744 [0] $flatten\blk3672_11.$0$memwr$\regs$/chipinventor/OpenLane/designs/spm/src/hdl.v:855$704_EN[31:0]$744 [0] $flatten\blk3672_11.$0$memwr$\regs$/chipinventor/OpenLane/designs/spm/src/hdl.v:855$704_EN[31:0]$744 [0] $flatten\blk3672_11.$0$memwr$\regs$/chipinventor/OpenLane/designs/spm/src/hdl.v:855$704_EN[31:0]$744 [0] $flatten\blk3672_11.$0$memwr$\regs$/chipinventor/OpenLane/designs/spm/src/hdl.v:855$704_EN[31:0]$744 [0] $flatten\blk3672_11.$0$memwr$\regs$/chipinventor/OpenLane/designs/spm/src/hdl.v:855$704_EN[31:0]$744 [0] $flatten\blk3672_11.$0$memwr$\regs$/chipinventor/OpenLane/designs/spm/src/hdl.v:855$704_EN[31:0]$744 [0] }
    Consolidated identical input bits for $mux cell $flatten\blk3672_11.$procmux$1004:
      Old ports: A=0, B=32'11111111111111111111111111111111, Y=$flatten\blk3672_11.$0$memwr$\regs$/chipinventor/OpenLane/designs/spm/src/hdl.v:855$703_EN[31:0]$743
      New ports: A=1'0, B=1'1, Y=$flatten\blk3672_11.$0$memwr$\regs$/chipinventor/OpenLane/designs/spm/src/hdl.v:855$703_EN[31:0]$743 [0]
      New connections: $flatten\blk3672_11.$0$memwr$\regs$/chipinventor/OpenLane/designs/spm/src/hdl.v:855$703_EN[31:0]$743 [31:1] = { $flatten\blk3672_11.$0$memwr$\regs$/chipinventor/OpenLane/designs/spm/src/hdl.v:855$703_EN[31:0]$743 [0] $flatten\blk3672_11.$0$memwr$\regs$/chipinventor/OpenLane/designs/spm/src/hdl.v:855$703_EN[31:0]$743 [0] $flatten\blk3672_11.$0$memwr$\regs$/chipinventor/OpenLane/designs/spm/src/hdl.v:855$703_EN[31:0]$743 [0] $flatten\blk3672_11.$0$memwr$\regs$/chipinventor/OpenLane/designs/spm/src/hdl.v:855$703_EN[31:0]$743 [0] $flatten\blk3672_11.$0$memwr$\regs$/chipinventor/OpenLane/designs/spm/src/hdl.v:855$703_EN[31:0]$743 [0] $flatten\blk3672_11.$0$memwr$\regs$/chipinventor/OpenLane/designs/spm/src/hdl.v:855$703_EN[31:0]$743 [0] $flatten\blk3672_11.$0$memwr$\regs$/chipinventor/OpenLane/designs/spm/src/hdl.v:855$703_EN[31:0]$743 [0] $flatten\blk3672_11.$0$memwr$\regs$/chipinventor/OpenLane/designs/spm/src/hdl.v:855$703_EN[31:0]$743 [0] $flatten\blk3672_11.$0$memwr$\regs$/chipinventor/OpenLane/designs/spm/src/hdl.v:855$703_EN[31:0]$743 [0] $flatten\blk3672_11.$0$memwr$\regs$/chipinventor/OpenLane/designs/spm/src/hdl.v:855$703_EN[31:0]$743 [0] $flatten\blk3672_11.$0$memwr$\regs$/chipinventor/OpenLane/designs/spm/src/hdl.v:855$703_EN[31:0]$743 [0] $flatten\blk3672_11.$0$memwr$\regs$/chipinventor/OpenLane/designs/spm/src/hdl.v:855$703_EN[31:0]$743 [0] $flatten\blk3672_11.$0$memwr$\regs$/chipinventor/OpenLane/designs/spm/src/hdl.v:855$703_EN[31:0]$743 [0] $flatten\blk3672_11.$0$memwr$\regs$/chipinventor/OpenLane/designs/spm/src/hdl.v:855$703_EN[31:0]$743 [0] $flatten\blk3672_11.$0$memwr$\regs$/chipinventor/OpenLane/designs/spm/src/hdl.v:855$703_EN[31:0]$743 [0] $flatten\blk3672_11.$0$memwr$\regs$/chipinventor/OpenLane/designs/spm/src/hdl.v:855$703_EN[31:0]$743 [0] $flatten\blk3672_11.$0$memwr$\regs$/chipinventor/OpenLane/designs/spm/src/hdl.v:855$703_EN[31:0]$743 [0] $flatten\blk3672_11.$0$memwr$\regs$/chipinventor/OpenLane/designs/spm/src/hdl.v:855$703_EN[31:0]$743 [0] $flatten\blk3672_11.$0$memwr$\regs$/chipinventor/OpenLane/designs/spm/src/hdl.v:855$703_EN[31:0]$743 [0] $flatten\blk3672_11.$0$memwr$\regs$/chipinventor/OpenLane/designs/spm/src/hdl.v:855$703_EN[31:0]$743 [0] $flatten\blk3672_11.$0$memwr$\regs$/chipinventor/OpenLane/designs/spm/src/hdl.v:855$703_EN[31:0]$743 [0] $flatten\blk3672_11.$0$memwr$\regs$/chipinventor/OpenLane/designs/spm/src/hdl.v:855$703_EN[31:0]$743 [0] $flatten\blk3672_11.$0$memwr$\regs$/chipinventor/OpenLane/designs/spm/src/hdl.v:855$703_EN[31:0]$743 [0] $flatten\blk3672_11.$0$memwr$\regs$/chipinventor/OpenLane/designs/spm/src/hdl.v:855$703_EN[31:0]$743 [0] $flatten\blk3672_11.$0$memwr$\regs$/chipinventor/OpenLane/designs/spm/src/hdl.v:855$703_EN[31:0]$743 [0] $flatten\blk3672_11.$0$memwr$\regs$/chipinventor/OpenLane/designs/spm/src/hdl.v:855$703_EN[31:0]$743 [0] $flatten\blk3672_11.$0$memwr$\regs$/chipinventor/OpenLane/designs/spm/src/hdl.v:855$703_EN[31:0]$743 [0] $flatten\blk3672_11.$0$memwr$\regs$/chipinventor/OpenLane/designs/spm/src/hdl.v:855$703_EN[31:0]$743 [0] $flatten\blk3672_11.$0$memwr$\regs$/chipinventor/OpenLane/designs/spm/src/hdl.v:855$703_EN[31:0]$743 [0] $flatten\blk3672_11.$0$memwr$\regs$/chipinventor/OpenLane/designs/spm/src/hdl.v:855$703_EN[31:0]$743 [0] $flatten\blk3672_11.$0$memwr$\regs$/chipinventor/OpenLane/designs/spm/src/hdl.v:855$703_EN[31:0]$743 [0] }
    Consolidated identical input bits for $mux cell $flatten\blk3672_11.$procmux$1007:
      Old ports: A=0, B=32'11111111111111111111111111111111, Y=$flatten\blk3672_11.$0$memwr$\regs$/chipinventor/OpenLane/designs/spm/src/hdl.v:855$702_EN[31:0]$742
      New ports: A=1'0, B=1'1, Y=$flatten\blk3672_11.$0$memwr$\regs$/chipinventor/OpenLane/designs/spm/src/hdl.v:855$702_EN[31:0]$742 [0]
      New connections: $flatten\blk3672_11.$0$memwr$\regs$/chipinventor/OpenLane/designs/spm/src/hdl.v:855$702_EN[31:0]$742 [31:1] = { $flatten\blk3672_11.$0$memwr$\regs$/chipinventor/OpenLane/designs/spm/src/hdl.v:855$702_EN[31:0]$742 [0] $flatten\blk3672_11.$0$memwr$\regs$/chipinventor/OpenLane/designs/spm/src/hdl.v:855$702_EN[31:0]$742 [0] $flatten\blk3672_11.$0$memwr$\regs$/chipinventor/OpenLane/designs/spm/src/hdl.v:855$702_EN[31:0]$742 [0] $flatten\blk3672_11.$0$memwr$\regs$/chipinventor/OpenLane/designs/spm/src/hdl.v:855$702_EN[31:0]$742 [0] $flatten\blk3672_11.$0$memwr$\regs$/chipinventor/OpenLane/designs/spm/src/hdl.v:855$702_EN[31:0]$742 [0] $flatten\blk3672_11.$0$memwr$\regs$/chipinventor/OpenLane/designs/spm/src/hdl.v:855$702_EN[31:0]$742 [0] $flatten\blk3672_11.$0$memwr$\regs$/chipinventor/OpenLane/designs/spm/src/hdl.v:855$702_EN[31:0]$742 [0] $flatten\blk3672_11.$0$memwr$\regs$/chipinventor/OpenLane/designs/spm/src/hdl.v:855$702_EN[31:0]$742 [0] $flatten\blk3672_11.$0$memwr$\regs$/chipinventor/OpenLane/designs/spm/src/hdl.v:855$702_EN[31:0]$742 [0] $flatten\blk3672_11.$0$memwr$\regs$/chipinventor/OpenLane/designs/spm/src/hdl.v:855$702_EN[31:0]$742 [0] $flatten\blk3672_11.$0$memwr$\regs$/chipinventor/OpenLane/designs/spm/src/hdl.v:855$702_EN[31:0]$742 [0] $flatten\blk3672_11.$0$memwr$\regs$/chipinventor/OpenLane/designs/spm/src/hdl.v:855$702_EN[31:0]$742 [0] $flatten\blk3672_11.$0$memwr$\regs$/chipinventor/OpenLane/designs/spm/src/hdl.v:855$702_EN[31:0]$742 [0] $flatten\blk3672_11.$0$memwr$\regs$/chipinventor/OpenLane/designs/spm/src/hdl.v:855$702_EN[31:0]$742 [0] $flatten\blk3672_11.$0$memwr$\regs$/chipinventor/OpenLane/designs/spm/src/hdl.v:855$702_EN[31:0]$742 [0] $flatten\blk3672_11.$0$memwr$\regs$/chipinventor/OpenLane/designs/spm/src/hdl.v:855$702_EN[31:0]$742 [0] $flatten\blk3672_11.$0$memwr$\regs$/chipinventor/OpenLane/designs/spm/src/hdl.v:855$702_EN[31:0]$742 [0] $flatten\blk3672_11.$0$memwr$\regs$/chipinventor/OpenLane/designs/spm/src/hdl.v:855$702_EN[31:0]$742 [0] $flatten\blk3672_11.$0$memwr$\regs$/chipinventor/OpenLane/designs/spm/src/hdl.v:855$702_EN[31:0]$742 [0] $flatten\blk3672_11.$0$memwr$\regs$/chipinventor/OpenLane/designs/spm/src/hdl.v:855$702_EN[31:0]$742 [0] $flatten\blk3672_11.$0$memwr$\regs$/chipinventor/OpenLane/designs/spm/src/hdl.v:855$702_EN[31:0]$742 [0] $flatten\blk3672_11.$0$memwr$\regs$/chipinventor/OpenLane/designs/spm/src/hdl.v:855$702_EN[31:0]$742 [0] $flatten\blk3672_11.$0$memwr$\regs$/chipinventor/OpenLane/designs/spm/src/hdl.v:855$702_EN[31:0]$742 [0] $flatten\blk3672_11.$0$memwr$\regs$/chipinventor/OpenLane/designs/spm/src/hdl.v:855$702_EN[31:0]$742 [0] $flatten\blk3672_11.$0$memwr$\regs$/chipinventor/OpenLane/designs/spm/src/hdl.v:855$702_EN[31:0]$742 [0] $flatten\blk3672_11.$0$memwr$\regs$/chipinventor/OpenLane/designs/spm/src/hdl.v:855$702_EN[31:0]$742 [0] $flatten\blk3672_11.$0$memwr$\regs$/chipinventor/OpenLane/designs/spm/src/hdl.v:855$702_EN[31:0]$742 [0] $flatten\blk3672_11.$0$memwr$\regs$/chipinventor/OpenLane/designs/spm/src/hdl.v:855$702_EN[31:0]$742 [0] $flatten\blk3672_11.$0$memwr$\regs$/chipinventor/OpenLane/designs/spm/src/hdl.v:855$702_EN[31:0]$742 [0] $flatten\blk3672_11.$0$memwr$\regs$/chipinventor/OpenLane/designs/spm/src/hdl.v:855$702_EN[31:0]$742 [0] $flatten\blk3672_11.$0$memwr$\regs$/chipinventor/OpenLane/designs/spm/src/hdl.v:855$702_EN[31:0]$742 [0] }
    Consolidated identical input bits for $mux cell $flatten\blk3672_11.$procmux$1010:
      Old ports: A=0, B=32'11111111111111111111111111111111, Y=$flatten\blk3672_11.$0$memwr$\regs$/chipinventor/OpenLane/designs/spm/src/hdl.v:855$701_EN[31:0]$741
      New ports: A=1'0, B=1'1, Y=$flatten\blk3672_11.$0$memwr$\regs$/chipinventor/OpenLane/designs/spm/src/hdl.v:855$701_EN[31:0]$741 [0]
      New connections: $flatten\blk3672_11.$0$memwr$\regs$/chipinventor/OpenLane/designs/spm/src/hdl.v:855$701_EN[31:0]$741 [31:1] = { $flatten\blk3672_11.$0$memwr$\regs$/chipinventor/OpenLane/designs/spm/src/hdl.v:855$701_EN[31:0]$741 [0] $flatten\blk3672_11.$0$memwr$\regs$/chipinventor/OpenLane/designs/spm/src/hdl.v:855$701_EN[31:0]$741 [0] $flatten\blk3672_11.$0$memwr$\regs$/chipinventor/OpenLane/designs/spm/src/hdl.v:855$701_EN[31:0]$741 [0] $flatten\blk3672_11.$0$memwr$\regs$/chipinventor/OpenLane/designs/spm/src/hdl.v:855$701_EN[31:0]$741 [0] $flatten\blk3672_11.$0$memwr$\regs$/chipinventor/OpenLane/designs/spm/src/hdl.v:855$701_EN[31:0]$741 [0] $flatten\blk3672_11.$0$memwr$\regs$/chipinventor/OpenLane/designs/spm/src/hdl.v:855$701_EN[31:0]$741 [0] $flatten\blk3672_11.$0$memwr$\regs$/chipinventor/OpenLane/designs/spm/src/hdl.v:855$701_EN[31:0]$741 [0] $flatten\blk3672_11.$0$memwr$\regs$/chipinventor/OpenLane/designs/spm/src/hdl.v:855$701_EN[31:0]$741 [0] $flatten\blk3672_11.$0$memwr$\regs$/chipinventor/OpenLane/designs/spm/src/hdl.v:855$701_EN[31:0]$741 [0] $flatten\blk3672_11.$0$memwr$\regs$/chipinventor/OpenLane/designs/spm/src/hdl.v:855$701_EN[31:0]$741 [0] $flatten\blk3672_11.$0$memwr$\regs$/chipinventor/OpenLane/designs/spm/src/hdl.v:855$701_EN[31:0]$741 [0] $flatten\blk3672_11.$0$memwr$\regs$/chipinventor/OpenLane/designs/spm/src/hdl.v:855$701_EN[31:0]$741 [0] $flatten\blk3672_11.$0$memwr$\regs$/chipinventor/OpenLane/designs/spm/src/hdl.v:855$701_EN[31:0]$741 [0] $flatten\blk3672_11.$0$memwr$\regs$/chipinventor/OpenLane/designs/spm/src/hdl.v:855$701_EN[31:0]$741 [0] $flatten\blk3672_11.$0$memwr$\regs$/chipinventor/OpenLane/designs/spm/src/hdl.v:855$701_EN[31:0]$741 [0] $flatten\blk3672_11.$0$memwr$\regs$/chipinventor/OpenLane/designs/spm/src/hdl.v:855$701_EN[31:0]$741 [0] $flatten\blk3672_11.$0$memwr$\regs$/chipinventor/OpenLane/designs/spm/src/hdl.v:855$701_EN[31:0]$741 [0] $flatten\blk3672_11.$0$memwr$\regs$/chipinventor/OpenLane/designs/spm/src/hdl.v:855$701_EN[31:0]$741 [0] $flatten\blk3672_11.$0$memwr$\regs$/chipinventor/OpenLane/designs/spm/src/hdl.v:855$701_EN[31:0]$741 [0] $flatten\blk3672_11.$0$memwr$\regs$/chipinventor/OpenLane/designs/spm/src/hdl.v:855$701_EN[31:0]$741 [0] $flatten\blk3672_11.$0$memwr$\regs$/chipinventor/OpenLane/designs/spm/src/hdl.v:855$701_EN[31:0]$741 [0] $flatten\blk3672_11.$0$memwr$\regs$/chipinventor/OpenLane/designs/spm/src/hdl.v:855$701_EN[31:0]$741 [0] $flatten\blk3672_11.$0$memwr$\regs$/chipinventor/OpenLane/designs/spm/src/hdl.v:855$701_EN[31:0]$741 [0] $flatten\blk3672_11.$0$memwr$\regs$/chipinventor/OpenLane/designs/spm/src/hdl.v:855$701_EN[31:0]$741 [0] $flatten\blk3672_11.$0$memwr$\regs$/chipinventor/OpenLane/designs/spm/src/hdl.v:855$701_EN[31:0]$741 [0] $flatten\blk3672_11.$0$memwr$\regs$/chipinventor/OpenLane/designs/spm/src/hdl.v:855$701_EN[31:0]$741 [0] $flatten\blk3672_11.$0$memwr$\regs$/chipinventor/OpenLane/designs/spm/src/hdl.v:855$701_EN[31:0]$741 [0] $flatten\blk3672_11.$0$memwr$\regs$/chipinventor/OpenLane/designs/spm/src/hdl.v:855$701_EN[31:0]$741 [0] $flatten\blk3672_11.$0$memwr$\regs$/chipinventor/OpenLane/designs/spm/src/hdl.v:855$701_EN[31:0]$741 [0] $flatten\blk3672_11.$0$memwr$\regs$/chipinventor/OpenLane/designs/spm/src/hdl.v:855$701_EN[31:0]$741 [0] $flatten\blk3672_11.$0$memwr$\regs$/chipinventor/OpenLane/designs/spm/src/hdl.v:855$701_EN[31:0]$741 [0] }
    Consolidated identical input bits for $mux cell $flatten\blk3672_11.$procmux$1013:
      Old ports: A=0, B=32'11111111111111111111111111111111, Y=$flatten\blk3672_11.$0$memwr$\regs$/chipinventor/OpenLane/designs/spm/src/hdl.v:855$700_EN[31:0]$740
      New ports: A=1'0, B=1'1, Y=$flatten\blk3672_11.$0$memwr$\regs$/chipinventor/OpenLane/designs/spm/src/hdl.v:855$700_EN[31:0]$740 [0]
      New connections: $flatten\blk3672_11.$0$memwr$\regs$/chipinventor/OpenLane/designs/spm/src/hdl.v:855$700_EN[31:0]$740 [31:1] = { $flatten\blk3672_11.$0$memwr$\regs$/chipinventor/OpenLane/designs/spm/src/hdl.v:855$700_EN[31:0]$740 [0] $flatten\blk3672_11.$0$memwr$\regs$/chipinventor/OpenLane/designs/spm/src/hdl.v:855$700_EN[31:0]$740 [0] $flatten\blk3672_11.$0$memwr$\regs$/chipinventor/OpenLane/designs/spm/src/hdl.v:855$700_EN[31:0]$740 [0] $flatten\blk3672_11.$0$memwr$\regs$/chipinventor/OpenLane/designs/spm/src/hdl.v:855$700_EN[31:0]$740 [0] $flatten\blk3672_11.$0$memwr$\regs$/chipinventor/OpenLane/designs/spm/src/hdl.v:855$700_EN[31:0]$740 [0] $flatten\blk3672_11.$0$memwr$\regs$/chipinventor/OpenLane/designs/spm/src/hdl.v:855$700_EN[31:0]$740 [0] $flatten\blk3672_11.$0$memwr$\regs$/chipinventor/OpenLane/designs/spm/src/hdl.v:855$700_EN[31:0]$740 [0] $flatten\blk3672_11.$0$memwr$\regs$/chipinventor/OpenLane/designs/spm/src/hdl.v:855$700_EN[31:0]$740 [0] $flatten\blk3672_11.$0$memwr$\regs$/chipinventor/OpenLane/designs/spm/src/hdl.v:855$700_EN[31:0]$740 [0] $flatten\blk3672_11.$0$memwr$\regs$/chipinventor/OpenLane/designs/spm/src/hdl.v:855$700_EN[31:0]$740 [0] $flatten\blk3672_11.$0$memwr$\regs$/chipinventor/OpenLane/designs/spm/src/hdl.v:855$700_EN[31:0]$740 [0] $flatten\blk3672_11.$0$memwr$\regs$/chipinventor/OpenLane/designs/spm/src/hdl.v:855$700_EN[31:0]$740 [0] $flatten\blk3672_11.$0$memwr$\regs$/chipinventor/OpenLane/designs/spm/src/hdl.v:855$700_EN[31:0]$740 [0] $flatten\blk3672_11.$0$memwr$\regs$/chipinventor/OpenLane/designs/spm/src/hdl.v:855$700_EN[31:0]$740 [0] $flatten\blk3672_11.$0$memwr$\regs$/chipinventor/OpenLane/designs/spm/src/hdl.v:855$700_EN[31:0]$740 [0] $flatten\blk3672_11.$0$memwr$\regs$/chipinventor/OpenLane/designs/spm/src/hdl.v:855$700_EN[31:0]$740 [0] $flatten\blk3672_11.$0$memwr$\regs$/chipinventor/OpenLane/designs/spm/src/hdl.v:855$700_EN[31:0]$740 [0] $flatten\blk3672_11.$0$memwr$\regs$/chipinventor/OpenLane/designs/spm/src/hdl.v:855$700_EN[31:0]$740 [0] $flatten\blk3672_11.$0$memwr$\regs$/chipinventor/OpenLane/designs/spm/src/hdl.v:855$700_EN[31:0]$740 [0] $flatten\blk3672_11.$0$memwr$\regs$/chipinventor/OpenLane/designs/spm/src/hdl.v:855$700_EN[31:0]$740 [0] $flatten\blk3672_11.$0$memwr$\regs$/chipinventor/OpenLane/designs/spm/src/hdl.v:855$700_EN[31:0]$740 [0] $flatten\blk3672_11.$0$memwr$\regs$/chipinventor/OpenLane/designs/spm/src/hdl.v:855$700_EN[31:0]$740 [0] $flatten\blk3672_11.$0$memwr$\regs$/chipinventor/OpenLane/designs/spm/src/hdl.v:855$700_EN[31:0]$740 [0] $flatten\blk3672_11.$0$memwr$\regs$/chipinventor/OpenLane/designs/spm/src/hdl.v:855$700_EN[31:0]$740 [0] $flatten\blk3672_11.$0$memwr$\regs$/chipinventor/OpenLane/designs/spm/src/hdl.v:855$700_EN[31:0]$740 [0] $flatten\blk3672_11.$0$memwr$\regs$/chipinventor/OpenLane/designs/spm/src/hdl.v:855$700_EN[31:0]$740 [0] $flatten\blk3672_11.$0$memwr$\regs$/chipinventor/OpenLane/designs/spm/src/hdl.v:855$700_EN[31:0]$740 [0] $flatten\blk3672_11.$0$memwr$\regs$/chipinventor/OpenLane/designs/spm/src/hdl.v:855$700_EN[31:0]$740 [0] $flatten\blk3672_11.$0$memwr$\regs$/chipinventor/OpenLane/designs/spm/src/hdl.v:855$700_EN[31:0]$740 [0] $flatten\blk3672_11.$0$memwr$\regs$/chipinventor/OpenLane/designs/spm/src/hdl.v:855$700_EN[31:0]$740 [0] $flatten\blk3672_11.$0$memwr$\regs$/chipinventor/OpenLane/designs/spm/src/hdl.v:855$700_EN[31:0]$740 [0] }
    Consolidated identical input bits for $mux cell $flatten\blk3672_11.$procmux$1016:
      Old ports: A=0, B=32'11111111111111111111111111111111, Y=$flatten\blk3672_11.$0$memwr$\regs$/chipinventor/OpenLane/designs/spm/src/hdl.v:855$699_EN[31:0]$739
      New ports: A=1'0, B=1'1, Y=$flatten\blk3672_11.$0$memwr$\regs$/chipinventor/OpenLane/designs/spm/src/hdl.v:855$699_EN[31:0]$739 [0]
      New connections: $flatten\blk3672_11.$0$memwr$\regs$/chipinventor/OpenLane/designs/spm/src/hdl.v:855$699_EN[31:0]$739 [31:1] = { $flatten\blk3672_11.$0$memwr$\regs$/chipinventor/OpenLane/designs/spm/src/hdl.v:855$699_EN[31:0]$739 [0] $flatten\blk3672_11.$0$memwr$\regs$/chipinventor/OpenLane/designs/spm/src/hdl.v:855$699_EN[31:0]$739 [0] $flatten\blk3672_11.$0$memwr$\regs$/chipinventor/OpenLane/designs/spm/src/hdl.v:855$699_EN[31:0]$739 [0] $flatten\blk3672_11.$0$memwr$\regs$/chipinventor/OpenLane/designs/spm/src/hdl.v:855$699_EN[31:0]$739 [0] $flatten\blk3672_11.$0$memwr$\regs$/chipinventor/OpenLane/designs/spm/src/hdl.v:855$699_EN[31:0]$739 [0] $flatten\blk3672_11.$0$memwr$\regs$/chipinventor/OpenLane/designs/spm/src/hdl.v:855$699_EN[31:0]$739 [0] $flatten\blk3672_11.$0$memwr$\regs$/chipinventor/OpenLane/designs/spm/src/hdl.v:855$699_EN[31:0]$739 [0] $flatten\blk3672_11.$0$memwr$\regs$/chipinventor/OpenLane/designs/spm/src/hdl.v:855$699_EN[31:0]$739 [0] $flatten\blk3672_11.$0$memwr$\regs$/chipinventor/OpenLane/designs/spm/src/hdl.v:855$699_EN[31:0]$739 [0] $flatten\blk3672_11.$0$memwr$\regs$/chipinventor/OpenLane/designs/spm/src/hdl.v:855$699_EN[31:0]$739 [0] $flatten\blk3672_11.$0$memwr$\regs$/chipinventor/OpenLane/designs/spm/src/hdl.v:855$699_EN[31:0]$739 [0] $flatten\blk3672_11.$0$memwr$\regs$/chipinventor/OpenLane/designs/spm/src/hdl.v:855$699_EN[31:0]$739 [0] $flatten\blk3672_11.$0$memwr$\regs$/chipinventor/OpenLane/designs/spm/src/hdl.v:855$699_EN[31:0]$739 [0] $flatten\blk3672_11.$0$memwr$\regs$/chipinventor/OpenLane/designs/spm/src/hdl.v:855$699_EN[31:0]$739 [0] $flatten\blk3672_11.$0$memwr$\regs$/chipinventor/OpenLane/designs/spm/src/hdl.v:855$699_EN[31:0]$739 [0] $flatten\blk3672_11.$0$memwr$\regs$/chipinventor/OpenLane/designs/spm/src/hdl.v:855$699_EN[31:0]$739 [0] $flatten\blk3672_11.$0$memwr$\regs$/chipinventor/OpenLane/designs/spm/src/hdl.v:855$699_EN[31:0]$739 [0] $flatten\blk3672_11.$0$memwr$\regs$/chipinventor/OpenLane/designs/spm/src/hdl.v:855$699_EN[31:0]$739 [0] $flatten\blk3672_11.$0$memwr$\regs$/chipinventor/OpenLane/designs/spm/src/hdl.v:855$699_EN[31:0]$739 [0] $flatten\blk3672_11.$0$memwr$\regs$/chipinventor/OpenLane/designs/spm/src/hdl.v:855$699_EN[31:0]$739 [0] $flatten\blk3672_11.$0$memwr$\regs$/chipinventor/OpenLane/designs/spm/src/hdl.v:855$699_EN[31:0]$739 [0] $flatten\blk3672_11.$0$memwr$\regs$/chipinventor/OpenLane/designs/spm/src/hdl.v:855$699_EN[31:0]$739 [0] $flatten\blk3672_11.$0$memwr$\regs$/chipinventor/OpenLane/designs/spm/src/hdl.v:855$699_EN[31:0]$739 [0] $flatten\blk3672_11.$0$memwr$\regs$/chipinventor/OpenLane/designs/spm/src/hdl.v:855$699_EN[31:0]$739 [0] $flatten\blk3672_11.$0$memwr$\regs$/chipinventor/OpenLane/designs/spm/src/hdl.v:855$699_EN[31:0]$739 [0] $flatten\blk3672_11.$0$memwr$\regs$/chipinventor/OpenLane/designs/spm/src/hdl.v:855$699_EN[31:0]$739 [0] $flatten\blk3672_11.$0$memwr$\regs$/chipinventor/OpenLane/designs/spm/src/hdl.v:855$699_EN[31:0]$739 [0] $flatten\blk3672_11.$0$memwr$\regs$/chipinventor/OpenLane/designs/spm/src/hdl.v:855$699_EN[31:0]$739 [0] $flatten\blk3672_11.$0$memwr$\regs$/chipinventor/OpenLane/designs/spm/src/hdl.v:855$699_EN[31:0]$739 [0] $flatten\blk3672_11.$0$memwr$\regs$/chipinventor/OpenLane/designs/spm/src/hdl.v:855$699_EN[31:0]$739 [0] $flatten\blk3672_11.$0$memwr$\regs$/chipinventor/OpenLane/designs/spm/src/hdl.v:855$699_EN[31:0]$739 [0] }
    Consolidated identical input bits for $mux cell $flatten\blk3672_11.$procmux$1019:
      Old ports: A=0, B=32'11111111111111111111111111111111, Y=$flatten\blk3672_11.$0$memwr$\regs$/chipinventor/OpenLane/designs/spm/src/hdl.v:855$698_EN[31:0]$738
      New ports: A=1'0, B=1'1, Y=$flatten\blk3672_11.$0$memwr$\regs$/chipinventor/OpenLane/designs/spm/src/hdl.v:855$698_EN[31:0]$738 [0]
      New connections: $flatten\blk3672_11.$0$memwr$\regs$/chipinventor/OpenLane/designs/spm/src/hdl.v:855$698_EN[31:0]$738 [31:1] = { $flatten\blk3672_11.$0$memwr$\regs$/chipinventor/OpenLane/designs/spm/src/hdl.v:855$698_EN[31:0]$738 [0] $flatten\blk3672_11.$0$memwr$\regs$/chipinventor/OpenLane/designs/spm/src/hdl.v:855$698_EN[31:0]$738 [0] $flatten\blk3672_11.$0$memwr$\regs$/chipinventor/OpenLane/designs/spm/src/hdl.v:855$698_EN[31:0]$738 [0] $flatten\blk3672_11.$0$memwr$\regs$/chipinventor/OpenLane/designs/spm/src/hdl.v:855$698_EN[31:0]$738 [0] $flatten\blk3672_11.$0$memwr$\regs$/chipinventor/OpenLane/designs/spm/src/hdl.v:855$698_EN[31:0]$738 [0] $flatten\blk3672_11.$0$memwr$\regs$/chipinventor/OpenLane/designs/spm/src/hdl.v:855$698_EN[31:0]$738 [0] $flatten\blk3672_11.$0$memwr$\regs$/chipinventor/OpenLane/designs/spm/src/hdl.v:855$698_EN[31:0]$738 [0] $flatten\blk3672_11.$0$memwr$\regs$/chipinventor/OpenLane/designs/spm/src/hdl.v:855$698_EN[31:0]$738 [0] $flatten\blk3672_11.$0$memwr$\regs$/chipinventor/OpenLane/designs/spm/src/hdl.v:855$698_EN[31:0]$738 [0] $flatten\blk3672_11.$0$memwr$\regs$/chipinventor/OpenLane/designs/spm/src/hdl.v:855$698_EN[31:0]$738 [0] $flatten\blk3672_11.$0$memwr$\regs$/chipinventor/OpenLane/designs/spm/src/hdl.v:855$698_EN[31:0]$738 [0] $flatten\blk3672_11.$0$memwr$\regs$/chipinventor/OpenLane/designs/spm/src/hdl.v:855$698_EN[31:0]$738 [0] $flatten\blk3672_11.$0$memwr$\regs$/chipinventor/OpenLane/designs/spm/src/hdl.v:855$698_EN[31:0]$738 [0] $flatten\blk3672_11.$0$memwr$\regs$/chipinventor/OpenLane/designs/spm/src/hdl.v:855$698_EN[31:0]$738 [0] $flatten\blk3672_11.$0$memwr$\regs$/chipinventor/OpenLane/designs/spm/src/hdl.v:855$698_EN[31:0]$738 [0] $flatten\blk3672_11.$0$memwr$\regs$/chipinventor/OpenLane/designs/spm/src/hdl.v:855$698_EN[31:0]$738 [0] $flatten\blk3672_11.$0$memwr$\regs$/chipinventor/OpenLane/designs/spm/src/hdl.v:855$698_EN[31:0]$738 [0] $flatten\blk3672_11.$0$memwr$\regs$/chipinventor/OpenLane/designs/spm/src/hdl.v:855$698_EN[31:0]$738 [0] $flatten\blk3672_11.$0$memwr$\regs$/chipinventor/OpenLane/designs/spm/src/hdl.v:855$698_EN[31:0]$738 [0] $flatten\blk3672_11.$0$memwr$\regs$/chipinventor/OpenLane/designs/spm/src/hdl.v:855$698_EN[31:0]$738 [0] $flatten\blk3672_11.$0$memwr$\regs$/chipinventor/OpenLane/designs/spm/src/hdl.v:855$698_EN[31:0]$738 [0] $flatten\blk3672_11.$0$memwr$\regs$/chipinventor/OpenLane/designs/spm/src/hdl.v:855$698_EN[31:0]$738 [0] $flatten\blk3672_11.$0$memwr$\regs$/chipinventor/OpenLane/designs/spm/src/hdl.v:855$698_EN[31:0]$738 [0] $flatten\blk3672_11.$0$memwr$\regs$/chipinventor/OpenLane/designs/spm/src/hdl.v:855$698_EN[31:0]$738 [0] $flatten\blk3672_11.$0$memwr$\regs$/chipinventor/OpenLane/designs/spm/src/hdl.v:855$698_EN[31:0]$738 [0] $flatten\blk3672_11.$0$memwr$\regs$/chipinventor/OpenLane/designs/spm/src/hdl.v:855$698_EN[31:0]$738 [0] $flatten\blk3672_11.$0$memwr$\regs$/chipinventor/OpenLane/designs/spm/src/hdl.v:855$698_EN[31:0]$738 [0] $flatten\blk3672_11.$0$memwr$\regs$/chipinventor/OpenLane/designs/spm/src/hdl.v:855$698_EN[31:0]$738 [0] $flatten\blk3672_11.$0$memwr$\regs$/chipinventor/OpenLane/designs/spm/src/hdl.v:855$698_EN[31:0]$738 [0] $flatten\blk3672_11.$0$memwr$\regs$/chipinventor/OpenLane/designs/spm/src/hdl.v:855$698_EN[31:0]$738 [0] $flatten\blk3672_11.$0$memwr$\regs$/chipinventor/OpenLane/designs/spm/src/hdl.v:855$698_EN[31:0]$738 [0] }
    Consolidated identical input bits for $mux cell $flatten\blk3672_11.$procmux$1022:
      Old ports: A=0, B=32'11111111111111111111111111111111, Y=$flatten\blk3672_11.$0$memwr$\regs$/chipinventor/OpenLane/designs/spm/src/hdl.v:855$697_EN[31:0]$737
      New ports: A=1'0, B=1'1, Y=$flatten\blk3672_11.$0$memwr$\regs$/chipinventor/OpenLane/designs/spm/src/hdl.v:855$697_EN[31:0]$737 [0]
      New connections: $flatten\blk3672_11.$0$memwr$\regs$/chipinventor/OpenLane/designs/spm/src/hdl.v:855$697_EN[31:0]$737 [31:1] = { $flatten\blk3672_11.$0$memwr$\regs$/chipinventor/OpenLane/designs/spm/src/hdl.v:855$697_EN[31:0]$737 [0] $flatten\blk3672_11.$0$memwr$\regs$/chipinventor/OpenLane/designs/spm/src/hdl.v:855$697_EN[31:0]$737 [0] $flatten\blk3672_11.$0$memwr$\regs$/chipinventor/OpenLane/designs/spm/src/hdl.v:855$697_EN[31:0]$737 [0] $flatten\blk3672_11.$0$memwr$\regs$/chipinventor/OpenLane/designs/spm/src/hdl.v:855$697_EN[31:0]$737 [0] $flatten\blk3672_11.$0$memwr$\regs$/chipinventor/OpenLane/designs/spm/src/hdl.v:855$697_EN[31:0]$737 [0] $flatten\blk3672_11.$0$memwr$\regs$/chipinventor/OpenLane/designs/spm/src/hdl.v:855$697_EN[31:0]$737 [0] $flatten\blk3672_11.$0$memwr$\regs$/chipinventor/OpenLane/designs/spm/src/hdl.v:855$697_EN[31:0]$737 [0] $flatten\blk3672_11.$0$memwr$\regs$/chipinventor/OpenLane/designs/spm/src/hdl.v:855$697_EN[31:0]$737 [0] $flatten\blk3672_11.$0$memwr$\regs$/chipinventor/OpenLane/designs/spm/src/hdl.v:855$697_EN[31:0]$737 [0] $flatten\blk3672_11.$0$memwr$\regs$/chipinventor/OpenLane/designs/spm/src/hdl.v:855$697_EN[31:0]$737 [0] $flatten\blk3672_11.$0$memwr$\regs$/chipinventor/OpenLane/designs/spm/src/hdl.v:855$697_EN[31:0]$737 [0] $flatten\blk3672_11.$0$memwr$\regs$/chipinventor/OpenLane/designs/spm/src/hdl.v:855$697_EN[31:0]$737 [0] $flatten\blk3672_11.$0$memwr$\regs$/chipinventor/OpenLane/designs/spm/src/hdl.v:855$697_EN[31:0]$737 [0] $flatten\blk3672_11.$0$memwr$\regs$/chipinventor/OpenLane/designs/spm/src/hdl.v:855$697_EN[31:0]$737 [0] $flatten\blk3672_11.$0$memwr$\regs$/chipinventor/OpenLane/designs/spm/src/hdl.v:855$697_EN[31:0]$737 [0] $flatten\blk3672_11.$0$memwr$\regs$/chipinventor/OpenLane/designs/spm/src/hdl.v:855$697_EN[31:0]$737 [0] $flatten\blk3672_11.$0$memwr$\regs$/chipinventor/OpenLane/designs/spm/src/hdl.v:855$697_EN[31:0]$737 [0] $flatten\blk3672_11.$0$memwr$\regs$/chipinventor/OpenLane/designs/spm/src/hdl.v:855$697_EN[31:0]$737 [0] $flatten\blk3672_11.$0$memwr$\regs$/chipinventor/OpenLane/designs/spm/src/hdl.v:855$697_EN[31:0]$737 [0] $flatten\blk3672_11.$0$memwr$\regs$/chipinventor/OpenLane/designs/spm/src/hdl.v:855$697_EN[31:0]$737 [0] $flatten\blk3672_11.$0$memwr$\regs$/chipinventor/OpenLane/designs/spm/src/hdl.v:855$697_EN[31:0]$737 [0] $flatten\blk3672_11.$0$memwr$\regs$/chipinventor/OpenLane/designs/spm/src/hdl.v:855$697_EN[31:0]$737 [0] $flatten\blk3672_11.$0$memwr$\regs$/chipinventor/OpenLane/designs/spm/src/hdl.v:855$697_EN[31:0]$737 [0] $flatten\blk3672_11.$0$memwr$\regs$/chipinventor/OpenLane/designs/spm/src/hdl.v:855$697_EN[31:0]$737 [0] $flatten\blk3672_11.$0$memwr$\regs$/chipinventor/OpenLane/designs/spm/src/hdl.v:855$697_EN[31:0]$737 [0] $flatten\blk3672_11.$0$memwr$\regs$/chipinventor/OpenLane/designs/spm/src/hdl.v:855$697_EN[31:0]$737 [0] $flatten\blk3672_11.$0$memwr$\regs$/chipinventor/OpenLane/designs/spm/src/hdl.v:855$697_EN[31:0]$737 [0] $flatten\blk3672_11.$0$memwr$\regs$/chipinventor/OpenLane/designs/spm/src/hdl.v:855$697_EN[31:0]$737 [0] $flatten\blk3672_11.$0$memwr$\regs$/chipinventor/OpenLane/designs/spm/src/hdl.v:855$697_EN[31:0]$737 [0] $flatten\blk3672_11.$0$memwr$\regs$/chipinventor/OpenLane/designs/spm/src/hdl.v:855$697_EN[31:0]$737 [0] $flatten\blk3672_11.$0$memwr$\regs$/chipinventor/OpenLane/designs/spm/src/hdl.v:855$697_EN[31:0]$737 [0] }
    Consolidated identical input bits for $mux cell $flatten\blk3672_11.$procmux$1025:
      Old ports: A=0, B=32'11111111111111111111111111111111, Y=$flatten\blk3672_11.$0$memwr$\regs$/chipinventor/OpenLane/designs/spm/src/hdl.v:855$696_EN[31:0]$736
      New ports: A=1'0, B=1'1, Y=$flatten\blk3672_11.$0$memwr$\regs$/chipinventor/OpenLane/designs/spm/src/hdl.v:855$696_EN[31:0]$736 [0]
      New connections: $flatten\blk3672_11.$0$memwr$\regs$/chipinventor/OpenLane/designs/spm/src/hdl.v:855$696_EN[31:0]$736 [31:1] = { $flatten\blk3672_11.$0$memwr$\regs$/chipinventor/OpenLane/designs/spm/src/hdl.v:855$696_EN[31:0]$736 [0] $flatten\blk3672_11.$0$memwr$\regs$/chipinventor/OpenLane/designs/spm/src/hdl.v:855$696_EN[31:0]$736 [0] $flatten\blk3672_11.$0$memwr$\regs$/chipinventor/OpenLane/designs/spm/src/hdl.v:855$696_EN[31:0]$736 [0] $flatten\blk3672_11.$0$memwr$\regs$/chipinventor/OpenLane/designs/spm/src/hdl.v:855$696_EN[31:0]$736 [0] $flatten\blk3672_11.$0$memwr$\regs$/chipinventor/OpenLane/designs/spm/src/hdl.v:855$696_EN[31:0]$736 [0] $flatten\blk3672_11.$0$memwr$\regs$/chipinventor/OpenLane/designs/spm/src/hdl.v:855$696_EN[31:0]$736 [0] $flatten\blk3672_11.$0$memwr$\regs$/chipinventor/OpenLane/designs/spm/src/hdl.v:855$696_EN[31:0]$736 [0] $flatten\blk3672_11.$0$memwr$\regs$/chipinventor/OpenLane/designs/spm/src/hdl.v:855$696_EN[31:0]$736 [0] $flatten\blk3672_11.$0$memwr$\regs$/chipinventor/OpenLane/designs/spm/src/hdl.v:855$696_EN[31:0]$736 [0] $flatten\blk3672_11.$0$memwr$\regs$/chipinventor/OpenLane/designs/spm/src/hdl.v:855$696_EN[31:0]$736 [0] $flatten\blk3672_11.$0$memwr$\regs$/chipinventor/OpenLane/designs/spm/src/hdl.v:855$696_EN[31:0]$736 [0] $flatten\blk3672_11.$0$memwr$\regs$/chipinventor/OpenLane/designs/spm/src/hdl.v:855$696_EN[31:0]$736 [0] $flatten\blk3672_11.$0$memwr$\regs$/chipinventor/OpenLane/designs/spm/src/hdl.v:855$696_EN[31:0]$736 [0] $flatten\blk3672_11.$0$memwr$\regs$/chipinventor/OpenLane/designs/spm/src/hdl.v:855$696_EN[31:0]$736 [0] $flatten\blk3672_11.$0$memwr$\regs$/chipinventor/OpenLane/designs/spm/src/hdl.v:855$696_EN[31:0]$736 [0] $flatten\blk3672_11.$0$memwr$\regs$/chipinventor/OpenLane/designs/spm/src/hdl.v:855$696_EN[31:0]$736 [0] $flatten\blk3672_11.$0$memwr$\regs$/chipinventor/OpenLane/designs/spm/src/hdl.v:855$696_EN[31:0]$736 [0] $flatten\blk3672_11.$0$memwr$\regs$/chipinventor/OpenLane/designs/spm/src/hdl.v:855$696_EN[31:0]$736 [0] $flatten\blk3672_11.$0$memwr$\regs$/chipinventor/OpenLane/designs/spm/src/hdl.v:855$696_EN[31:0]$736 [0] $flatten\blk3672_11.$0$memwr$\regs$/chipinventor/OpenLane/designs/spm/src/hdl.v:855$696_EN[31:0]$736 [0] $flatten\blk3672_11.$0$memwr$\regs$/chipinventor/OpenLane/designs/spm/src/hdl.v:855$696_EN[31:0]$736 [0] $flatten\blk3672_11.$0$memwr$\regs$/chipinventor/OpenLane/designs/spm/src/hdl.v:855$696_EN[31:0]$736 [0] $flatten\blk3672_11.$0$memwr$\regs$/chipinventor/OpenLane/designs/spm/src/hdl.v:855$696_EN[31:0]$736 [0] $flatten\blk3672_11.$0$memwr$\regs$/chipinventor/OpenLane/designs/spm/src/hdl.v:855$696_EN[31:0]$736 [0] $flatten\blk3672_11.$0$memwr$\regs$/chipinventor/OpenLane/designs/spm/src/hdl.v:855$696_EN[31:0]$736 [0] $flatten\blk3672_11.$0$memwr$\regs$/chipinventor/OpenLane/designs/spm/src/hdl.v:855$696_EN[31:0]$736 [0] $flatten\blk3672_11.$0$memwr$\regs$/chipinventor/OpenLane/designs/spm/src/hdl.v:855$696_EN[31:0]$736 [0] $flatten\blk3672_11.$0$memwr$\regs$/chipinventor/OpenLane/designs/spm/src/hdl.v:855$696_EN[31:0]$736 [0] $flatten\blk3672_11.$0$memwr$\regs$/chipinventor/OpenLane/designs/spm/src/hdl.v:855$696_EN[31:0]$736 [0] $flatten\blk3672_11.$0$memwr$\regs$/chipinventor/OpenLane/designs/spm/src/hdl.v:855$696_EN[31:0]$736 [0] $flatten\blk3672_11.$0$memwr$\regs$/chipinventor/OpenLane/designs/spm/src/hdl.v:855$696_EN[31:0]$736 [0] }
    Consolidated identical input bits for $mux cell $flatten\blk3672_11.$procmux$1028:
      Old ports: A=0, B=32'11111111111111111111111111111111, Y=$flatten\blk3672_11.$0$memwr$\regs$/chipinventor/OpenLane/designs/spm/src/hdl.v:855$695_EN[31:0]$735
      New ports: A=1'0, B=1'1, Y=$flatten\blk3672_11.$0$memwr$\regs$/chipinventor/OpenLane/designs/spm/src/hdl.v:855$695_EN[31:0]$735 [0]
      New connections: $flatten\blk3672_11.$0$memwr$\regs$/chipinventor/OpenLane/designs/spm/src/hdl.v:855$695_EN[31:0]$735 [31:1] = { $flatten\blk3672_11.$0$memwr$\regs$/chipinventor/OpenLane/designs/spm/src/hdl.v:855$695_EN[31:0]$735 [0] $flatten\blk3672_11.$0$memwr$\regs$/chipinventor/OpenLane/designs/spm/src/hdl.v:855$695_EN[31:0]$735 [0] $flatten\blk3672_11.$0$memwr$\regs$/chipinventor/OpenLane/designs/spm/src/hdl.v:855$695_EN[31:0]$735 [0] $flatten\blk3672_11.$0$memwr$\regs$/chipinventor/OpenLane/designs/spm/src/hdl.v:855$695_EN[31:0]$735 [0] $flatten\blk3672_11.$0$memwr$\regs$/chipinventor/OpenLane/designs/spm/src/hdl.v:855$695_EN[31:0]$735 [0] $flatten\blk3672_11.$0$memwr$\regs$/chipinventor/OpenLane/designs/spm/src/hdl.v:855$695_EN[31:0]$735 [0] $flatten\blk3672_11.$0$memwr$\regs$/chipinventor/OpenLane/designs/spm/src/hdl.v:855$695_EN[31:0]$735 [0] $flatten\blk3672_11.$0$memwr$\regs$/chipinventor/OpenLane/designs/spm/src/hdl.v:855$695_EN[31:0]$735 [0] $flatten\blk3672_11.$0$memwr$\regs$/chipinventor/OpenLane/designs/spm/src/hdl.v:855$695_EN[31:0]$735 [0] $flatten\blk3672_11.$0$memwr$\regs$/chipinventor/OpenLane/designs/spm/src/hdl.v:855$695_EN[31:0]$735 [0] $flatten\blk3672_11.$0$memwr$\regs$/chipinventor/OpenLane/designs/spm/src/hdl.v:855$695_EN[31:0]$735 [0] $flatten\blk3672_11.$0$memwr$\regs$/chipinventor/OpenLane/designs/spm/src/hdl.v:855$695_EN[31:0]$735 [0] $flatten\blk3672_11.$0$memwr$\regs$/chipinventor/OpenLane/designs/spm/src/hdl.v:855$695_EN[31:0]$735 [0] $flatten\blk3672_11.$0$memwr$\regs$/chipinventor/OpenLane/designs/spm/src/hdl.v:855$695_EN[31:0]$735 [0] $flatten\blk3672_11.$0$memwr$\regs$/chipinventor/OpenLane/designs/spm/src/hdl.v:855$695_EN[31:0]$735 [0] $flatten\blk3672_11.$0$memwr$\regs$/chipinventor/OpenLane/designs/spm/src/hdl.v:855$695_EN[31:0]$735 [0] $flatten\blk3672_11.$0$memwr$\regs$/chipinventor/OpenLane/designs/spm/src/hdl.v:855$695_EN[31:0]$735 [0] $flatten\blk3672_11.$0$memwr$\regs$/chipinventor/OpenLane/designs/spm/src/hdl.v:855$695_EN[31:0]$735 [0] $flatten\blk3672_11.$0$memwr$\regs$/chipinventor/OpenLane/designs/spm/src/hdl.v:855$695_EN[31:0]$735 [0] $flatten\blk3672_11.$0$memwr$\regs$/chipinventor/OpenLane/designs/spm/src/hdl.v:855$695_EN[31:0]$735 [0] $flatten\blk3672_11.$0$memwr$\regs$/chipinventor/OpenLane/designs/spm/src/hdl.v:855$695_EN[31:0]$735 [0] $flatten\blk3672_11.$0$memwr$\regs$/chipinventor/OpenLane/designs/spm/src/hdl.v:855$695_EN[31:0]$735 [0] $flatten\blk3672_11.$0$memwr$\regs$/chipinventor/OpenLane/designs/spm/src/hdl.v:855$695_EN[31:0]$735 [0] $flatten\blk3672_11.$0$memwr$\regs$/chipinventor/OpenLane/designs/spm/src/hdl.v:855$695_EN[31:0]$735 [0] $flatten\blk3672_11.$0$memwr$\regs$/chipinventor/OpenLane/designs/spm/src/hdl.v:855$695_EN[31:0]$735 [0] $flatten\blk3672_11.$0$memwr$\regs$/chipinventor/OpenLane/designs/spm/src/hdl.v:855$695_EN[31:0]$735 [0] $flatten\blk3672_11.$0$memwr$\regs$/chipinventor/OpenLane/designs/spm/src/hdl.v:855$695_EN[31:0]$735 [0] $flatten\blk3672_11.$0$memwr$\regs$/chipinventor/OpenLane/designs/spm/src/hdl.v:855$695_EN[31:0]$735 [0] $flatten\blk3672_11.$0$memwr$\regs$/chipinventor/OpenLane/designs/spm/src/hdl.v:855$695_EN[31:0]$735 [0] $flatten\blk3672_11.$0$memwr$\regs$/chipinventor/OpenLane/designs/spm/src/hdl.v:855$695_EN[31:0]$735 [0] $flatten\blk3672_11.$0$memwr$\regs$/chipinventor/OpenLane/designs/spm/src/hdl.v:855$695_EN[31:0]$735 [0] }
    Consolidated identical input bits for $mux cell $flatten\blk3672_11.$procmux$1031:
      Old ports: A=0, B=32'11111111111111111111111111111111, Y=$flatten\blk3672_11.$0$memwr$\regs$/chipinventor/OpenLane/designs/spm/src/hdl.v:855$694_EN[31:0]$734
      New ports: A=1'0, B=1'1, Y=$flatten\blk3672_11.$0$memwr$\regs$/chipinventor/OpenLane/designs/spm/src/hdl.v:855$694_EN[31:0]$734 [0]
      New connections: $flatten\blk3672_11.$0$memwr$\regs$/chipinventor/OpenLane/designs/spm/src/hdl.v:855$694_EN[31:0]$734 [31:1] = { $flatten\blk3672_11.$0$memwr$\regs$/chipinventor/OpenLane/designs/spm/src/hdl.v:855$694_EN[31:0]$734 [0] $flatten\blk3672_11.$0$memwr$\regs$/chipinventor/OpenLane/designs/spm/src/hdl.v:855$694_EN[31:0]$734 [0] $flatten\blk3672_11.$0$memwr$\regs$/chipinventor/OpenLane/designs/spm/src/hdl.v:855$694_EN[31:0]$734 [0] $flatten\blk3672_11.$0$memwr$\regs$/chipinventor/OpenLane/designs/spm/src/hdl.v:855$694_EN[31:0]$734 [0] $flatten\blk3672_11.$0$memwr$\regs$/chipinventor/OpenLane/designs/spm/src/hdl.v:855$694_EN[31:0]$734 [0] $flatten\blk3672_11.$0$memwr$\regs$/chipinventor/OpenLane/designs/spm/src/hdl.v:855$694_EN[31:0]$734 [0] $flatten\blk3672_11.$0$memwr$\regs$/chipinventor/OpenLane/designs/spm/src/hdl.v:855$694_EN[31:0]$734 [0] $flatten\blk3672_11.$0$memwr$\regs$/chipinventor/OpenLane/designs/spm/src/hdl.v:855$694_EN[31:0]$734 [0] $flatten\blk3672_11.$0$memwr$\regs$/chipinventor/OpenLane/designs/spm/src/hdl.v:855$694_EN[31:0]$734 [0] $flatten\blk3672_11.$0$memwr$\regs$/chipinventor/OpenLane/designs/spm/src/hdl.v:855$694_EN[31:0]$734 [0] $flatten\blk3672_11.$0$memwr$\regs$/chipinventor/OpenLane/designs/spm/src/hdl.v:855$694_EN[31:0]$734 [0] $flatten\blk3672_11.$0$memwr$\regs$/chipinventor/OpenLane/designs/spm/src/hdl.v:855$694_EN[31:0]$734 [0] $flatten\blk3672_11.$0$memwr$\regs$/chipinventor/OpenLane/designs/spm/src/hdl.v:855$694_EN[31:0]$734 [0] $flatten\blk3672_11.$0$memwr$\regs$/chipinventor/OpenLane/designs/spm/src/hdl.v:855$694_EN[31:0]$734 [0] $flatten\blk3672_11.$0$memwr$\regs$/chipinventor/OpenLane/designs/spm/src/hdl.v:855$694_EN[31:0]$734 [0] $flatten\blk3672_11.$0$memwr$\regs$/chipinventor/OpenLane/designs/spm/src/hdl.v:855$694_EN[31:0]$734 [0] $flatten\blk3672_11.$0$memwr$\regs$/chipinventor/OpenLane/designs/spm/src/hdl.v:855$694_EN[31:0]$734 [0] $flatten\blk3672_11.$0$memwr$\regs$/chipinventor/OpenLane/designs/spm/src/hdl.v:855$694_EN[31:0]$734 [0] $flatten\blk3672_11.$0$memwr$\regs$/chipinventor/OpenLane/designs/spm/src/hdl.v:855$694_EN[31:0]$734 [0] $flatten\blk3672_11.$0$memwr$\regs$/chipinventor/OpenLane/designs/spm/src/hdl.v:855$694_EN[31:0]$734 [0] $flatten\blk3672_11.$0$memwr$\regs$/chipinventor/OpenLane/designs/spm/src/hdl.v:855$694_EN[31:0]$734 [0] $flatten\blk3672_11.$0$memwr$\regs$/chipinventor/OpenLane/designs/spm/src/hdl.v:855$694_EN[31:0]$734 [0] $flatten\blk3672_11.$0$memwr$\regs$/chipinventor/OpenLane/designs/spm/src/hdl.v:855$694_EN[31:0]$734 [0] $flatten\blk3672_11.$0$memwr$\regs$/chipinventor/OpenLane/designs/spm/src/hdl.v:855$694_EN[31:0]$734 [0] $flatten\blk3672_11.$0$memwr$\regs$/chipinventor/OpenLane/designs/spm/src/hdl.v:855$694_EN[31:0]$734 [0] $flatten\blk3672_11.$0$memwr$\regs$/chipinventor/OpenLane/designs/spm/src/hdl.v:855$694_EN[31:0]$734 [0] $flatten\blk3672_11.$0$memwr$\regs$/chipinventor/OpenLane/designs/spm/src/hdl.v:855$694_EN[31:0]$734 [0] $flatten\blk3672_11.$0$memwr$\regs$/chipinventor/OpenLane/designs/spm/src/hdl.v:855$694_EN[31:0]$734 [0] $flatten\blk3672_11.$0$memwr$\regs$/chipinventor/OpenLane/designs/spm/src/hdl.v:855$694_EN[31:0]$734 [0] $flatten\blk3672_11.$0$memwr$\regs$/chipinventor/OpenLane/designs/spm/src/hdl.v:855$694_EN[31:0]$734 [0] $flatten\blk3672_11.$0$memwr$\regs$/chipinventor/OpenLane/designs/spm/src/hdl.v:855$694_EN[31:0]$734 [0] }
    Consolidated identical input bits for $mux cell $flatten\blk3672_11.$procmux$1034:
      Old ports: A=0, B=32'11111111111111111111111111111111, Y=$flatten\blk3672_11.$0$memwr$\regs$/chipinventor/OpenLane/designs/spm/src/hdl.v:855$693_EN[31:0]$733
      New ports: A=1'0, B=1'1, Y=$flatten\blk3672_11.$0$memwr$\regs$/chipinventor/OpenLane/designs/spm/src/hdl.v:855$693_EN[31:0]$733 [0]
      New connections: $flatten\blk3672_11.$0$memwr$\regs$/chipinventor/OpenLane/designs/spm/src/hdl.v:855$693_EN[31:0]$733 [31:1] = { $flatten\blk3672_11.$0$memwr$\regs$/chipinventor/OpenLane/designs/spm/src/hdl.v:855$693_EN[31:0]$733 [0] $flatten\blk3672_11.$0$memwr$\regs$/chipinventor/OpenLane/designs/spm/src/hdl.v:855$693_EN[31:0]$733 [0] $flatten\blk3672_11.$0$memwr$\regs$/chipinventor/OpenLane/designs/spm/src/hdl.v:855$693_EN[31:0]$733 [0] $flatten\blk3672_11.$0$memwr$\regs$/chipinventor/OpenLane/designs/spm/src/hdl.v:855$693_EN[31:0]$733 [0] $flatten\blk3672_11.$0$memwr$\regs$/chipinventor/OpenLane/designs/spm/src/hdl.v:855$693_EN[31:0]$733 [0] $flatten\blk3672_11.$0$memwr$\regs$/chipinventor/OpenLane/designs/spm/src/hdl.v:855$693_EN[31:0]$733 [0] $flatten\blk3672_11.$0$memwr$\regs$/chipinventor/OpenLane/designs/spm/src/hdl.v:855$693_EN[31:0]$733 [0] $flatten\blk3672_11.$0$memwr$\regs$/chipinventor/OpenLane/designs/spm/src/hdl.v:855$693_EN[31:0]$733 [0] $flatten\blk3672_11.$0$memwr$\regs$/chipinventor/OpenLane/designs/spm/src/hdl.v:855$693_EN[31:0]$733 [0] $flatten\blk3672_11.$0$memwr$\regs$/chipinventor/OpenLane/designs/spm/src/hdl.v:855$693_EN[31:0]$733 [0] $flatten\blk3672_11.$0$memwr$\regs$/chipinventor/OpenLane/designs/spm/src/hdl.v:855$693_EN[31:0]$733 [0] $flatten\blk3672_11.$0$memwr$\regs$/chipinventor/OpenLane/designs/spm/src/hdl.v:855$693_EN[31:0]$733 [0] $flatten\blk3672_11.$0$memwr$\regs$/chipinventor/OpenLane/designs/spm/src/hdl.v:855$693_EN[31:0]$733 [0] $flatten\blk3672_11.$0$memwr$\regs$/chipinventor/OpenLane/designs/spm/src/hdl.v:855$693_EN[31:0]$733 [0] $flatten\blk3672_11.$0$memwr$\regs$/chipinventor/OpenLane/designs/spm/src/hdl.v:855$693_EN[31:0]$733 [0] $flatten\blk3672_11.$0$memwr$\regs$/chipinventor/OpenLane/designs/spm/src/hdl.v:855$693_EN[31:0]$733 [0] $flatten\blk3672_11.$0$memwr$\regs$/chipinventor/OpenLane/designs/spm/src/hdl.v:855$693_EN[31:0]$733 [0] $flatten\blk3672_11.$0$memwr$\regs$/chipinventor/OpenLane/designs/spm/src/hdl.v:855$693_EN[31:0]$733 [0] $flatten\blk3672_11.$0$memwr$\regs$/chipinventor/OpenLane/designs/spm/src/hdl.v:855$693_EN[31:0]$733 [0] $flatten\blk3672_11.$0$memwr$\regs$/chipinventor/OpenLane/designs/spm/src/hdl.v:855$693_EN[31:0]$733 [0] $flatten\blk3672_11.$0$memwr$\regs$/chipinventor/OpenLane/designs/spm/src/hdl.v:855$693_EN[31:0]$733 [0] $flatten\blk3672_11.$0$memwr$\regs$/chipinventor/OpenLane/designs/spm/src/hdl.v:855$693_EN[31:0]$733 [0] $flatten\blk3672_11.$0$memwr$\regs$/chipinventor/OpenLane/designs/spm/src/hdl.v:855$693_EN[31:0]$733 [0] $flatten\blk3672_11.$0$memwr$\regs$/chipinventor/OpenLane/designs/spm/src/hdl.v:855$693_EN[31:0]$733 [0] $flatten\blk3672_11.$0$memwr$\regs$/chipinventor/OpenLane/designs/spm/src/hdl.v:855$693_EN[31:0]$733 [0] $flatten\blk3672_11.$0$memwr$\regs$/chipinventor/OpenLane/designs/spm/src/hdl.v:855$693_EN[31:0]$733 [0] $flatten\blk3672_11.$0$memwr$\regs$/chipinventor/OpenLane/designs/spm/src/hdl.v:855$693_EN[31:0]$733 [0] $flatten\blk3672_11.$0$memwr$\regs$/chipinventor/OpenLane/designs/spm/src/hdl.v:855$693_EN[31:0]$733 [0] $flatten\blk3672_11.$0$memwr$\regs$/chipinventor/OpenLane/designs/spm/src/hdl.v:855$693_EN[31:0]$733 [0] $flatten\blk3672_11.$0$memwr$\regs$/chipinventor/OpenLane/designs/spm/src/hdl.v:855$693_EN[31:0]$733 [0] $flatten\blk3672_11.$0$memwr$\regs$/chipinventor/OpenLane/designs/spm/src/hdl.v:855$693_EN[31:0]$733 [0] }
    Consolidated identical input bits for $mux cell $flatten\blk3672_11.$procmux$1037:
      Old ports: A=0, B=32'11111111111111111111111111111111, Y=$flatten\blk3672_11.$0$memwr$\regs$/chipinventor/OpenLane/designs/spm/src/hdl.v:855$692_EN[31:0]$732
      New ports: A=1'0, B=1'1, Y=$flatten\blk3672_11.$0$memwr$\regs$/chipinventor/OpenLane/designs/spm/src/hdl.v:855$692_EN[31:0]$732 [0]
      New connections: $flatten\blk3672_11.$0$memwr$\regs$/chipinventor/OpenLane/designs/spm/src/hdl.v:855$692_EN[31:0]$732 [31:1] = { $flatten\blk3672_11.$0$memwr$\regs$/chipinventor/OpenLane/designs/spm/src/hdl.v:855$692_EN[31:0]$732 [0] $flatten\blk3672_11.$0$memwr$\regs$/chipinventor/OpenLane/designs/spm/src/hdl.v:855$692_EN[31:0]$732 [0] $flatten\blk3672_11.$0$memwr$\regs$/chipinventor/OpenLane/designs/spm/src/hdl.v:855$692_EN[31:0]$732 [0] $flatten\blk3672_11.$0$memwr$\regs$/chipinventor/OpenLane/designs/spm/src/hdl.v:855$692_EN[31:0]$732 [0] $flatten\blk3672_11.$0$memwr$\regs$/chipinventor/OpenLane/designs/spm/src/hdl.v:855$692_EN[31:0]$732 [0] $flatten\blk3672_11.$0$memwr$\regs$/chipinventor/OpenLane/designs/spm/src/hdl.v:855$692_EN[31:0]$732 [0] $flatten\blk3672_11.$0$memwr$\regs$/chipinventor/OpenLane/designs/spm/src/hdl.v:855$692_EN[31:0]$732 [0] $flatten\blk3672_11.$0$memwr$\regs$/chipinventor/OpenLane/designs/spm/src/hdl.v:855$692_EN[31:0]$732 [0] $flatten\blk3672_11.$0$memwr$\regs$/chipinventor/OpenLane/designs/spm/src/hdl.v:855$692_EN[31:0]$732 [0] $flatten\blk3672_11.$0$memwr$\regs$/chipinventor/OpenLane/designs/spm/src/hdl.v:855$692_EN[31:0]$732 [0] $flatten\blk3672_11.$0$memwr$\regs$/chipinventor/OpenLane/designs/spm/src/hdl.v:855$692_EN[31:0]$732 [0] $flatten\blk3672_11.$0$memwr$\regs$/chipinventor/OpenLane/designs/spm/src/hdl.v:855$692_EN[31:0]$732 [0] $flatten\blk3672_11.$0$memwr$\regs$/chipinventor/OpenLane/designs/spm/src/hdl.v:855$692_EN[31:0]$732 [0] $flatten\blk3672_11.$0$memwr$\regs$/chipinventor/OpenLane/designs/spm/src/hdl.v:855$692_EN[31:0]$732 [0] $flatten\blk3672_11.$0$memwr$\regs$/chipinventor/OpenLane/designs/spm/src/hdl.v:855$692_EN[31:0]$732 [0] $flatten\blk3672_11.$0$memwr$\regs$/chipinventor/OpenLane/designs/spm/src/hdl.v:855$692_EN[31:0]$732 [0] $flatten\blk3672_11.$0$memwr$\regs$/chipinventor/OpenLane/designs/spm/src/hdl.v:855$692_EN[31:0]$732 [0] $flatten\blk3672_11.$0$memwr$\regs$/chipinventor/OpenLane/designs/spm/src/hdl.v:855$692_EN[31:0]$732 [0] $flatten\blk3672_11.$0$memwr$\regs$/chipinventor/OpenLane/designs/spm/src/hdl.v:855$692_EN[31:0]$732 [0] $flatten\blk3672_11.$0$memwr$\regs$/chipinventor/OpenLane/designs/spm/src/hdl.v:855$692_EN[31:0]$732 [0] $flatten\blk3672_11.$0$memwr$\regs$/chipinventor/OpenLane/designs/spm/src/hdl.v:855$692_EN[31:0]$732 [0] $flatten\blk3672_11.$0$memwr$\regs$/chipinventor/OpenLane/designs/spm/src/hdl.v:855$692_EN[31:0]$732 [0] $flatten\blk3672_11.$0$memwr$\regs$/chipinventor/OpenLane/designs/spm/src/hdl.v:855$692_EN[31:0]$732 [0] $flatten\blk3672_11.$0$memwr$\regs$/chipinventor/OpenLane/designs/spm/src/hdl.v:855$692_EN[31:0]$732 [0] $flatten\blk3672_11.$0$memwr$\regs$/chipinventor/OpenLane/designs/spm/src/hdl.v:855$692_EN[31:0]$732 [0] $flatten\blk3672_11.$0$memwr$\regs$/chipinventor/OpenLane/designs/spm/src/hdl.v:855$692_EN[31:0]$732 [0] $flatten\blk3672_11.$0$memwr$\regs$/chipinventor/OpenLane/designs/spm/src/hdl.v:855$692_EN[31:0]$732 [0] $flatten\blk3672_11.$0$memwr$\regs$/chipinventor/OpenLane/designs/spm/src/hdl.v:855$692_EN[31:0]$732 [0] $flatten\blk3672_11.$0$memwr$\regs$/chipinventor/OpenLane/designs/spm/src/hdl.v:855$692_EN[31:0]$732 [0] $flatten\blk3672_11.$0$memwr$\regs$/chipinventor/OpenLane/designs/spm/src/hdl.v:855$692_EN[31:0]$732 [0] $flatten\blk3672_11.$0$memwr$\regs$/chipinventor/OpenLane/designs/spm/src/hdl.v:855$692_EN[31:0]$732 [0] }
    Consolidated identical input bits for $mux cell $flatten\blk3672_11.$procmux$1040:
      Old ports: A=0, B=32'11111111111111111111111111111111, Y=$flatten\blk3672_11.$0$memwr$\regs$/chipinventor/OpenLane/designs/spm/src/hdl.v:855$691_EN[31:0]$731
      New ports: A=1'0, B=1'1, Y=$flatten\blk3672_11.$0$memwr$\regs$/chipinventor/OpenLane/designs/spm/src/hdl.v:855$691_EN[31:0]$731 [0]
      New connections: $flatten\blk3672_11.$0$memwr$\regs$/chipinventor/OpenLane/designs/spm/src/hdl.v:855$691_EN[31:0]$731 [31:1] = { $flatten\blk3672_11.$0$memwr$\regs$/chipinventor/OpenLane/designs/spm/src/hdl.v:855$691_EN[31:0]$731 [0] $flatten\blk3672_11.$0$memwr$\regs$/chipinventor/OpenLane/designs/spm/src/hdl.v:855$691_EN[31:0]$731 [0] $flatten\blk3672_11.$0$memwr$\regs$/chipinventor/OpenLane/designs/spm/src/hdl.v:855$691_EN[31:0]$731 [0] $flatten\blk3672_11.$0$memwr$\regs$/chipinventor/OpenLane/designs/spm/src/hdl.v:855$691_EN[31:0]$731 [0] $flatten\blk3672_11.$0$memwr$\regs$/chipinventor/OpenLane/designs/spm/src/hdl.v:855$691_EN[31:0]$731 [0] $flatten\blk3672_11.$0$memwr$\regs$/chipinventor/OpenLane/designs/spm/src/hdl.v:855$691_EN[31:0]$731 [0] $flatten\blk3672_11.$0$memwr$\regs$/chipinventor/OpenLane/designs/spm/src/hdl.v:855$691_EN[31:0]$731 [0] $flatten\blk3672_11.$0$memwr$\regs$/chipinventor/OpenLane/designs/spm/src/hdl.v:855$691_EN[31:0]$731 [0] $flatten\blk3672_11.$0$memwr$\regs$/chipinventor/OpenLane/designs/spm/src/hdl.v:855$691_EN[31:0]$731 [0] $flatten\blk3672_11.$0$memwr$\regs$/chipinventor/OpenLane/designs/spm/src/hdl.v:855$691_EN[31:0]$731 [0] $flatten\blk3672_11.$0$memwr$\regs$/chipinventor/OpenLane/designs/spm/src/hdl.v:855$691_EN[31:0]$731 [0] $flatten\blk3672_11.$0$memwr$\regs$/chipinventor/OpenLane/designs/spm/src/hdl.v:855$691_EN[31:0]$731 [0] $flatten\blk3672_11.$0$memwr$\regs$/chipinventor/OpenLane/designs/spm/src/hdl.v:855$691_EN[31:0]$731 [0] $flatten\blk3672_11.$0$memwr$\regs$/chipinventor/OpenLane/designs/spm/src/hdl.v:855$691_EN[31:0]$731 [0] $flatten\blk3672_11.$0$memwr$\regs$/chipinventor/OpenLane/designs/spm/src/hdl.v:855$691_EN[31:0]$731 [0] $flatten\blk3672_11.$0$memwr$\regs$/chipinventor/OpenLane/designs/spm/src/hdl.v:855$691_EN[31:0]$731 [0] $flatten\blk3672_11.$0$memwr$\regs$/chipinventor/OpenLane/designs/spm/src/hdl.v:855$691_EN[31:0]$731 [0] $flatten\blk3672_11.$0$memwr$\regs$/chipinventor/OpenLane/designs/spm/src/hdl.v:855$691_EN[31:0]$731 [0] $flatten\blk3672_11.$0$memwr$\regs$/chipinventor/OpenLane/designs/spm/src/hdl.v:855$691_EN[31:0]$731 [0] $flatten\blk3672_11.$0$memwr$\regs$/chipinventor/OpenLane/designs/spm/src/hdl.v:855$691_EN[31:0]$731 [0] $flatten\blk3672_11.$0$memwr$\regs$/chipinventor/OpenLane/designs/spm/src/hdl.v:855$691_EN[31:0]$731 [0] $flatten\blk3672_11.$0$memwr$\regs$/chipinventor/OpenLane/designs/spm/src/hdl.v:855$691_EN[31:0]$731 [0] $flatten\blk3672_11.$0$memwr$\regs$/chipinventor/OpenLane/designs/spm/src/hdl.v:855$691_EN[31:0]$731 [0] $flatten\blk3672_11.$0$memwr$\regs$/chipinventor/OpenLane/designs/spm/src/hdl.v:855$691_EN[31:0]$731 [0] $flatten\blk3672_11.$0$memwr$\regs$/chipinventor/OpenLane/designs/spm/src/hdl.v:855$691_EN[31:0]$731 [0] $flatten\blk3672_11.$0$memwr$\regs$/chipinventor/OpenLane/designs/spm/src/hdl.v:855$691_EN[31:0]$731 [0] $flatten\blk3672_11.$0$memwr$\regs$/chipinventor/OpenLane/designs/spm/src/hdl.v:855$691_EN[31:0]$731 [0] $flatten\blk3672_11.$0$memwr$\regs$/chipinventor/OpenLane/designs/spm/src/hdl.v:855$691_EN[31:0]$731 [0] $flatten\blk3672_11.$0$memwr$\regs$/chipinventor/OpenLane/designs/spm/src/hdl.v:855$691_EN[31:0]$731 [0] $flatten\blk3672_11.$0$memwr$\regs$/chipinventor/OpenLane/designs/spm/src/hdl.v:855$691_EN[31:0]$731 [0] $flatten\blk3672_11.$0$memwr$\regs$/chipinventor/OpenLane/designs/spm/src/hdl.v:855$691_EN[31:0]$731 [0] }
    Consolidated identical input bits for $mux cell $flatten\blk3672_11.$procmux$1043:
      Old ports: A=0, B=32'11111111111111111111111111111111, Y=$flatten\blk3672_11.$0$memwr$\regs$/chipinventor/OpenLane/designs/spm/src/hdl.v:855$690_EN[31:0]$730
      New ports: A=1'0, B=1'1, Y=$flatten\blk3672_11.$0$memwr$\regs$/chipinventor/OpenLane/designs/spm/src/hdl.v:855$690_EN[31:0]$730 [0]
      New connections: $flatten\blk3672_11.$0$memwr$\regs$/chipinventor/OpenLane/designs/spm/src/hdl.v:855$690_EN[31:0]$730 [31:1] = { $flatten\blk3672_11.$0$memwr$\regs$/chipinventor/OpenLane/designs/spm/src/hdl.v:855$690_EN[31:0]$730 [0] $flatten\blk3672_11.$0$memwr$\regs$/chipinventor/OpenLane/designs/spm/src/hdl.v:855$690_EN[31:0]$730 [0] $flatten\blk3672_11.$0$memwr$\regs$/chipinventor/OpenLane/designs/spm/src/hdl.v:855$690_EN[31:0]$730 [0] $flatten\blk3672_11.$0$memwr$\regs$/chipinventor/OpenLane/designs/spm/src/hdl.v:855$690_EN[31:0]$730 [0] $flatten\blk3672_11.$0$memwr$\regs$/chipinventor/OpenLane/designs/spm/src/hdl.v:855$690_EN[31:0]$730 [0] $flatten\blk3672_11.$0$memwr$\regs$/chipinventor/OpenLane/designs/spm/src/hdl.v:855$690_EN[31:0]$730 [0] $flatten\blk3672_11.$0$memwr$\regs$/chipinventor/OpenLane/designs/spm/src/hdl.v:855$690_EN[31:0]$730 [0] $flatten\blk3672_11.$0$memwr$\regs$/chipinventor/OpenLane/designs/spm/src/hdl.v:855$690_EN[31:0]$730 [0] $flatten\blk3672_11.$0$memwr$\regs$/chipinventor/OpenLane/designs/spm/src/hdl.v:855$690_EN[31:0]$730 [0] $flatten\blk3672_11.$0$memwr$\regs$/chipinventor/OpenLane/designs/spm/src/hdl.v:855$690_EN[31:0]$730 [0] $flatten\blk3672_11.$0$memwr$\regs$/chipinventor/OpenLane/designs/spm/src/hdl.v:855$690_EN[31:0]$730 [0] $flatten\blk3672_11.$0$memwr$\regs$/chipinventor/OpenLane/designs/spm/src/hdl.v:855$690_EN[31:0]$730 [0] $flatten\blk3672_11.$0$memwr$\regs$/chipinventor/OpenLane/designs/spm/src/hdl.v:855$690_EN[31:0]$730 [0] $flatten\blk3672_11.$0$memwr$\regs$/chipinventor/OpenLane/designs/spm/src/hdl.v:855$690_EN[31:0]$730 [0] $flatten\blk3672_11.$0$memwr$\regs$/chipinventor/OpenLane/designs/spm/src/hdl.v:855$690_EN[31:0]$730 [0] $flatten\blk3672_11.$0$memwr$\regs$/chipinventor/OpenLane/designs/spm/src/hdl.v:855$690_EN[31:0]$730 [0] $flatten\blk3672_11.$0$memwr$\regs$/chipinventor/OpenLane/designs/spm/src/hdl.v:855$690_EN[31:0]$730 [0] $flatten\blk3672_11.$0$memwr$\regs$/chipinventor/OpenLane/designs/spm/src/hdl.v:855$690_EN[31:0]$730 [0] $flatten\blk3672_11.$0$memwr$\regs$/chipinventor/OpenLane/designs/spm/src/hdl.v:855$690_EN[31:0]$730 [0] $flatten\blk3672_11.$0$memwr$\regs$/chipinventor/OpenLane/designs/spm/src/hdl.v:855$690_EN[31:0]$730 [0] $flatten\blk3672_11.$0$memwr$\regs$/chipinventor/OpenLane/designs/spm/src/hdl.v:855$690_EN[31:0]$730 [0] $flatten\blk3672_11.$0$memwr$\regs$/chipinventor/OpenLane/designs/spm/src/hdl.v:855$690_EN[31:0]$730 [0] $flatten\blk3672_11.$0$memwr$\regs$/chipinventor/OpenLane/designs/spm/src/hdl.v:855$690_EN[31:0]$730 [0] $flatten\blk3672_11.$0$memwr$\regs$/chipinventor/OpenLane/designs/spm/src/hdl.v:855$690_EN[31:0]$730 [0] $flatten\blk3672_11.$0$memwr$\regs$/chipinventor/OpenLane/designs/spm/src/hdl.v:855$690_EN[31:0]$730 [0] $flatten\blk3672_11.$0$memwr$\regs$/chipinventor/OpenLane/designs/spm/src/hdl.v:855$690_EN[31:0]$730 [0] $flatten\blk3672_11.$0$memwr$\regs$/chipinventor/OpenLane/designs/spm/src/hdl.v:855$690_EN[31:0]$730 [0] $flatten\blk3672_11.$0$memwr$\regs$/chipinventor/OpenLane/designs/spm/src/hdl.v:855$690_EN[31:0]$730 [0] $flatten\blk3672_11.$0$memwr$\regs$/chipinventor/OpenLane/designs/spm/src/hdl.v:855$690_EN[31:0]$730 [0] $flatten\blk3672_11.$0$memwr$\regs$/chipinventor/OpenLane/designs/spm/src/hdl.v:855$690_EN[31:0]$730 [0] $flatten\blk3672_11.$0$memwr$\regs$/chipinventor/OpenLane/designs/spm/src/hdl.v:855$690_EN[31:0]$730 [0] }
    Consolidated identical input bits for $mux cell $flatten\blk3672_11.$procmux$1046:
      Old ports: A=0, B=32'11111111111111111111111111111111, Y=$flatten\blk3672_11.$0$memwr$\regs$/chipinventor/OpenLane/designs/spm/src/hdl.v:855$689_EN[31:0]$729
      New ports: A=1'0, B=1'1, Y=$flatten\blk3672_11.$0$memwr$\regs$/chipinventor/OpenLane/designs/spm/src/hdl.v:855$689_EN[31:0]$729 [0]
      New connections: $flatten\blk3672_11.$0$memwr$\regs$/chipinventor/OpenLane/designs/spm/src/hdl.v:855$689_EN[31:0]$729 [31:1] = { $flatten\blk3672_11.$0$memwr$\regs$/chipinventor/OpenLane/designs/spm/src/hdl.v:855$689_EN[31:0]$729 [0] $flatten\blk3672_11.$0$memwr$\regs$/chipinventor/OpenLane/designs/spm/src/hdl.v:855$689_EN[31:0]$729 [0] $flatten\blk3672_11.$0$memwr$\regs$/chipinventor/OpenLane/designs/spm/src/hdl.v:855$689_EN[31:0]$729 [0] $flatten\blk3672_11.$0$memwr$\regs$/chipinventor/OpenLane/designs/spm/src/hdl.v:855$689_EN[31:0]$729 [0] $flatten\blk3672_11.$0$memwr$\regs$/chipinventor/OpenLane/designs/spm/src/hdl.v:855$689_EN[31:0]$729 [0] $flatten\blk3672_11.$0$memwr$\regs$/chipinventor/OpenLane/designs/spm/src/hdl.v:855$689_EN[31:0]$729 [0] $flatten\blk3672_11.$0$memwr$\regs$/chipinventor/OpenLane/designs/spm/src/hdl.v:855$689_EN[31:0]$729 [0] $flatten\blk3672_11.$0$memwr$\regs$/chipinventor/OpenLane/designs/spm/src/hdl.v:855$689_EN[31:0]$729 [0] $flatten\blk3672_11.$0$memwr$\regs$/chipinventor/OpenLane/designs/spm/src/hdl.v:855$689_EN[31:0]$729 [0] $flatten\blk3672_11.$0$memwr$\regs$/chipinventor/OpenLane/designs/spm/src/hdl.v:855$689_EN[31:0]$729 [0] $flatten\blk3672_11.$0$memwr$\regs$/chipinventor/OpenLane/designs/spm/src/hdl.v:855$689_EN[31:0]$729 [0] $flatten\blk3672_11.$0$memwr$\regs$/chipinventor/OpenLane/designs/spm/src/hdl.v:855$689_EN[31:0]$729 [0] $flatten\blk3672_11.$0$memwr$\regs$/chipinventor/OpenLane/designs/spm/src/hdl.v:855$689_EN[31:0]$729 [0] $flatten\blk3672_11.$0$memwr$\regs$/chipinventor/OpenLane/designs/spm/src/hdl.v:855$689_EN[31:0]$729 [0] $flatten\blk3672_11.$0$memwr$\regs$/chipinventor/OpenLane/designs/spm/src/hdl.v:855$689_EN[31:0]$729 [0] $flatten\blk3672_11.$0$memwr$\regs$/chipinventor/OpenLane/designs/spm/src/hdl.v:855$689_EN[31:0]$729 [0] $flatten\blk3672_11.$0$memwr$\regs$/chipinventor/OpenLane/designs/spm/src/hdl.v:855$689_EN[31:0]$729 [0] $flatten\blk3672_11.$0$memwr$\regs$/chipinventor/OpenLane/designs/spm/src/hdl.v:855$689_EN[31:0]$729 [0] $flatten\blk3672_11.$0$memwr$\regs$/chipinventor/OpenLane/designs/spm/src/hdl.v:855$689_EN[31:0]$729 [0] $flatten\blk3672_11.$0$memwr$\regs$/chipinventor/OpenLane/designs/spm/src/hdl.v:855$689_EN[31:0]$729 [0] $flatten\blk3672_11.$0$memwr$\regs$/chipinventor/OpenLane/designs/spm/src/hdl.v:855$689_EN[31:0]$729 [0] $flatten\blk3672_11.$0$memwr$\regs$/chipinventor/OpenLane/designs/spm/src/hdl.v:855$689_EN[31:0]$729 [0] $flatten\blk3672_11.$0$memwr$\regs$/chipinventor/OpenLane/designs/spm/src/hdl.v:855$689_EN[31:0]$729 [0] $flatten\blk3672_11.$0$memwr$\regs$/chipinventor/OpenLane/designs/spm/src/hdl.v:855$689_EN[31:0]$729 [0] $flatten\blk3672_11.$0$memwr$\regs$/chipinventor/OpenLane/designs/spm/src/hdl.v:855$689_EN[31:0]$729 [0] $flatten\blk3672_11.$0$memwr$\regs$/chipinventor/OpenLane/designs/spm/src/hdl.v:855$689_EN[31:0]$729 [0] $flatten\blk3672_11.$0$memwr$\regs$/chipinventor/OpenLane/designs/spm/src/hdl.v:855$689_EN[31:0]$729 [0] $flatten\blk3672_11.$0$memwr$\regs$/chipinventor/OpenLane/designs/spm/src/hdl.v:855$689_EN[31:0]$729 [0] $flatten\blk3672_11.$0$memwr$\regs$/chipinventor/OpenLane/designs/spm/src/hdl.v:855$689_EN[31:0]$729 [0] $flatten\blk3672_11.$0$memwr$\regs$/chipinventor/OpenLane/designs/spm/src/hdl.v:855$689_EN[31:0]$729 [0] $flatten\blk3672_11.$0$memwr$\regs$/chipinventor/OpenLane/designs/spm/src/hdl.v:855$689_EN[31:0]$729 [0] }
    Consolidated identical input bits for $mux cell $flatten\blk3672_11.$procmux$1049:
      Old ports: A=0, B=32'11111111111111111111111111111111, Y=$flatten\blk3672_11.$0$memwr$\regs$/chipinventor/OpenLane/designs/spm/src/hdl.v:855$688_EN[31:0]$728
      New ports: A=1'0, B=1'1, Y=$flatten\blk3672_11.$0$memwr$\regs$/chipinventor/OpenLane/designs/spm/src/hdl.v:855$688_EN[31:0]$728 [0]
      New connections: $flatten\blk3672_11.$0$memwr$\regs$/chipinventor/OpenLane/designs/spm/src/hdl.v:855$688_EN[31:0]$728 [31:1] = { $flatten\blk3672_11.$0$memwr$\regs$/chipinventor/OpenLane/designs/spm/src/hdl.v:855$688_EN[31:0]$728 [0] $flatten\blk3672_11.$0$memwr$\regs$/chipinventor/OpenLane/designs/spm/src/hdl.v:855$688_EN[31:0]$728 [0] $flatten\blk3672_11.$0$memwr$\regs$/chipinventor/OpenLane/designs/spm/src/hdl.v:855$688_EN[31:0]$728 [0] $flatten\blk3672_11.$0$memwr$\regs$/chipinventor/OpenLane/designs/spm/src/hdl.v:855$688_EN[31:0]$728 [0] $flatten\blk3672_11.$0$memwr$\regs$/chipinventor/OpenLane/designs/spm/src/hdl.v:855$688_EN[31:0]$728 [0] $flatten\blk3672_11.$0$memwr$\regs$/chipinventor/OpenLane/designs/spm/src/hdl.v:855$688_EN[31:0]$728 [0] $flatten\blk3672_11.$0$memwr$\regs$/chipinventor/OpenLane/designs/spm/src/hdl.v:855$688_EN[31:0]$728 [0] $flatten\blk3672_11.$0$memwr$\regs$/chipinventor/OpenLane/designs/spm/src/hdl.v:855$688_EN[31:0]$728 [0] $flatten\blk3672_11.$0$memwr$\regs$/chipinventor/OpenLane/designs/spm/src/hdl.v:855$688_EN[31:0]$728 [0] $flatten\blk3672_11.$0$memwr$\regs$/chipinventor/OpenLane/designs/spm/src/hdl.v:855$688_EN[31:0]$728 [0] $flatten\blk3672_11.$0$memwr$\regs$/chipinventor/OpenLane/designs/spm/src/hdl.v:855$688_EN[31:0]$728 [0] $flatten\blk3672_11.$0$memwr$\regs$/chipinventor/OpenLane/designs/spm/src/hdl.v:855$688_EN[31:0]$728 [0] $flatten\blk3672_11.$0$memwr$\regs$/chipinventor/OpenLane/designs/spm/src/hdl.v:855$688_EN[31:0]$728 [0] $flatten\blk3672_11.$0$memwr$\regs$/chipinventor/OpenLane/designs/spm/src/hdl.v:855$688_EN[31:0]$728 [0] $flatten\blk3672_11.$0$memwr$\regs$/chipinventor/OpenLane/designs/spm/src/hdl.v:855$688_EN[31:0]$728 [0] $flatten\blk3672_11.$0$memwr$\regs$/chipinventor/OpenLane/designs/spm/src/hdl.v:855$688_EN[31:0]$728 [0] $flatten\blk3672_11.$0$memwr$\regs$/chipinventor/OpenLane/designs/spm/src/hdl.v:855$688_EN[31:0]$728 [0] $flatten\blk3672_11.$0$memwr$\regs$/chipinventor/OpenLane/designs/spm/src/hdl.v:855$688_EN[31:0]$728 [0] $flatten\blk3672_11.$0$memwr$\regs$/chipinventor/OpenLane/designs/spm/src/hdl.v:855$688_EN[31:0]$728 [0] $flatten\blk3672_11.$0$memwr$\regs$/chipinventor/OpenLane/designs/spm/src/hdl.v:855$688_EN[31:0]$728 [0] $flatten\blk3672_11.$0$memwr$\regs$/chipinventor/OpenLane/designs/spm/src/hdl.v:855$688_EN[31:0]$728 [0] $flatten\blk3672_11.$0$memwr$\regs$/chipinventor/OpenLane/designs/spm/src/hdl.v:855$688_EN[31:0]$728 [0] $flatten\blk3672_11.$0$memwr$\regs$/chipinventor/OpenLane/designs/spm/src/hdl.v:855$688_EN[31:0]$728 [0] $flatten\blk3672_11.$0$memwr$\regs$/chipinventor/OpenLane/designs/spm/src/hdl.v:855$688_EN[31:0]$728 [0] $flatten\blk3672_11.$0$memwr$\regs$/chipinventor/OpenLane/designs/spm/src/hdl.v:855$688_EN[31:0]$728 [0] $flatten\blk3672_11.$0$memwr$\regs$/chipinventor/OpenLane/designs/spm/src/hdl.v:855$688_EN[31:0]$728 [0] $flatten\blk3672_11.$0$memwr$\regs$/chipinventor/OpenLane/designs/spm/src/hdl.v:855$688_EN[31:0]$728 [0] $flatten\blk3672_11.$0$memwr$\regs$/chipinventor/OpenLane/designs/spm/src/hdl.v:855$688_EN[31:0]$728 [0] $flatten\blk3672_11.$0$memwr$\regs$/chipinventor/OpenLane/designs/spm/src/hdl.v:855$688_EN[31:0]$728 [0] $flatten\blk3672_11.$0$memwr$\regs$/chipinventor/OpenLane/designs/spm/src/hdl.v:855$688_EN[31:0]$728 [0] $flatten\blk3672_11.$0$memwr$\regs$/chipinventor/OpenLane/designs/spm/src/hdl.v:855$688_EN[31:0]$728 [0] }
    Consolidated identical input bits for $mux cell $flatten\blk3672_11.$procmux$1052:
      Old ports: A=0, B=32'11111111111111111111111111111111, Y=$flatten\blk3672_11.$0$memwr$\regs$/chipinventor/OpenLane/designs/spm/src/hdl.v:855$687_EN[31:0]$727
      New ports: A=1'0, B=1'1, Y=$flatten\blk3672_11.$0$memwr$\regs$/chipinventor/OpenLane/designs/spm/src/hdl.v:855$687_EN[31:0]$727 [0]
      New connections: $flatten\blk3672_11.$0$memwr$\regs$/chipinventor/OpenLane/designs/spm/src/hdl.v:855$687_EN[31:0]$727 [31:1] = { $flatten\blk3672_11.$0$memwr$\regs$/chipinventor/OpenLane/designs/spm/src/hdl.v:855$687_EN[31:0]$727 [0] $flatten\blk3672_11.$0$memwr$\regs$/chipinventor/OpenLane/designs/spm/src/hdl.v:855$687_EN[31:0]$727 [0] $flatten\blk3672_11.$0$memwr$\regs$/chipinventor/OpenLane/designs/spm/src/hdl.v:855$687_EN[31:0]$727 [0] $flatten\blk3672_11.$0$memwr$\regs$/chipinventor/OpenLane/designs/spm/src/hdl.v:855$687_EN[31:0]$727 [0] $flatten\blk3672_11.$0$memwr$\regs$/chipinventor/OpenLane/designs/spm/src/hdl.v:855$687_EN[31:0]$727 [0] $flatten\blk3672_11.$0$memwr$\regs$/chipinventor/OpenLane/designs/spm/src/hdl.v:855$687_EN[31:0]$727 [0] $flatten\blk3672_11.$0$memwr$\regs$/chipinventor/OpenLane/designs/spm/src/hdl.v:855$687_EN[31:0]$727 [0] $flatten\blk3672_11.$0$memwr$\regs$/chipinventor/OpenLane/designs/spm/src/hdl.v:855$687_EN[31:0]$727 [0] $flatten\blk3672_11.$0$memwr$\regs$/chipinventor/OpenLane/designs/spm/src/hdl.v:855$687_EN[31:0]$727 [0] $flatten\blk3672_11.$0$memwr$\regs$/chipinventor/OpenLane/designs/spm/src/hdl.v:855$687_EN[31:0]$727 [0] $flatten\blk3672_11.$0$memwr$\regs$/chipinventor/OpenLane/designs/spm/src/hdl.v:855$687_EN[31:0]$727 [0] $flatten\blk3672_11.$0$memwr$\regs$/chipinventor/OpenLane/designs/spm/src/hdl.v:855$687_EN[31:0]$727 [0] $flatten\blk3672_11.$0$memwr$\regs$/chipinventor/OpenLane/designs/spm/src/hdl.v:855$687_EN[31:0]$727 [0] $flatten\blk3672_11.$0$memwr$\regs$/chipinventor/OpenLane/designs/spm/src/hdl.v:855$687_EN[31:0]$727 [0] $flatten\blk3672_11.$0$memwr$\regs$/chipinventor/OpenLane/designs/spm/src/hdl.v:855$687_EN[31:0]$727 [0] $flatten\blk3672_11.$0$memwr$\regs$/chipinventor/OpenLane/designs/spm/src/hdl.v:855$687_EN[31:0]$727 [0] $flatten\blk3672_11.$0$memwr$\regs$/chipinventor/OpenLane/designs/spm/src/hdl.v:855$687_EN[31:0]$727 [0] $flatten\blk3672_11.$0$memwr$\regs$/chipinventor/OpenLane/designs/spm/src/hdl.v:855$687_EN[31:0]$727 [0] $flatten\blk3672_11.$0$memwr$\regs$/chipinventor/OpenLane/designs/spm/src/hdl.v:855$687_EN[31:0]$727 [0] $flatten\blk3672_11.$0$memwr$\regs$/chipinventor/OpenLane/designs/spm/src/hdl.v:855$687_EN[31:0]$727 [0] $flatten\blk3672_11.$0$memwr$\regs$/chipinventor/OpenLane/designs/spm/src/hdl.v:855$687_EN[31:0]$727 [0] $flatten\blk3672_11.$0$memwr$\regs$/chipinventor/OpenLane/designs/spm/src/hdl.v:855$687_EN[31:0]$727 [0] $flatten\blk3672_11.$0$memwr$\regs$/chipinventor/OpenLane/designs/spm/src/hdl.v:855$687_EN[31:0]$727 [0] $flatten\blk3672_11.$0$memwr$\regs$/chipinventor/OpenLane/designs/spm/src/hdl.v:855$687_EN[31:0]$727 [0] $flatten\blk3672_11.$0$memwr$\regs$/chipinventor/OpenLane/designs/spm/src/hdl.v:855$687_EN[31:0]$727 [0] $flatten\blk3672_11.$0$memwr$\regs$/chipinventor/OpenLane/designs/spm/src/hdl.v:855$687_EN[31:0]$727 [0] $flatten\blk3672_11.$0$memwr$\regs$/chipinventor/OpenLane/designs/spm/src/hdl.v:855$687_EN[31:0]$727 [0] $flatten\blk3672_11.$0$memwr$\regs$/chipinventor/OpenLane/designs/spm/src/hdl.v:855$687_EN[31:0]$727 [0] $flatten\blk3672_11.$0$memwr$\regs$/chipinventor/OpenLane/designs/spm/src/hdl.v:855$687_EN[31:0]$727 [0] $flatten\blk3672_11.$0$memwr$\regs$/chipinventor/OpenLane/designs/spm/src/hdl.v:855$687_EN[31:0]$727 [0] $flatten\blk3672_11.$0$memwr$\regs$/chipinventor/OpenLane/designs/spm/src/hdl.v:855$687_EN[31:0]$727 [0] }
    Consolidated identical input bits for $mux cell $flatten\blk3672_11.$procmux$1055:
      Old ports: A=0, B=32'11111111111111111111111111111111, Y=$flatten\blk3672_11.$0$memwr$\regs$/chipinventor/OpenLane/designs/spm/src/hdl.v:855$686_EN[31:0]$726
      New ports: A=1'0, B=1'1, Y=$flatten\blk3672_11.$0$memwr$\regs$/chipinventor/OpenLane/designs/spm/src/hdl.v:855$686_EN[31:0]$726 [0]
      New connections: $flatten\blk3672_11.$0$memwr$\regs$/chipinventor/OpenLane/designs/spm/src/hdl.v:855$686_EN[31:0]$726 [31:1] = { $flatten\blk3672_11.$0$memwr$\regs$/chipinventor/OpenLane/designs/spm/src/hdl.v:855$686_EN[31:0]$726 [0] $flatten\blk3672_11.$0$memwr$\regs$/chipinventor/OpenLane/designs/spm/src/hdl.v:855$686_EN[31:0]$726 [0] $flatten\blk3672_11.$0$memwr$\regs$/chipinventor/OpenLane/designs/spm/src/hdl.v:855$686_EN[31:0]$726 [0] $flatten\blk3672_11.$0$memwr$\regs$/chipinventor/OpenLane/designs/spm/src/hdl.v:855$686_EN[31:0]$726 [0] $flatten\blk3672_11.$0$memwr$\regs$/chipinventor/OpenLane/designs/spm/src/hdl.v:855$686_EN[31:0]$726 [0] $flatten\blk3672_11.$0$memwr$\regs$/chipinventor/OpenLane/designs/spm/src/hdl.v:855$686_EN[31:0]$726 [0] $flatten\blk3672_11.$0$memwr$\regs$/chipinventor/OpenLane/designs/spm/src/hdl.v:855$686_EN[31:0]$726 [0] $flatten\blk3672_11.$0$memwr$\regs$/chipinventor/OpenLane/designs/spm/src/hdl.v:855$686_EN[31:0]$726 [0] $flatten\blk3672_11.$0$memwr$\regs$/chipinventor/OpenLane/designs/spm/src/hdl.v:855$686_EN[31:0]$726 [0] $flatten\blk3672_11.$0$memwr$\regs$/chipinventor/OpenLane/designs/spm/src/hdl.v:855$686_EN[31:0]$726 [0] $flatten\blk3672_11.$0$memwr$\regs$/chipinventor/OpenLane/designs/spm/src/hdl.v:855$686_EN[31:0]$726 [0] $flatten\blk3672_11.$0$memwr$\regs$/chipinventor/OpenLane/designs/spm/src/hdl.v:855$686_EN[31:0]$726 [0] $flatten\blk3672_11.$0$memwr$\regs$/chipinventor/OpenLane/designs/spm/src/hdl.v:855$686_EN[31:0]$726 [0] $flatten\blk3672_11.$0$memwr$\regs$/chipinventor/OpenLane/designs/spm/src/hdl.v:855$686_EN[31:0]$726 [0] $flatten\blk3672_11.$0$memwr$\regs$/chipinventor/OpenLane/designs/spm/src/hdl.v:855$686_EN[31:0]$726 [0] $flatten\blk3672_11.$0$memwr$\regs$/chipinventor/OpenLane/designs/spm/src/hdl.v:855$686_EN[31:0]$726 [0] $flatten\blk3672_11.$0$memwr$\regs$/chipinventor/OpenLane/designs/spm/src/hdl.v:855$686_EN[31:0]$726 [0] $flatten\blk3672_11.$0$memwr$\regs$/chipinventor/OpenLane/designs/spm/src/hdl.v:855$686_EN[31:0]$726 [0] $flatten\blk3672_11.$0$memwr$\regs$/chipinventor/OpenLane/designs/spm/src/hdl.v:855$686_EN[31:0]$726 [0] $flatten\blk3672_11.$0$memwr$\regs$/chipinventor/OpenLane/designs/spm/src/hdl.v:855$686_EN[31:0]$726 [0] $flatten\blk3672_11.$0$memwr$\regs$/chipinventor/OpenLane/designs/spm/src/hdl.v:855$686_EN[31:0]$726 [0] $flatten\blk3672_11.$0$memwr$\regs$/chipinventor/OpenLane/designs/spm/src/hdl.v:855$686_EN[31:0]$726 [0] $flatten\blk3672_11.$0$memwr$\regs$/chipinventor/OpenLane/designs/spm/src/hdl.v:855$686_EN[31:0]$726 [0] $flatten\blk3672_11.$0$memwr$\regs$/chipinventor/OpenLane/designs/spm/src/hdl.v:855$686_EN[31:0]$726 [0] $flatten\blk3672_11.$0$memwr$\regs$/chipinventor/OpenLane/designs/spm/src/hdl.v:855$686_EN[31:0]$726 [0] $flatten\blk3672_11.$0$memwr$\regs$/chipinventor/OpenLane/designs/spm/src/hdl.v:855$686_EN[31:0]$726 [0] $flatten\blk3672_11.$0$memwr$\regs$/chipinventor/OpenLane/designs/spm/src/hdl.v:855$686_EN[31:0]$726 [0] $flatten\blk3672_11.$0$memwr$\regs$/chipinventor/OpenLane/designs/spm/src/hdl.v:855$686_EN[31:0]$726 [0] $flatten\blk3672_11.$0$memwr$\regs$/chipinventor/OpenLane/designs/spm/src/hdl.v:855$686_EN[31:0]$726 [0] $flatten\blk3672_11.$0$memwr$\regs$/chipinventor/OpenLane/designs/spm/src/hdl.v:855$686_EN[31:0]$726 [0] $flatten\blk3672_11.$0$memwr$\regs$/chipinventor/OpenLane/designs/spm/src/hdl.v:855$686_EN[31:0]$726 [0] }
    Consolidated identical input bits for $mux cell $flatten\blk3672_11.$procmux$1058:
      Old ports: A=0, B=32'11111111111111111111111111111111, Y=$flatten\blk3672_11.$0$memwr$\regs$/chipinventor/OpenLane/designs/spm/src/hdl.v:855$685_EN[31:0]$725
      New ports: A=1'0, B=1'1, Y=$flatten\blk3672_11.$0$memwr$\regs$/chipinventor/OpenLane/designs/spm/src/hdl.v:855$685_EN[31:0]$725 [0]
      New connections: $flatten\blk3672_11.$0$memwr$\regs$/chipinventor/OpenLane/designs/spm/src/hdl.v:855$685_EN[31:0]$725 [31:1] = { $flatten\blk3672_11.$0$memwr$\regs$/chipinventor/OpenLane/designs/spm/src/hdl.v:855$685_EN[31:0]$725 [0] $flatten\blk3672_11.$0$memwr$\regs$/chipinventor/OpenLane/designs/spm/src/hdl.v:855$685_EN[31:0]$725 [0] $flatten\blk3672_11.$0$memwr$\regs$/chipinventor/OpenLane/designs/spm/src/hdl.v:855$685_EN[31:0]$725 [0] $flatten\blk3672_11.$0$memwr$\regs$/chipinventor/OpenLane/designs/spm/src/hdl.v:855$685_EN[31:0]$725 [0] $flatten\blk3672_11.$0$memwr$\regs$/chipinventor/OpenLane/designs/spm/src/hdl.v:855$685_EN[31:0]$725 [0] $flatten\blk3672_11.$0$memwr$\regs$/chipinventor/OpenLane/designs/spm/src/hdl.v:855$685_EN[31:0]$725 [0] $flatten\blk3672_11.$0$memwr$\regs$/chipinventor/OpenLane/designs/spm/src/hdl.v:855$685_EN[31:0]$725 [0] $flatten\blk3672_11.$0$memwr$\regs$/chipinventor/OpenLane/designs/spm/src/hdl.v:855$685_EN[31:0]$725 [0] $flatten\blk3672_11.$0$memwr$\regs$/chipinventor/OpenLane/designs/spm/src/hdl.v:855$685_EN[31:0]$725 [0] $flatten\blk3672_11.$0$memwr$\regs$/chipinventor/OpenLane/designs/spm/src/hdl.v:855$685_EN[31:0]$725 [0] $flatten\blk3672_11.$0$memwr$\regs$/chipinventor/OpenLane/designs/spm/src/hdl.v:855$685_EN[31:0]$725 [0] $flatten\blk3672_11.$0$memwr$\regs$/chipinventor/OpenLane/designs/spm/src/hdl.v:855$685_EN[31:0]$725 [0] $flatten\blk3672_11.$0$memwr$\regs$/chipinventor/OpenLane/designs/spm/src/hdl.v:855$685_EN[31:0]$725 [0] $flatten\blk3672_11.$0$memwr$\regs$/chipinventor/OpenLane/designs/spm/src/hdl.v:855$685_EN[31:0]$725 [0] $flatten\blk3672_11.$0$memwr$\regs$/chipinventor/OpenLane/designs/spm/src/hdl.v:855$685_EN[31:0]$725 [0] $flatten\blk3672_11.$0$memwr$\regs$/chipinventor/OpenLane/designs/spm/src/hdl.v:855$685_EN[31:0]$725 [0] $flatten\blk3672_11.$0$memwr$\regs$/chipinventor/OpenLane/designs/spm/src/hdl.v:855$685_EN[31:0]$725 [0] $flatten\blk3672_11.$0$memwr$\regs$/chipinventor/OpenLane/designs/spm/src/hdl.v:855$685_EN[31:0]$725 [0] $flatten\blk3672_11.$0$memwr$\regs$/chipinventor/OpenLane/designs/spm/src/hdl.v:855$685_EN[31:0]$725 [0] $flatten\blk3672_11.$0$memwr$\regs$/chipinventor/OpenLane/designs/spm/src/hdl.v:855$685_EN[31:0]$725 [0] $flatten\blk3672_11.$0$memwr$\regs$/chipinventor/OpenLane/designs/spm/src/hdl.v:855$685_EN[31:0]$725 [0] $flatten\blk3672_11.$0$memwr$\regs$/chipinventor/OpenLane/designs/spm/src/hdl.v:855$685_EN[31:0]$725 [0] $flatten\blk3672_11.$0$memwr$\regs$/chipinventor/OpenLane/designs/spm/src/hdl.v:855$685_EN[31:0]$725 [0] $flatten\blk3672_11.$0$memwr$\regs$/chipinventor/OpenLane/designs/spm/src/hdl.v:855$685_EN[31:0]$725 [0] $flatten\blk3672_11.$0$memwr$\regs$/chipinventor/OpenLane/designs/spm/src/hdl.v:855$685_EN[31:0]$725 [0] $flatten\blk3672_11.$0$memwr$\regs$/chipinventor/OpenLane/designs/spm/src/hdl.v:855$685_EN[31:0]$725 [0] $flatten\blk3672_11.$0$memwr$\regs$/chipinventor/OpenLane/designs/spm/src/hdl.v:855$685_EN[31:0]$725 [0] $flatten\blk3672_11.$0$memwr$\regs$/chipinventor/OpenLane/designs/spm/src/hdl.v:855$685_EN[31:0]$725 [0] $flatten\blk3672_11.$0$memwr$\regs$/chipinventor/OpenLane/designs/spm/src/hdl.v:855$685_EN[31:0]$725 [0] $flatten\blk3672_11.$0$memwr$\regs$/chipinventor/OpenLane/designs/spm/src/hdl.v:855$685_EN[31:0]$725 [0] $flatten\blk3672_11.$0$memwr$\regs$/chipinventor/OpenLane/designs/spm/src/hdl.v:855$685_EN[31:0]$725 [0] }
    Consolidated identical input bits for $mux cell $flatten\blk3672_11.$procmux$1061:
      Old ports: A=0, B=32'11111111111111111111111111111111, Y=$flatten\blk3672_11.$0$memwr$\regs$/chipinventor/OpenLane/designs/spm/src/hdl.v:855$684_EN[31:0]$724
      New ports: A=1'0, B=1'1, Y=$flatten\blk3672_11.$0$memwr$\regs$/chipinventor/OpenLane/designs/spm/src/hdl.v:855$684_EN[31:0]$724 [0]
      New connections: $flatten\blk3672_11.$0$memwr$\regs$/chipinventor/OpenLane/designs/spm/src/hdl.v:855$684_EN[31:0]$724 [31:1] = { $flatten\blk3672_11.$0$memwr$\regs$/chipinventor/OpenLane/designs/spm/src/hdl.v:855$684_EN[31:0]$724 [0] $flatten\blk3672_11.$0$memwr$\regs$/chipinventor/OpenLane/designs/spm/src/hdl.v:855$684_EN[31:0]$724 [0] $flatten\blk3672_11.$0$memwr$\regs$/chipinventor/OpenLane/designs/spm/src/hdl.v:855$684_EN[31:0]$724 [0] $flatten\blk3672_11.$0$memwr$\regs$/chipinventor/OpenLane/designs/spm/src/hdl.v:855$684_EN[31:0]$724 [0] $flatten\blk3672_11.$0$memwr$\regs$/chipinventor/OpenLane/designs/spm/src/hdl.v:855$684_EN[31:0]$724 [0] $flatten\blk3672_11.$0$memwr$\regs$/chipinventor/OpenLane/designs/spm/src/hdl.v:855$684_EN[31:0]$724 [0] $flatten\blk3672_11.$0$memwr$\regs$/chipinventor/OpenLane/designs/spm/src/hdl.v:855$684_EN[31:0]$724 [0] $flatten\blk3672_11.$0$memwr$\regs$/chipinventor/OpenLane/designs/spm/src/hdl.v:855$684_EN[31:0]$724 [0] $flatten\blk3672_11.$0$memwr$\regs$/chipinventor/OpenLane/designs/spm/src/hdl.v:855$684_EN[31:0]$724 [0] $flatten\blk3672_11.$0$memwr$\regs$/chipinventor/OpenLane/designs/spm/src/hdl.v:855$684_EN[31:0]$724 [0] $flatten\blk3672_11.$0$memwr$\regs$/chipinventor/OpenLane/designs/spm/src/hdl.v:855$684_EN[31:0]$724 [0] $flatten\blk3672_11.$0$memwr$\regs$/chipinventor/OpenLane/designs/spm/src/hdl.v:855$684_EN[31:0]$724 [0] $flatten\blk3672_11.$0$memwr$\regs$/chipinventor/OpenLane/designs/spm/src/hdl.v:855$684_EN[31:0]$724 [0] $flatten\blk3672_11.$0$memwr$\regs$/chipinventor/OpenLane/designs/spm/src/hdl.v:855$684_EN[31:0]$724 [0] $flatten\blk3672_11.$0$memwr$\regs$/chipinventor/OpenLane/designs/spm/src/hdl.v:855$684_EN[31:0]$724 [0] $flatten\blk3672_11.$0$memwr$\regs$/chipinventor/OpenLane/designs/spm/src/hdl.v:855$684_EN[31:0]$724 [0] $flatten\blk3672_11.$0$memwr$\regs$/chipinventor/OpenLane/designs/spm/src/hdl.v:855$684_EN[31:0]$724 [0] $flatten\blk3672_11.$0$memwr$\regs$/chipinventor/OpenLane/designs/spm/src/hdl.v:855$684_EN[31:0]$724 [0] $flatten\blk3672_11.$0$memwr$\regs$/chipinventor/OpenLane/designs/spm/src/hdl.v:855$684_EN[31:0]$724 [0] $flatten\blk3672_11.$0$memwr$\regs$/chipinventor/OpenLane/designs/spm/src/hdl.v:855$684_EN[31:0]$724 [0] $flatten\blk3672_11.$0$memwr$\regs$/chipinventor/OpenLane/designs/spm/src/hdl.v:855$684_EN[31:0]$724 [0] $flatten\blk3672_11.$0$memwr$\regs$/chipinventor/OpenLane/designs/spm/src/hdl.v:855$684_EN[31:0]$724 [0] $flatten\blk3672_11.$0$memwr$\regs$/chipinventor/OpenLane/designs/spm/src/hdl.v:855$684_EN[31:0]$724 [0] $flatten\blk3672_11.$0$memwr$\regs$/chipinventor/OpenLane/designs/spm/src/hdl.v:855$684_EN[31:0]$724 [0] $flatten\blk3672_11.$0$memwr$\regs$/chipinventor/OpenLane/designs/spm/src/hdl.v:855$684_EN[31:0]$724 [0] $flatten\blk3672_11.$0$memwr$\regs$/chipinventor/OpenLane/designs/spm/src/hdl.v:855$684_EN[31:0]$724 [0] $flatten\blk3672_11.$0$memwr$\regs$/chipinventor/OpenLane/designs/spm/src/hdl.v:855$684_EN[31:0]$724 [0] $flatten\blk3672_11.$0$memwr$\regs$/chipinventor/OpenLane/designs/spm/src/hdl.v:855$684_EN[31:0]$724 [0] $flatten\blk3672_11.$0$memwr$\regs$/chipinventor/OpenLane/designs/spm/src/hdl.v:855$684_EN[31:0]$724 [0] $flatten\blk3672_11.$0$memwr$\regs$/chipinventor/OpenLane/designs/spm/src/hdl.v:855$684_EN[31:0]$724 [0] $flatten\blk3672_11.$0$memwr$\regs$/chipinventor/OpenLane/designs/spm/src/hdl.v:855$684_EN[31:0]$724 [0] }
    Consolidated identical input bits for $mux cell $flatten\blk3672_11.$procmux$1064:
      Old ports: A=0, B=32'11111111111111111111111111111111, Y=$flatten\blk3672_11.$0$memwr$\regs$/chipinventor/OpenLane/designs/spm/src/hdl.v:855$683_EN[31:0]$723
      New ports: A=1'0, B=1'1, Y=$flatten\blk3672_11.$0$memwr$\regs$/chipinventor/OpenLane/designs/spm/src/hdl.v:855$683_EN[31:0]$723 [0]
      New connections: $flatten\blk3672_11.$0$memwr$\regs$/chipinventor/OpenLane/designs/spm/src/hdl.v:855$683_EN[31:0]$723 [31:1] = { $flatten\blk3672_11.$0$memwr$\regs$/chipinventor/OpenLane/designs/spm/src/hdl.v:855$683_EN[31:0]$723 [0] $flatten\blk3672_11.$0$memwr$\regs$/chipinventor/OpenLane/designs/spm/src/hdl.v:855$683_EN[31:0]$723 [0] $flatten\blk3672_11.$0$memwr$\regs$/chipinventor/OpenLane/designs/spm/src/hdl.v:855$683_EN[31:0]$723 [0] $flatten\blk3672_11.$0$memwr$\regs$/chipinventor/OpenLane/designs/spm/src/hdl.v:855$683_EN[31:0]$723 [0] $flatten\blk3672_11.$0$memwr$\regs$/chipinventor/OpenLane/designs/spm/src/hdl.v:855$683_EN[31:0]$723 [0] $flatten\blk3672_11.$0$memwr$\regs$/chipinventor/OpenLane/designs/spm/src/hdl.v:855$683_EN[31:0]$723 [0] $flatten\blk3672_11.$0$memwr$\regs$/chipinventor/OpenLane/designs/spm/src/hdl.v:855$683_EN[31:0]$723 [0] $flatten\blk3672_11.$0$memwr$\regs$/chipinventor/OpenLane/designs/spm/src/hdl.v:855$683_EN[31:0]$723 [0] $flatten\blk3672_11.$0$memwr$\regs$/chipinventor/OpenLane/designs/spm/src/hdl.v:855$683_EN[31:0]$723 [0] $flatten\blk3672_11.$0$memwr$\regs$/chipinventor/OpenLane/designs/spm/src/hdl.v:855$683_EN[31:0]$723 [0] $flatten\blk3672_11.$0$memwr$\regs$/chipinventor/OpenLane/designs/spm/src/hdl.v:855$683_EN[31:0]$723 [0] $flatten\blk3672_11.$0$memwr$\regs$/chipinventor/OpenLane/designs/spm/src/hdl.v:855$683_EN[31:0]$723 [0] $flatten\blk3672_11.$0$memwr$\regs$/chipinventor/OpenLane/designs/spm/src/hdl.v:855$683_EN[31:0]$723 [0] $flatten\blk3672_11.$0$memwr$\regs$/chipinventor/OpenLane/designs/spm/src/hdl.v:855$683_EN[31:0]$723 [0] $flatten\blk3672_11.$0$memwr$\regs$/chipinventor/OpenLane/designs/spm/src/hdl.v:855$683_EN[31:0]$723 [0] $flatten\blk3672_11.$0$memwr$\regs$/chipinventor/OpenLane/designs/spm/src/hdl.v:855$683_EN[31:0]$723 [0] $flatten\blk3672_11.$0$memwr$\regs$/chipinventor/OpenLane/designs/spm/src/hdl.v:855$683_EN[31:0]$723 [0] $flatten\blk3672_11.$0$memwr$\regs$/chipinventor/OpenLane/designs/spm/src/hdl.v:855$683_EN[31:0]$723 [0] $flatten\blk3672_11.$0$memwr$\regs$/chipinventor/OpenLane/designs/spm/src/hdl.v:855$683_EN[31:0]$723 [0] $flatten\blk3672_11.$0$memwr$\regs$/chipinventor/OpenLane/designs/spm/src/hdl.v:855$683_EN[31:0]$723 [0] $flatten\blk3672_11.$0$memwr$\regs$/chipinventor/OpenLane/designs/spm/src/hdl.v:855$683_EN[31:0]$723 [0] $flatten\blk3672_11.$0$memwr$\regs$/chipinventor/OpenLane/designs/spm/src/hdl.v:855$683_EN[31:0]$723 [0] $flatten\blk3672_11.$0$memwr$\regs$/chipinventor/OpenLane/designs/spm/src/hdl.v:855$683_EN[31:0]$723 [0] $flatten\blk3672_11.$0$memwr$\regs$/chipinventor/OpenLane/designs/spm/src/hdl.v:855$683_EN[31:0]$723 [0] $flatten\blk3672_11.$0$memwr$\regs$/chipinventor/OpenLane/designs/spm/src/hdl.v:855$683_EN[31:0]$723 [0] $flatten\blk3672_11.$0$memwr$\regs$/chipinventor/OpenLane/designs/spm/src/hdl.v:855$683_EN[31:0]$723 [0] $flatten\blk3672_11.$0$memwr$\regs$/chipinventor/OpenLane/designs/spm/src/hdl.v:855$683_EN[31:0]$723 [0] $flatten\blk3672_11.$0$memwr$\regs$/chipinventor/OpenLane/designs/spm/src/hdl.v:855$683_EN[31:0]$723 [0] $flatten\blk3672_11.$0$memwr$\regs$/chipinventor/OpenLane/designs/spm/src/hdl.v:855$683_EN[31:0]$723 [0] $flatten\blk3672_11.$0$memwr$\regs$/chipinventor/OpenLane/designs/spm/src/hdl.v:855$683_EN[31:0]$723 [0] $flatten\blk3672_11.$0$memwr$\regs$/chipinventor/OpenLane/designs/spm/src/hdl.v:855$683_EN[31:0]$723 [0] }
    Consolidated identical input bits for $mux cell $flatten\blk3672_11.$procmux$1067:
      Old ports: A=0, B=32'11111111111111111111111111111111, Y=$flatten\blk3672_11.$0$memwr$\regs$/chipinventor/OpenLane/designs/spm/src/hdl.v:855$682_EN[31:0]$722
      New ports: A=1'0, B=1'1, Y=$flatten\blk3672_11.$0$memwr$\regs$/chipinventor/OpenLane/designs/spm/src/hdl.v:855$682_EN[31:0]$722 [0]
      New connections: $flatten\blk3672_11.$0$memwr$\regs$/chipinventor/OpenLane/designs/spm/src/hdl.v:855$682_EN[31:0]$722 [31:1] = { $flatten\blk3672_11.$0$memwr$\regs$/chipinventor/OpenLane/designs/spm/src/hdl.v:855$682_EN[31:0]$722 [0] $flatten\blk3672_11.$0$memwr$\regs$/chipinventor/OpenLane/designs/spm/src/hdl.v:855$682_EN[31:0]$722 [0] $flatten\blk3672_11.$0$memwr$\regs$/chipinventor/OpenLane/designs/spm/src/hdl.v:855$682_EN[31:0]$722 [0] $flatten\blk3672_11.$0$memwr$\regs$/chipinventor/OpenLane/designs/spm/src/hdl.v:855$682_EN[31:0]$722 [0] $flatten\blk3672_11.$0$memwr$\regs$/chipinventor/OpenLane/designs/spm/src/hdl.v:855$682_EN[31:0]$722 [0] $flatten\blk3672_11.$0$memwr$\regs$/chipinventor/OpenLane/designs/spm/src/hdl.v:855$682_EN[31:0]$722 [0] $flatten\blk3672_11.$0$memwr$\regs$/chipinventor/OpenLane/designs/spm/src/hdl.v:855$682_EN[31:0]$722 [0] $flatten\blk3672_11.$0$memwr$\regs$/chipinventor/OpenLane/designs/spm/src/hdl.v:855$682_EN[31:0]$722 [0] $flatten\blk3672_11.$0$memwr$\regs$/chipinventor/OpenLane/designs/spm/src/hdl.v:855$682_EN[31:0]$722 [0] $flatten\blk3672_11.$0$memwr$\regs$/chipinventor/OpenLane/designs/spm/src/hdl.v:855$682_EN[31:0]$722 [0] $flatten\blk3672_11.$0$memwr$\regs$/chipinventor/OpenLane/designs/spm/src/hdl.v:855$682_EN[31:0]$722 [0] $flatten\blk3672_11.$0$memwr$\regs$/chipinventor/OpenLane/designs/spm/src/hdl.v:855$682_EN[31:0]$722 [0] $flatten\blk3672_11.$0$memwr$\regs$/chipinventor/OpenLane/designs/spm/src/hdl.v:855$682_EN[31:0]$722 [0] $flatten\blk3672_11.$0$memwr$\regs$/chipinventor/OpenLane/designs/spm/src/hdl.v:855$682_EN[31:0]$722 [0] $flatten\blk3672_11.$0$memwr$\regs$/chipinventor/OpenLane/designs/spm/src/hdl.v:855$682_EN[31:0]$722 [0] $flatten\blk3672_11.$0$memwr$\regs$/chipinventor/OpenLane/designs/spm/src/hdl.v:855$682_EN[31:0]$722 [0] $flatten\blk3672_11.$0$memwr$\regs$/chipinventor/OpenLane/designs/spm/src/hdl.v:855$682_EN[31:0]$722 [0] $flatten\blk3672_11.$0$memwr$\regs$/chipinventor/OpenLane/designs/spm/src/hdl.v:855$682_EN[31:0]$722 [0] $flatten\blk3672_11.$0$memwr$\regs$/chipinventor/OpenLane/designs/spm/src/hdl.v:855$682_EN[31:0]$722 [0] $flatten\blk3672_11.$0$memwr$\regs$/chipinventor/OpenLane/designs/spm/src/hdl.v:855$682_EN[31:0]$722 [0] $flatten\blk3672_11.$0$memwr$\regs$/chipinventor/OpenLane/designs/spm/src/hdl.v:855$682_EN[31:0]$722 [0] $flatten\blk3672_11.$0$memwr$\regs$/chipinventor/OpenLane/designs/spm/src/hdl.v:855$682_EN[31:0]$722 [0] $flatten\blk3672_11.$0$memwr$\regs$/chipinventor/OpenLane/designs/spm/src/hdl.v:855$682_EN[31:0]$722 [0] $flatten\blk3672_11.$0$memwr$\regs$/chipinventor/OpenLane/designs/spm/src/hdl.v:855$682_EN[31:0]$722 [0] $flatten\blk3672_11.$0$memwr$\regs$/chipinventor/OpenLane/designs/spm/src/hdl.v:855$682_EN[31:0]$722 [0] $flatten\blk3672_11.$0$memwr$\regs$/chipinventor/OpenLane/designs/spm/src/hdl.v:855$682_EN[31:0]$722 [0] $flatten\blk3672_11.$0$memwr$\regs$/chipinventor/OpenLane/designs/spm/src/hdl.v:855$682_EN[31:0]$722 [0] $flatten\blk3672_11.$0$memwr$\regs$/chipinventor/OpenLane/designs/spm/src/hdl.v:855$682_EN[31:0]$722 [0] $flatten\blk3672_11.$0$memwr$\regs$/chipinventor/OpenLane/designs/spm/src/hdl.v:855$682_EN[31:0]$722 [0] $flatten\blk3672_11.$0$memwr$\regs$/chipinventor/OpenLane/designs/spm/src/hdl.v:855$682_EN[31:0]$722 [0] $flatten\blk3672_11.$0$memwr$\regs$/chipinventor/OpenLane/designs/spm/src/hdl.v:855$682_EN[31:0]$722 [0] }
    Consolidated identical input bits for $mux cell $flatten\blk3672_11.$procmux$1070:
      Old ports: A=0, B=32'11111111111111111111111111111111, Y=$flatten\blk3672_11.$0$memwr$\regs$/chipinventor/OpenLane/designs/spm/src/hdl.v:855$681_EN[31:0]$721
      New ports: A=1'0, B=1'1, Y=$flatten\blk3672_11.$0$memwr$\regs$/chipinventor/OpenLane/designs/spm/src/hdl.v:855$681_EN[31:0]$721 [0]
      New connections: $flatten\blk3672_11.$0$memwr$\regs$/chipinventor/OpenLane/designs/spm/src/hdl.v:855$681_EN[31:0]$721 [31:1] = { $flatten\blk3672_11.$0$memwr$\regs$/chipinventor/OpenLane/designs/spm/src/hdl.v:855$681_EN[31:0]$721 [0] $flatten\blk3672_11.$0$memwr$\regs$/chipinventor/OpenLane/designs/spm/src/hdl.v:855$681_EN[31:0]$721 [0] $flatten\blk3672_11.$0$memwr$\regs$/chipinventor/OpenLane/designs/spm/src/hdl.v:855$681_EN[31:0]$721 [0] $flatten\blk3672_11.$0$memwr$\regs$/chipinventor/OpenLane/designs/spm/src/hdl.v:855$681_EN[31:0]$721 [0] $flatten\blk3672_11.$0$memwr$\regs$/chipinventor/OpenLane/designs/spm/src/hdl.v:855$681_EN[31:0]$721 [0] $flatten\blk3672_11.$0$memwr$\regs$/chipinventor/OpenLane/designs/spm/src/hdl.v:855$681_EN[31:0]$721 [0] $flatten\blk3672_11.$0$memwr$\regs$/chipinventor/OpenLane/designs/spm/src/hdl.v:855$681_EN[31:0]$721 [0] $flatten\blk3672_11.$0$memwr$\regs$/chipinventor/OpenLane/designs/spm/src/hdl.v:855$681_EN[31:0]$721 [0] $flatten\blk3672_11.$0$memwr$\regs$/chipinventor/OpenLane/designs/spm/src/hdl.v:855$681_EN[31:0]$721 [0] $flatten\blk3672_11.$0$memwr$\regs$/chipinventor/OpenLane/designs/spm/src/hdl.v:855$681_EN[31:0]$721 [0] $flatten\blk3672_11.$0$memwr$\regs$/chipinventor/OpenLane/designs/spm/src/hdl.v:855$681_EN[31:0]$721 [0] $flatten\blk3672_11.$0$memwr$\regs$/chipinventor/OpenLane/designs/spm/src/hdl.v:855$681_EN[31:0]$721 [0] $flatten\blk3672_11.$0$memwr$\regs$/chipinventor/OpenLane/designs/spm/src/hdl.v:855$681_EN[31:0]$721 [0] $flatten\blk3672_11.$0$memwr$\regs$/chipinventor/OpenLane/designs/spm/src/hdl.v:855$681_EN[31:0]$721 [0] $flatten\blk3672_11.$0$memwr$\regs$/chipinventor/OpenLane/designs/spm/src/hdl.v:855$681_EN[31:0]$721 [0] $flatten\blk3672_11.$0$memwr$\regs$/chipinventor/OpenLane/designs/spm/src/hdl.v:855$681_EN[31:0]$721 [0] $flatten\blk3672_11.$0$memwr$\regs$/chipinventor/OpenLane/designs/spm/src/hdl.v:855$681_EN[31:0]$721 [0] $flatten\blk3672_11.$0$memwr$\regs$/chipinventor/OpenLane/designs/spm/src/hdl.v:855$681_EN[31:0]$721 [0] $flatten\blk3672_11.$0$memwr$\regs$/chipinventor/OpenLane/designs/spm/src/hdl.v:855$681_EN[31:0]$721 [0] $flatten\blk3672_11.$0$memwr$\regs$/chipinventor/OpenLane/designs/spm/src/hdl.v:855$681_EN[31:0]$721 [0] $flatten\blk3672_11.$0$memwr$\regs$/chipinventor/OpenLane/designs/spm/src/hdl.v:855$681_EN[31:0]$721 [0] $flatten\blk3672_11.$0$memwr$\regs$/chipinventor/OpenLane/designs/spm/src/hdl.v:855$681_EN[31:0]$721 [0] $flatten\blk3672_11.$0$memwr$\regs$/chipinventor/OpenLane/designs/spm/src/hdl.v:855$681_EN[31:0]$721 [0] $flatten\blk3672_11.$0$memwr$\regs$/chipinventor/OpenLane/designs/spm/src/hdl.v:855$681_EN[31:0]$721 [0] $flatten\blk3672_11.$0$memwr$\regs$/chipinventor/OpenLane/designs/spm/src/hdl.v:855$681_EN[31:0]$721 [0] $flatten\blk3672_11.$0$memwr$\regs$/chipinventor/OpenLane/designs/spm/src/hdl.v:855$681_EN[31:0]$721 [0] $flatten\blk3672_11.$0$memwr$\regs$/chipinventor/OpenLane/designs/spm/src/hdl.v:855$681_EN[31:0]$721 [0] $flatten\blk3672_11.$0$memwr$\regs$/chipinventor/OpenLane/designs/spm/src/hdl.v:855$681_EN[31:0]$721 [0] $flatten\blk3672_11.$0$memwr$\regs$/chipinventor/OpenLane/designs/spm/src/hdl.v:855$681_EN[31:0]$721 [0] $flatten\blk3672_11.$0$memwr$\regs$/chipinventor/OpenLane/designs/spm/src/hdl.v:855$681_EN[31:0]$721 [0] $flatten\blk3672_11.$0$memwr$\regs$/chipinventor/OpenLane/designs/spm/src/hdl.v:855$681_EN[31:0]$721 [0] }
    Consolidated identical input bits for $mux cell $flatten\blk3672_11.$procmux$1073:
      Old ports: A=0, B=32'11111111111111111111111111111111, Y=$flatten\blk3672_11.$0$memwr$\regs$/chipinventor/OpenLane/designs/spm/src/hdl.v:855$680_EN[31:0]$720
      New ports: A=1'0, B=1'1, Y=$flatten\blk3672_11.$0$memwr$\regs$/chipinventor/OpenLane/designs/spm/src/hdl.v:855$680_EN[31:0]$720 [0]
      New connections: $flatten\blk3672_11.$0$memwr$\regs$/chipinventor/OpenLane/designs/spm/src/hdl.v:855$680_EN[31:0]$720 [31:1] = { $flatten\blk3672_11.$0$memwr$\regs$/chipinventor/OpenLane/designs/spm/src/hdl.v:855$680_EN[31:0]$720 [0] $flatten\blk3672_11.$0$memwr$\regs$/chipinventor/OpenLane/designs/spm/src/hdl.v:855$680_EN[31:0]$720 [0] $flatten\blk3672_11.$0$memwr$\regs$/chipinventor/OpenLane/designs/spm/src/hdl.v:855$680_EN[31:0]$720 [0] $flatten\blk3672_11.$0$memwr$\regs$/chipinventor/OpenLane/designs/spm/src/hdl.v:855$680_EN[31:0]$720 [0] $flatten\blk3672_11.$0$memwr$\regs$/chipinventor/OpenLane/designs/spm/src/hdl.v:855$680_EN[31:0]$720 [0] $flatten\blk3672_11.$0$memwr$\regs$/chipinventor/OpenLane/designs/spm/src/hdl.v:855$680_EN[31:0]$720 [0] $flatten\blk3672_11.$0$memwr$\regs$/chipinventor/OpenLane/designs/spm/src/hdl.v:855$680_EN[31:0]$720 [0] $flatten\blk3672_11.$0$memwr$\regs$/chipinventor/OpenLane/designs/spm/src/hdl.v:855$680_EN[31:0]$720 [0] $flatten\blk3672_11.$0$memwr$\regs$/chipinventor/OpenLane/designs/spm/src/hdl.v:855$680_EN[31:0]$720 [0] $flatten\blk3672_11.$0$memwr$\regs$/chipinventor/OpenLane/designs/spm/src/hdl.v:855$680_EN[31:0]$720 [0] $flatten\blk3672_11.$0$memwr$\regs$/chipinventor/OpenLane/designs/spm/src/hdl.v:855$680_EN[31:0]$720 [0] $flatten\blk3672_11.$0$memwr$\regs$/chipinventor/OpenLane/designs/spm/src/hdl.v:855$680_EN[31:0]$720 [0] $flatten\blk3672_11.$0$memwr$\regs$/chipinventor/OpenLane/designs/spm/src/hdl.v:855$680_EN[31:0]$720 [0] $flatten\blk3672_11.$0$memwr$\regs$/chipinventor/OpenLane/designs/spm/src/hdl.v:855$680_EN[31:0]$720 [0] $flatten\blk3672_11.$0$memwr$\regs$/chipinventor/OpenLane/designs/spm/src/hdl.v:855$680_EN[31:0]$720 [0] $flatten\blk3672_11.$0$memwr$\regs$/chipinventor/OpenLane/designs/spm/src/hdl.v:855$680_EN[31:0]$720 [0] $flatten\blk3672_11.$0$memwr$\regs$/chipinventor/OpenLane/designs/spm/src/hdl.v:855$680_EN[31:0]$720 [0] $flatten\blk3672_11.$0$memwr$\regs$/chipinventor/OpenLane/designs/spm/src/hdl.v:855$680_EN[31:0]$720 [0] $flatten\blk3672_11.$0$memwr$\regs$/chipinventor/OpenLane/designs/spm/src/hdl.v:855$680_EN[31:0]$720 [0] $flatten\blk3672_11.$0$memwr$\regs$/chipinventor/OpenLane/designs/spm/src/hdl.v:855$680_EN[31:0]$720 [0] $flatten\blk3672_11.$0$memwr$\regs$/chipinventor/OpenLane/designs/spm/src/hdl.v:855$680_EN[31:0]$720 [0] $flatten\blk3672_11.$0$memwr$\regs$/chipinventor/OpenLane/designs/spm/src/hdl.v:855$680_EN[31:0]$720 [0] $flatten\blk3672_11.$0$memwr$\regs$/chipinventor/OpenLane/designs/spm/src/hdl.v:855$680_EN[31:0]$720 [0] $flatten\blk3672_11.$0$memwr$\regs$/chipinventor/OpenLane/designs/spm/src/hdl.v:855$680_EN[31:0]$720 [0] $flatten\blk3672_11.$0$memwr$\regs$/chipinventor/OpenLane/designs/spm/src/hdl.v:855$680_EN[31:0]$720 [0] $flatten\blk3672_11.$0$memwr$\regs$/chipinventor/OpenLane/designs/spm/src/hdl.v:855$680_EN[31:0]$720 [0] $flatten\blk3672_11.$0$memwr$\regs$/chipinventor/OpenLane/designs/spm/src/hdl.v:855$680_EN[31:0]$720 [0] $flatten\blk3672_11.$0$memwr$\regs$/chipinventor/OpenLane/designs/spm/src/hdl.v:855$680_EN[31:0]$720 [0] $flatten\blk3672_11.$0$memwr$\regs$/chipinventor/OpenLane/designs/spm/src/hdl.v:855$680_EN[31:0]$720 [0] $flatten\blk3672_11.$0$memwr$\regs$/chipinventor/OpenLane/designs/spm/src/hdl.v:855$680_EN[31:0]$720 [0] $flatten\blk3672_11.$0$memwr$\regs$/chipinventor/OpenLane/designs/spm/src/hdl.v:855$680_EN[31:0]$720 [0] }
    Consolidated identical input bits for $mux cell $flatten\blk3672_11.$procmux$1076:
      Old ports: A=0, B=32'11111111111111111111111111111111, Y=$flatten\blk3672_11.$0$memwr$\regs$/chipinventor/OpenLane/designs/spm/src/hdl.v:855$679_EN[31:0]$719
      New ports: A=1'0, B=1'1, Y=$flatten\blk3672_11.$0$memwr$\regs$/chipinventor/OpenLane/designs/spm/src/hdl.v:855$679_EN[31:0]$719 [0]
      New connections: $flatten\blk3672_11.$0$memwr$\regs$/chipinventor/OpenLane/designs/spm/src/hdl.v:855$679_EN[31:0]$719 [31:1] = { $flatten\blk3672_11.$0$memwr$\regs$/chipinventor/OpenLane/designs/spm/src/hdl.v:855$679_EN[31:0]$719 [0] $flatten\blk3672_11.$0$memwr$\regs$/chipinventor/OpenLane/designs/spm/src/hdl.v:855$679_EN[31:0]$719 [0] $flatten\blk3672_11.$0$memwr$\regs$/chipinventor/OpenLane/designs/spm/src/hdl.v:855$679_EN[31:0]$719 [0] $flatten\blk3672_11.$0$memwr$\regs$/chipinventor/OpenLane/designs/spm/src/hdl.v:855$679_EN[31:0]$719 [0] $flatten\blk3672_11.$0$memwr$\regs$/chipinventor/OpenLane/designs/spm/src/hdl.v:855$679_EN[31:0]$719 [0] $flatten\blk3672_11.$0$memwr$\regs$/chipinventor/OpenLane/designs/spm/src/hdl.v:855$679_EN[31:0]$719 [0] $flatten\blk3672_11.$0$memwr$\regs$/chipinventor/OpenLane/designs/spm/src/hdl.v:855$679_EN[31:0]$719 [0] $flatten\blk3672_11.$0$memwr$\regs$/chipinventor/OpenLane/designs/spm/src/hdl.v:855$679_EN[31:0]$719 [0] $flatten\blk3672_11.$0$memwr$\regs$/chipinventor/OpenLane/designs/spm/src/hdl.v:855$679_EN[31:0]$719 [0] $flatten\blk3672_11.$0$memwr$\regs$/chipinventor/OpenLane/designs/spm/src/hdl.v:855$679_EN[31:0]$719 [0] $flatten\blk3672_11.$0$memwr$\regs$/chipinventor/OpenLane/designs/spm/src/hdl.v:855$679_EN[31:0]$719 [0] $flatten\blk3672_11.$0$memwr$\regs$/chipinventor/OpenLane/designs/spm/src/hdl.v:855$679_EN[31:0]$719 [0] $flatten\blk3672_11.$0$memwr$\regs$/chipinventor/OpenLane/designs/spm/src/hdl.v:855$679_EN[31:0]$719 [0] $flatten\blk3672_11.$0$memwr$\regs$/chipinventor/OpenLane/designs/spm/src/hdl.v:855$679_EN[31:0]$719 [0] $flatten\blk3672_11.$0$memwr$\regs$/chipinventor/OpenLane/designs/spm/src/hdl.v:855$679_EN[31:0]$719 [0] $flatten\blk3672_11.$0$memwr$\regs$/chipinventor/OpenLane/designs/spm/src/hdl.v:855$679_EN[31:0]$719 [0] $flatten\blk3672_11.$0$memwr$\regs$/chipinventor/OpenLane/designs/spm/src/hdl.v:855$679_EN[31:0]$719 [0] $flatten\blk3672_11.$0$memwr$\regs$/chipinventor/OpenLane/designs/spm/src/hdl.v:855$679_EN[31:0]$719 [0] $flatten\blk3672_11.$0$memwr$\regs$/chipinventor/OpenLane/designs/spm/src/hdl.v:855$679_EN[31:0]$719 [0] $flatten\blk3672_11.$0$memwr$\regs$/chipinventor/OpenLane/designs/spm/src/hdl.v:855$679_EN[31:0]$719 [0] $flatten\blk3672_11.$0$memwr$\regs$/chipinventor/OpenLane/designs/spm/src/hdl.v:855$679_EN[31:0]$719 [0] $flatten\blk3672_11.$0$memwr$\regs$/chipinventor/OpenLane/designs/spm/src/hdl.v:855$679_EN[31:0]$719 [0] $flatten\blk3672_11.$0$memwr$\regs$/chipinventor/OpenLane/designs/spm/src/hdl.v:855$679_EN[31:0]$719 [0] $flatten\blk3672_11.$0$memwr$\regs$/chipinventor/OpenLane/designs/spm/src/hdl.v:855$679_EN[31:0]$719 [0] $flatten\blk3672_11.$0$memwr$\regs$/chipinventor/OpenLane/designs/spm/src/hdl.v:855$679_EN[31:0]$719 [0] $flatten\blk3672_11.$0$memwr$\regs$/chipinventor/OpenLane/designs/spm/src/hdl.v:855$679_EN[31:0]$719 [0] $flatten\blk3672_11.$0$memwr$\regs$/chipinventor/OpenLane/designs/spm/src/hdl.v:855$679_EN[31:0]$719 [0] $flatten\blk3672_11.$0$memwr$\regs$/chipinventor/OpenLane/designs/spm/src/hdl.v:855$679_EN[31:0]$719 [0] $flatten\blk3672_11.$0$memwr$\regs$/chipinventor/OpenLane/designs/spm/src/hdl.v:855$679_EN[31:0]$719 [0] $flatten\blk3672_11.$0$memwr$\regs$/chipinventor/OpenLane/designs/spm/src/hdl.v:855$679_EN[31:0]$719 [0] $flatten\blk3672_11.$0$memwr$\regs$/chipinventor/OpenLane/designs/spm/src/hdl.v:855$679_EN[31:0]$719 [0] }
    Consolidated identical input bits for $mux cell $flatten\blk3672_11.$procmux$1079:
      Old ports: A=0, B=32'11111111111111111111111111111111, Y=$flatten\blk3672_11.$0$memwr$\regs$/chipinventor/OpenLane/designs/spm/src/hdl.v:855$678_EN[31:0]$718
      New ports: A=1'0, B=1'1, Y=$flatten\blk3672_11.$0$memwr$\regs$/chipinventor/OpenLane/designs/spm/src/hdl.v:855$678_EN[31:0]$718 [0]
      New connections: $flatten\blk3672_11.$0$memwr$\regs$/chipinventor/OpenLane/designs/spm/src/hdl.v:855$678_EN[31:0]$718 [31:1] = { $flatten\blk3672_11.$0$memwr$\regs$/chipinventor/OpenLane/designs/spm/src/hdl.v:855$678_EN[31:0]$718 [0] $flatten\blk3672_11.$0$memwr$\regs$/chipinventor/OpenLane/designs/spm/src/hdl.v:855$678_EN[31:0]$718 [0] $flatten\blk3672_11.$0$memwr$\regs$/chipinventor/OpenLane/designs/spm/src/hdl.v:855$678_EN[31:0]$718 [0] $flatten\blk3672_11.$0$memwr$\regs$/chipinventor/OpenLane/designs/spm/src/hdl.v:855$678_EN[31:0]$718 [0] $flatten\blk3672_11.$0$memwr$\regs$/chipinventor/OpenLane/designs/spm/src/hdl.v:855$678_EN[31:0]$718 [0] $flatten\blk3672_11.$0$memwr$\regs$/chipinventor/OpenLane/designs/spm/src/hdl.v:855$678_EN[31:0]$718 [0] $flatten\blk3672_11.$0$memwr$\regs$/chipinventor/OpenLane/designs/spm/src/hdl.v:855$678_EN[31:0]$718 [0] $flatten\blk3672_11.$0$memwr$\regs$/chipinventor/OpenLane/designs/spm/src/hdl.v:855$678_EN[31:0]$718 [0] $flatten\blk3672_11.$0$memwr$\regs$/chipinventor/OpenLane/designs/spm/src/hdl.v:855$678_EN[31:0]$718 [0] $flatten\blk3672_11.$0$memwr$\regs$/chipinventor/OpenLane/designs/spm/src/hdl.v:855$678_EN[31:0]$718 [0] $flatten\blk3672_11.$0$memwr$\regs$/chipinventor/OpenLane/designs/spm/src/hdl.v:855$678_EN[31:0]$718 [0] $flatten\blk3672_11.$0$memwr$\regs$/chipinventor/OpenLane/designs/spm/src/hdl.v:855$678_EN[31:0]$718 [0] $flatten\blk3672_11.$0$memwr$\regs$/chipinventor/OpenLane/designs/spm/src/hdl.v:855$678_EN[31:0]$718 [0] $flatten\blk3672_11.$0$memwr$\regs$/chipinventor/OpenLane/designs/spm/src/hdl.v:855$678_EN[31:0]$718 [0] $flatten\blk3672_11.$0$memwr$\regs$/chipinventor/OpenLane/designs/spm/src/hdl.v:855$678_EN[31:0]$718 [0] $flatten\blk3672_11.$0$memwr$\regs$/chipinventor/OpenLane/designs/spm/src/hdl.v:855$678_EN[31:0]$718 [0] $flatten\blk3672_11.$0$memwr$\regs$/chipinventor/OpenLane/designs/spm/src/hdl.v:855$678_EN[31:0]$718 [0] $flatten\blk3672_11.$0$memwr$\regs$/chipinventor/OpenLane/designs/spm/src/hdl.v:855$678_EN[31:0]$718 [0] $flatten\blk3672_11.$0$memwr$\regs$/chipinventor/OpenLane/designs/spm/src/hdl.v:855$678_EN[31:0]$718 [0] $flatten\blk3672_11.$0$memwr$\regs$/chipinventor/OpenLane/designs/spm/src/hdl.v:855$678_EN[31:0]$718 [0] $flatten\blk3672_11.$0$memwr$\regs$/chipinventor/OpenLane/designs/spm/src/hdl.v:855$678_EN[31:0]$718 [0] $flatten\blk3672_11.$0$memwr$\regs$/chipinventor/OpenLane/designs/spm/src/hdl.v:855$678_EN[31:0]$718 [0] $flatten\blk3672_11.$0$memwr$\regs$/chipinventor/OpenLane/designs/spm/src/hdl.v:855$678_EN[31:0]$718 [0] $flatten\blk3672_11.$0$memwr$\regs$/chipinventor/OpenLane/designs/spm/src/hdl.v:855$678_EN[31:0]$718 [0] $flatten\blk3672_11.$0$memwr$\regs$/chipinventor/OpenLane/designs/spm/src/hdl.v:855$678_EN[31:0]$718 [0] $flatten\blk3672_11.$0$memwr$\regs$/chipinventor/OpenLane/designs/spm/src/hdl.v:855$678_EN[31:0]$718 [0] $flatten\blk3672_11.$0$memwr$\regs$/chipinventor/OpenLane/designs/spm/src/hdl.v:855$678_EN[31:0]$718 [0] $flatten\blk3672_11.$0$memwr$\regs$/chipinventor/OpenLane/designs/spm/src/hdl.v:855$678_EN[31:0]$718 [0] $flatten\blk3672_11.$0$memwr$\regs$/chipinventor/OpenLane/designs/spm/src/hdl.v:855$678_EN[31:0]$718 [0] $flatten\blk3672_11.$0$memwr$\regs$/chipinventor/OpenLane/designs/spm/src/hdl.v:855$678_EN[31:0]$718 [0] $flatten\blk3672_11.$0$memwr$\regs$/chipinventor/OpenLane/designs/spm/src/hdl.v:855$678_EN[31:0]$718 [0] }
    Consolidated identical input bits for $mux cell $flatten\blk3672_11.$procmux$1082:
      Old ports: A=0, B=32'11111111111111111111111111111111, Y=$flatten\blk3672_11.$0$memwr$\regs$/chipinventor/OpenLane/designs/spm/src/hdl.v:855$677_EN[31:0]$717
      New ports: A=1'0, B=1'1, Y=$flatten\blk3672_11.$0$memwr$\regs$/chipinventor/OpenLane/designs/spm/src/hdl.v:855$677_EN[31:0]$717 [0]
      New connections: $flatten\blk3672_11.$0$memwr$\regs$/chipinventor/OpenLane/designs/spm/src/hdl.v:855$677_EN[31:0]$717 [31:1] = { $flatten\blk3672_11.$0$memwr$\regs$/chipinventor/OpenLane/designs/spm/src/hdl.v:855$677_EN[31:0]$717 [0] $flatten\blk3672_11.$0$memwr$\regs$/chipinventor/OpenLane/designs/spm/src/hdl.v:855$677_EN[31:0]$717 [0] $flatten\blk3672_11.$0$memwr$\regs$/chipinventor/OpenLane/designs/spm/src/hdl.v:855$677_EN[31:0]$717 [0] $flatten\blk3672_11.$0$memwr$\regs$/chipinventor/OpenLane/designs/spm/src/hdl.v:855$677_EN[31:0]$717 [0] $flatten\blk3672_11.$0$memwr$\regs$/chipinventor/OpenLane/designs/spm/src/hdl.v:855$677_EN[31:0]$717 [0] $flatten\blk3672_11.$0$memwr$\regs$/chipinventor/OpenLane/designs/spm/src/hdl.v:855$677_EN[31:0]$717 [0] $flatten\blk3672_11.$0$memwr$\regs$/chipinventor/OpenLane/designs/spm/src/hdl.v:855$677_EN[31:0]$717 [0] $flatten\blk3672_11.$0$memwr$\regs$/chipinventor/OpenLane/designs/spm/src/hdl.v:855$677_EN[31:0]$717 [0] $flatten\blk3672_11.$0$memwr$\regs$/chipinventor/OpenLane/designs/spm/src/hdl.v:855$677_EN[31:0]$717 [0] $flatten\blk3672_11.$0$memwr$\regs$/chipinventor/OpenLane/designs/spm/src/hdl.v:855$677_EN[31:0]$717 [0] $flatten\blk3672_11.$0$memwr$\regs$/chipinventor/OpenLane/designs/spm/src/hdl.v:855$677_EN[31:0]$717 [0] $flatten\blk3672_11.$0$memwr$\regs$/chipinventor/OpenLane/designs/spm/src/hdl.v:855$677_EN[31:0]$717 [0] $flatten\blk3672_11.$0$memwr$\regs$/chipinventor/OpenLane/designs/spm/src/hdl.v:855$677_EN[31:0]$717 [0] $flatten\blk3672_11.$0$memwr$\regs$/chipinventor/OpenLane/designs/spm/src/hdl.v:855$677_EN[31:0]$717 [0] $flatten\blk3672_11.$0$memwr$\regs$/chipinventor/OpenLane/designs/spm/src/hdl.v:855$677_EN[31:0]$717 [0] $flatten\blk3672_11.$0$memwr$\regs$/chipinventor/OpenLane/designs/spm/src/hdl.v:855$677_EN[31:0]$717 [0] $flatten\blk3672_11.$0$memwr$\regs$/chipinventor/OpenLane/designs/spm/src/hdl.v:855$677_EN[31:0]$717 [0] $flatten\blk3672_11.$0$memwr$\regs$/chipinventor/OpenLane/designs/spm/src/hdl.v:855$677_EN[31:0]$717 [0] $flatten\blk3672_11.$0$memwr$\regs$/chipinventor/OpenLane/designs/spm/src/hdl.v:855$677_EN[31:0]$717 [0] $flatten\blk3672_11.$0$memwr$\regs$/chipinventor/OpenLane/designs/spm/src/hdl.v:855$677_EN[31:0]$717 [0] $flatten\blk3672_11.$0$memwr$\regs$/chipinventor/OpenLane/designs/spm/src/hdl.v:855$677_EN[31:0]$717 [0] $flatten\blk3672_11.$0$memwr$\regs$/chipinventor/OpenLane/designs/spm/src/hdl.v:855$677_EN[31:0]$717 [0] $flatten\blk3672_11.$0$memwr$\regs$/chipinventor/OpenLane/designs/spm/src/hdl.v:855$677_EN[31:0]$717 [0] $flatten\blk3672_11.$0$memwr$\regs$/chipinventor/OpenLane/designs/spm/src/hdl.v:855$677_EN[31:0]$717 [0] $flatten\blk3672_11.$0$memwr$\regs$/chipinventor/OpenLane/designs/spm/src/hdl.v:855$677_EN[31:0]$717 [0] $flatten\blk3672_11.$0$memwr$\regs$/chipinventor/OpenLane/designs/spm/src/hdl.v:855$677_EN[31:0]$717 [0] $flatten\blk3672_11.$0$memwr$\regs$/chipinventor/OpenLane/designs/spm/src/hdl.v:855$677_EN[31:0]$717 [0] $flatten\blk3672_11.$0$memwr$\regs$/chipinventor/OpenLane/designs/spm/src/hdl.v:855$677_EN[31:0]$717 [0] $flatten\blk3672_11.$0$memwr$\regs$/chipinventor/OpenLane/designs/spm/src/hdl.v:855$677_EN[31:0]$717 [0] $flatten\blk3672_11.$0$memwr$\regs$/chipinventor/OpenLane/designs/spm/src/hdl.v:855$677_EN[31:0]$717 [0] $flatten\blk3672_11.$0$memwr$\regs$/chipinventor/OpenLane/designs/spm/src/hdl.v:855$677_EN[31:0]$717 [0] }
    Consolidated identical input bits for $mux cell $flatten\blk3672_11.$procmux$1085:
      Old ports: A=0, B=32'11111111111111111111111111111111, Y=$flatten\blk3672_11.$0$memwr$\regs$/chipinventor/OpenLane/designs/spm/src/hdl.v:855$676_EN[31:0]$716
      New ports: A=1'0, B=1'1, Y=$flatten\blk3672_11.$0$memwr$\regs$/chipinventor/OpenLane/designs/spm/src/hdl.v:855$676_EN[31:0]$716 [0]
      New connections: $flatten\blk3672_11.$0$memwr$\regs$/chipinventor/OpenLane/designs/spm/src/hdl.v:855$676_EN[31:0]$716 [31:1] = { $flatten\blk3672_11.$0$memwr$\regs$/chipinventor/OpenLane/designs/spm/src/hdl.v:855$676_EN[31:0]$716 [0] $flatten\blk3672_11.$0$memwr$\regs$/chipinventor/OpenLane/designs/spm/src/hdl.v:855$676_EN[31:0]$716 [0] $flatten\blk3672_11.$0$memwr$\regs$/chipinventor/OpenLane/designs/spm/src/hdl.v:855$676_EN[31:0]$716 [0] $flatten\blk3672_11.$0$memwr$\regs$/chipinventor/OpenLane/designs/spm/src/hdl.v:855$676_EN[31:0]$716 [0] $flatten\blk3672_11.$0$memwr$\regs$/chipinventor/OpenLane/designs/spm/src/hdl.v:855$676_EN[31:0]$716 [0] $flatten\blk3672_11.$0$memwr$\regs$/chipinventor/OpenLane/designs/spm/src/hdl.v:855$676_EN[31:0]$716 [0] $flatten\blk3672_11.$0$memwr$\regs$/chipinventor/OpenLane/designs/spm/src/hdl.v:855$676_EN[31:0]$716 [0] $flatten\blk3672_11.$0$memwr$\regs$/chipinventor/OpenLane/designs/spm/src/hdl.v:855$676_EN[31:0]$716 [0] $flatten\blk3672_11.$0$memwr$\regs$/chipinventor/OpenLane/designs/spm/src/hdl.v:855$676_EN[31:0]$716 [0] $flatten\blk3672_11.$0$memwr$\regs$/chipinventor/OpenLane/designs/spm/src/hdl.v:855$676_EN[31:0]$716 [0] $flatten\blk3672_11.$0$memwr$\regs$/chipinventor/OpenLane/designs/spm/src/hdl.v:855$676_EN[31:0]$716 [0] $flatten\blk3672_11.$0$memwr$\regs$/chipinventor/OpenLane/designs/spm/src/hdl.v:855$676_EN[31:0]$716 [0] $flatten\blk3672_11.$0$memwr$\regs$/chipinventor/OpenLane/designs/spm/src/hdl.v:855$676_EN[31:0]$716 [0] $flatten\blk3672_11.$0$memwr$\regs$/chipinventor/OpenLane/designs/spm/src/hdl.v:855$676_EN[31:0]$716 [0] $flatten\blk3672_11.$0$memwr$\regs$/chipinventor/OpenLane/designs/spm/src/hdl.v:855$676_EN[31:0]$716 [0] $flatten\blk3672_11.$0$memwr$\regs$/chipinventor/OpenLane/designs/spm/src/hdl.v:855$676_EN[31:0]$716 [0] $flatten\blk3672_11.$0$memwr$\regs$/chipinventor/OpenLane/designs/spm/src/hdl.v:855$676_EN[31:0]$716 [0] $flatten\blk3672_11.$0$memwr$\regs$/chipinventor/OpenLane/designs/spm/src/hdl.v:855$676_EN[31:0]$716 [0] $flatten\blk3672_11.$0$memwr$\regs$/chipinventor/OpenLane/designs/spm/src/hdl.v:855$676_EN[31:0]$716 [0] $flatten\blk3672_11.$0$memwr$\regs$/chipinventor/OpenLane/designs/spm/src/hdl.v:855$676_EN[31:0]$716 [0] $flatten\blk3672_11.$0$memwr$\regs$/chipinventor/OpenLane/designs/spm/src/hdl.v:855$676_EN[31:0]$716 [0] $flatten\blk3672_11.$0$memwr$\regs$/chipinventor/OpenLane/designs/spm/src/hdl.v:855$676_EN[31:0]$716 [0] $flatten\blk3672_11.$0$memwr$\regs$/chipinventor/OpenLane/designs/spm/src/hdl.v:855$676_EN[31:0]$716 [0] $flatten\blk3672_11.$0$memwr$\regs$/chipinventor/OpenLane/designs/spm/src/hdl.v:855$676_EN[31:0]$716 [0] $flatten\blk3672_11.$0$memwr$\regs$/chipinventor/OpenLane/designs/spm/src/hdl.v:855$676_EN[31:0]$716 [0] $flatten\blk3672_11.$0$memwr$\regs$/chipinventor/OpenLane/designs/spm/src/hdl.v:855$676_EN[31:0]$716 [0] $flatten\blk3672_11.$0$memwr$\regs$/chipinventor/OpenLane/designs/spm/src/hdl.v:855$676_EN[31:0]$716 [0] $flatten\blk3672_11.$0$memwr$\regs$/chipinventor/OpenLane/designs/spm/src/hdl.v:855$676_EN[31:0]$716 [0] $flatten\blk3672_11.$0$memwr$\regs$/chipinventor/OpenLane/designs/spm/src/hdl.v:855$676_EN[31:0]$716 [0] $flatten\blk3672_11.$0$memwr$\regs$/chipinventor/OpenLane/designs/spm/src/hdl.v:855$676_EN[31:0]$716 [0] $flatten\blk3672_11.$0$memwr$\regs$/chipinventor/OpenLane/designs/spm/src/hdl.v:855$676_EN[31:0]$716 [0] }
    Consolidated identical input bits for $mux cell $flatten\blk3672_11.$procmux$971:
      Old ports: A=0, B=32'11111111111111111111111111111111, Y=$flatten\blk3672_11.$procmux$971_Y
      New ports: A=1'0, B=1'1, Y=$flatten\blk3672_11.$procmux$971_Y [0]
      New connections: $flatten\blk3672_11.$procmux$971_Y [31:1] = { $flatten\blk3672_11.$procmux$971_Y [0] $flatten\blk3672_11.$procmux$971_Y [0] $flatten\blk3672_11.$procmux$971_Y [0] $flatten\blk3672_11.$procmux$971_Y [0] $flatten\blk3672_11.$procmux$971_Y [0] $flatten\blk3672_11.$procmux$971_Y [0] $flatten\blk3672_11.$procmux$971_Y [0] $flatten\blk3672_11.$procmux$971_Y [0] $flatten\blk3672_11.$procmux$971_Y [0] $flatten\blk3672_11.$procmux$971_Y [0] $flatten\blk3672_11.$procmux$971_Y [0] $flatten\blk3672_11.$procmux$971_Y [0] $flatten\blk3672_11.$procmux$971_Y [0] $flatten\blk3672_11.$procmux$971_Y [0] $flatten\blk3672_11.$procmux$971_Y [0] $flatten\blk3672_11.$procmux$971_Y [0] $flatten\blk3672_11.$procmux$971_Y [0] $flatten\blk3672_11.$procmux$971_Y [0] $flatten\blk3672_11.$procmux$971_Y [0] $flatten\blk3672_11.$procmux$971_Y [0] $flatten\blk3672_11.$procmux$971_Y [0] $flatten\blk3672_11.$procmux$971_Y [0] $flatten\blk3672_11.$procmux$971_Y [0] $flatten\blk3672_11.$procmux$971_Y [0] $flatten\blk3672_11.$procmux$971_Y [0] $flatten\blk3672_11.$procmux$971_Y [0] $flatten\blk3672_11.$procmux$971_Y [0] $flatten\blk3672_11.$procmux$971_Y [0] $flatten\blk3672_11.$procmux$971_Y [0] $flatten\blk3672_11.$procmux$971_Y [0] $flatten\blk3672_11.$procmux$971_Y [0] }
    Consolidated identical input bits for $mux cell $flatten\blk3672_11.$procmux$992:
      Old ports: A=0, B=32'11111111111111111111111111111111, Y=$flatten\blk3672_11.$0$memwr$\regs$/chipinventor/OpenLane/designs/spm/src/hdl.v:855$707_EN[31:0]$747
      New ports: A=1'0, B=1'1, Y=$flatten\blk3672_11.$0$memwr$\regs$/chipinventor/OpenLane/designs/spm/src/hdl.v:855$707_EN[31:0]$747 [0]
      New connections: $flatten\blk3672_11.$0$memwr$\regs$/chipinventor/OpenLane/designs/spm/src/hdl.v:855$707_EN[31:0]$747 [31:1] = { $flatten\blk3672_11.$0$memwr$\regs$/chipinventor/OpenLane/designs/spm/src/hdl.v:855$707_EN[31:0]$747 [0] $flatten\blk3672_11.$0$memwr$\regs$/chipinventor/OpenLane/designs/spm/src/hdl.v:855$707_EN[31:0]$747 [0] $flatten\blk3672_11.$0$memwr$\regs$/chipinventor/OpenLane/designs/spm/src/hdl.v:855$707_EN[31:0]$747 [0] $flatten\blk3672_11.$0$memwr$\regs$/chipinventor/OpenLane/designs/spm/src/hdl.v:855$707_EN[31:0]$747 [0] $flatten\blk3672_11.$0$memwr$\regs$/chipinventor/OpenLane/designs/spm/src/hdl.v:855$707_EN[31:0]$747 [0] $flatten\blk3672_11.$0$memwr$\regs$/chipinventor/OpenLane/designs/spm/src/hdl.v:855$707_EN[31:0]$747 [0] $flatten\blk3672_11.$0$memwr$\regs$/chipinventor/OpenLane/designs/spm/src/hdl.v:855$707_EN[31:0]$747 [0] $flatten\blk3672_11.$0$memwr$\regs$/chipinventor/OpenLane/designs/spm/src/hdl.v:855$707_EN[31:0]$747 [0] $flatten\blk3672_11.$0$memwr$\regs$/chipinventor/OpenLane/designs/spm/src/hdl.v:855$707_EN[31:0]$747 [0] $flatten\blk3672_11.$0$memwr$\regs$/chipinventor/OpenLane/designs/spm/src/hdl.v:855$707_EN[31:0]$747 [0] $flatten\blk3672_11.$0$memwr$\regs$/chipinventor/OpenLane/designs/spm/src/hdl.v:855$707_EN[31:0]$747 [0] $flatten\blk3672_11.$0$memwr$\regs$/chipinventor/OpenLane/designs/spm/src/hdl.v:855$707_EN[31:0]$747 [0] $flatten\blk3672_11.$0$memwr$\regs$/chipinventor/OpenLane/designs/spm/src/hdl.v:855$707_EN[31:0]$747 [0] $flatten\blk3672_11.$0$memwr$\regs$/chipinventor/OpenLane/designs/spm/src/hdl.v:855$707_EN[31:0]$747 [0] $flatten\blk3672_11.$0$memwr$\regs$/chipinventor/OpenLane/designs/spm/src/hdl.v:855$707_EN[31:0]$747 [0] $flatten\blk3672_11.$0$memwr$\regs$/chipinventor/OpenLane/designs/spm/src/hdl.v:855$707_EN[31:0]$747 [0] $flatten\blk3672_11.$0$memwr$\regs$/chipinventor/OpenLane/designs/spm/src/hdl.v:855$707_EN[31:0]$747 [0] $flatten\blk3672_11.$0$memwr$\regs$/chipinventor/OpenLane/designs/spm/src/hdl.v:855$707_EN[31:0]$747 [0] $flatten\blk3672_11.$0$memwr$\regs$/chipinventor/OpenLane/designs/spm/src/hdl.v:855$707_EN[31:0]$747 [0] $flatten\blk3672_11.$0$memwr$\regs$/chipinventor/OpenLane/designs/spm/src/hdl.v:855$707_EN[31:0]$747 [0] $flatten\blk3672_11.$0$memwr$\regs$/chipinventor/OpenLane/designs/spm/src/hdl.v:855$707_EN[31:0]$747 [0] $flatten\blk3672_11.$0$memwr$\regs$/chipinventor/OpenLane/designs/spm/src/hdl.v:855$707_EN[31:0]$747 [0] $flatten\blk3672_11.$0$memwr$\regs$/chipinventor/OpenLane/designs/spm/src/hdl.v:855$707_EN[31:0]$747 [0] $flatten\blk3672_11.$0$memwr$\regs$/chipinventor/OpenLane/designs/spm/src/hdl.v:855$707_EN[31:0]$747 [0] $flatten\blk3672_11.$0$memwr$\regs$/chipinventor/OpenLane/designs/spm/src/hdl.v:855$707_EN[31:0]$747 [0] $flatten\blk3672_11.$0$memwr$\regs$/chipinventor/OpenLane/designs/spm/src/hdl.v:855$707_EN[31:0]$747 [0] $flatten\blk3672_11.$0$memwr$\regs$/chipinventor/OpenLane/designs/spm/src/hdl.v:855$707_EN[31:0]$747 [0] $flatten\blk3672_11.$0$memwr$\regs$/chipinventor/OpenLane/designs/spm/src/hdl.v:855$707_EN[31:0]$747 [0] $flatten\blk3672_11.$0$memwr$\regs$/chipinventor/OpenLane/designs/spm/src/hdl.v:855$707_EN[31:0]$747 [0] $flatten\blk3672_11.$0$memwr$\regs$/chipinventor/OpenLane/designs/spm/src/hdl.v:855$707_EN[31:0]$747 [0] $flatten\blk3672_11.$0$memwr$\regs$/chipinventor/OpenLane/designs/spm/src/hdl.v:855$707_EN[31:0]$747 [0] }
    Consolidated identical input bits for $mux cell $flatten\blk3672_11.$procmux$995:
      Old ports: A=0, B=32'11111111111111111111111111111111, Y=$flatten\blk3672_11.$0$memwr$\regs$/chipinventor/OpenLane/designs/spm/src/hdl.v:855$706_EN[31:0]$746
      New ports: A=1'0, B=1'1, Y=$flatten\blk3672_11.$0$memwr$\regs$/chipinventor/OpenLane/designs/spm/src/hdl.v:855$706_EN[31:0]$746 [0]
      New connections: $flatten\blk3672_11.$0$memwr$\regs$/chipinventor/OpenLane/designs/spm/src/hdl.v:855$706_EN[31:0]$746 [31:1] = { $flatten\blk3672_11.$0$memwr$\regs$/chipinventor/OpenLane/designs/spm/src/hdl.v:855$706_EN[31:0]$746 [0] $flatten\blk3672_11.$0$memwr$\regs$/chipinventor/OpenLane/designs/spm/src/hdl.v:855$706_EN[31:0]$746 [0] $flatten\blk3672_11.$0$memwr$\regs$/chipinventor/OpenLane/designs/spm/src/hdl.v:855$706_EN[31:0]$746 [0] $flatten\blk3672_11.$0$memwr$\regs$/chipinventor/OpenLane/designs/spm/src/hdl.v:855$706_EN[31:0]$746 [0] $flatten\blk3672_11.$0$memwr$\regs$/chipinventor/OpenLane/designs/spm/src/hdl.v:855$706_EN[31:0]$746 [0] $flatten\blk3672_11.$0$memwr$\regs$/chipinventor/OpenLane/designs/spm/src/hdl.v:855$706_EN[31:0]$746 [0] $flatten\blk3672_11.$0$memwr$\regs$/chipinventor/OpenLane/designs/spm/src/hdl.v:855$706_EN[31:0]$746 [0] $flatten\blk3672_11.$0$memwr$\regs$/chipinventor/OpenLane/designs/spm/src/hdl.v:855$706_EN[31:0]$746 [0] $flatten\blk3672_11.$0$memwr$\regs$/chipinventor/OpenLane/designs/spm/src/hdl.v:855$706_EN[31:0]$746 [0] $flatten\blk3672_11.$0$memwr$\regs$/chipinventor/OpenLane/designs/spm/src/hdl.v:855$706_EN[31:0]$746 [0] $flatten\blk3672_11.$0$memwr$\regs$/chipinventor/OpenLane/designs/spm/src/hdl.v:855$706_EN[31:0]$746 [0] $flatten\blk3672_11.$0$memwr$\regs$/chipinventor/OpenLane/designs/spm/src/hdl.v:855$706_EN[31:0]$746 [0] $flatten\blk3672_11.$0$memwr$\regs$/chipinventor/OpenLane/designs/spm/src/hdl.v:855$706_EN[31:0]$746 [0] $flatten\blk3672_11.$0$memwr$\regs$/chipinventor/OpenLane/designs/spm/src/hdl.v:855$706_EN[31:0]$746 [0] $flatten\blk3672_11.$0$memwr$\regs$/chipinventor/OpenLane/designs/spm/src/hdl.v:855$706_EN[31:0]$746 [0] $flatten\blk3672_11.$0$memwr$\regs$/chipinventor/OpenLane/designs/spm/src/hdl.v:855$706_EN[31:0]$746 [0] $flatten\blk3672_11.$0$memwr$\regs$/chipinventor/OpenLane/designs/spm/src/hdl.v:855$706_EN[31:0]$746 [0] $flatten\blk3672_11.$0$memwr$\regs$/chipinventor/OpenLane/designs/spm/src/hdl.v:855$706_EN[31:0]$746 [0] $flatten\blk3672_11.$0$memwr$\regs$/chipinventor/OpenLane/designs/spm/src/hdl.v:855$706_EN[31:0]$746 [0] $flatten\blk3672_11.$0$memwr$\regs$/chipinventor/OpenLane/designs/spm/src/hdl.v:855$706_EN[31:0]$746 [0] $flatten\blk3672_11.$0$memwr$\regs$/chipinventor/OpenLane/designs/spm/src/hdl.v:855$706_EN[31:0]$746 [0] $flatten\blk3672_11.$0$memwr$\regs$/chipinventor/OpenLane/designs/spm/src/hdl.v:855$706_EN[31:0]$746 [0] $flatten\blk3672_11.$0$memwr$\regs$/chipinventor/OpenLane/designs/spm/src/hdl.v:855$706_EN[31:0]$746 [0] $flatten\blk3672_11.$0$memwr$\regs$/chipinventor/OpenLane/designs/spm/src/hdl.v:855$706_EN[31:0]$746 [0] $flatten\blk3672_11.$0$memwr$\regs$/chipinventor/OpenLane/designs/spm/src/hdl.v:855$706_EN[31:0]$746 [0] $flatten\blk3672_11.$0$memwr$\regs$/chipinventor/OpenLane/designs/spm/src/hdl.v:855$706_EN[31:0]$746 [0] $flatten\blk3672_11.$0$memwr$\regs$/chipinventor/OpenLane/designs/spm/src/hdl.v:855$706_EN[31:0]$746 [0] $flatten\blk3672_11.$0$memwr$\regs$/chipinventor/OpenLane/designs/spm/src/hdl.v:855$706_EN[31:0]$746 [0] $flatten\blk3672_11.$0$memwr$\regs$/chipinventor/OpenLane/designs/spm/src/hdl.v:855$706_EN[31:0]$746 [0] $flatten\blk3672_11.$0$memwr$\regs$/chipinventor/OpenLane/designs/spm/src/hdl.v:855$706_EN[31:0]$746 [0] $flatten\blk3672_11.$0$memwr$\regs$/chipinventor/OpenLane/designs/spm/src/hdl.v:855$706_EN[31:0]$746 [0] }
    Consolidated identical input bits for $mux cell $flatten\blk3672_11.$procmux$998:
      Old ports: A=0, B=32'11111111111111111111111111111111, Y=$flatten\blk3672_11.$0$memwr$\regs$/chipinventor/OpenLane/designs/spm/src/hdl.v:855$705_EN[31:0]$745
      New ports: A=1'0, B=1'1, Y=$flatten\blk3672_11.$0$memwr$\regs$/chipinventor/OpenLane/designs/spm/src/hdl.v:855$705_EN[31:0]$745 [0]
      New connections: $flatten\blk3672_11.$0$memwr$\regs$/chipinventor/OpenLane/designs/spm/src/hdl.v:855$705_EN[31:0]$745 [31:1] = { $flatten\blk3672_11.$0$memwr$\regs$/chipinventor/OpenLane/designs/spm/src/hdl.v:855$705_EN[31:0]$745 [0] $flatten\blk3672_11.$0$memwr$\regs$/chipinventor/OpenLane/designs/spm/src/hdl.v:855$705_EN[31:0]$745 [0] $flatten\blk3672_11.$0$memwr$\regs$/chipinventor/OpenLane/designs/spm/src/hdl.v:855$705_EN[31:0]$745 [0] $flatten\blk3672_11.$0$memwr$\regs$/chipinventor/OpenLane/designs/spm/src/hdl.v:855$705_EN[31:0]$745 [0] $flatten\blk3672_11.$0$memwr$\regs$/chipinventor/OpenLane/designs/spm/src/hdl.v:855$705_EN[31:0]$745 [0] $flatten\blk3672_11.$0$memwr$\regs$/chipinventor/OpenLane/designs/spm/src/hdl.v:855$705_EN[31:0]$745 [0] $flatten\blk3672_11.$0$memwr$\regs$/chipinventor/OpenLane/designs/spm/src/hdl.v:855$705_EN[31:0]$745 [0] $flatten\blk3672_11.$0$memwr$\regs$/chipinventor/OpenLane/designs/spm/src/hdl.v:855$705_EN[31:0]$745 [0] $flatten\blk3672_11.$0$memwr$\regs$/chipinventor/OpenLane/designs/spm/src/hdl.v:855$705_EN[31:0]$745 [0] $flatten\blk3672_11.$0$memwr$\regs$/chipinventor/OpenLane/designs/spm/src/hdl.v:855$705_EN[31:0]$745 [0] $flatten\blk3672_11.$0$memwr$\regs$/chipinventor/OpenLane/designs/spm/src/hdl.v:855$705_EN[31:0]$745 [0] $flatten\blk3672_11.$0$memwr$\regs$/chipinventor/OpenLane/designs/spm/src/hdl.v:855$705_EN[31:0]$745 [0] $flatten\blk3672_11.$0$memwr$\regs$/chipinventor/OpenLane/designs/spm/src/hdl.v:855$705_EN[31:0]$745 [0] $flatten\blk3672_11.$0$memwr$\regs$/chipinventor/OpenLane/designs/spm/src/hdl.v:855$705_EN[31:0]$745 [0] $flatten\blk3672_11.$0$memwr$\regs$/chipinventor/OpenLane/designs/spm/src/hdl.v:855$705_EN[31:0]$745 [0] $flatten\blk3672_11.$0$memwr$\regs$/chipinventor/OpenLane/designs/spm/src/hdl.v:855$705_EN[31:0]$745 [0] $flatten\blk3672_11.$0$memwr$\regs$/chipinventor/OpenLane/designs/spm/src/hdl.v:855$705_EN[31:0]$745 [0] $flatten\blk3672_11.$0$memwr$\regs$/chipinventor/OpenLane/designs/spm/src/hdl.v:855$705_EN[31:0]$745 [0] $flatten\blk3672_11.$0$memwr$\regs$/chipinventor/OpenLane/designs/spm/src/hdl.v:855$705_EN[31:0]$745 [0] $flatten\blk3672_11.$0$memwr$\regs$/chipinventor/OpenLane/designs/spm/src/hdl.v:855$705_EN[31:0]$745 [0] $flatten\blk3672_11.$0$memwr$\regs$/chipinventor/OpenLane/designs/spm/src/hdl.v:855$705_EN[31:0]$745 [0] $flatten\blk3672_11.$0$memwr$\regs$/chipinventor/OpenLane/designs/spm/src/hdl.v:855$705_EN[31:0]$745 [0] $flatten\blk3672_11.$0$memwr$\regs$/chipinventor/OpenLane/designs/spm/src/hdl.v:855$705_EN[31:0]$745 [0] $flatten\blk3672_11.$0$memwr$\regs$/chipinventor/OpenLane/designs/spm/src/hdl.v:855$705_EN[31:0]$745 [0] $flatten\blk3672_11.$0$memwr$\regs$/chipinventor/OpenLane/designs/spm/src/hdl.v:855$705_EN[31:0]$745 [0] $flatten\blk3672_11.$0$memwr$\regs$/chipinventor/OpenLane/designs/spm/src/hdl.v:855$705_EN[31:0]$745 [0] $flatten\blk3672_11.$0$memwr$\regs$/chipinventor/OpenLane/designs/spm/src/hdl.v:855$705_EN[31:0]$745 [0] $flatten\blk3672_11.$0$memwr$\regs$/chipinventor/OpenLane/designs/spm/src/hdl.v:855$705_EN[31:0]$745 [0] $flatten\blk3672_11.$0$memwr$\regs$/chipinventor/OpenLane/designs/spm/src/hdl.v:855$705_EN[31:0]$745 [0] $flatten\blk3672_11.$0$memwr$\regs$/chipinventor/OpenLane/designs/spm/src/hdl.v:855$705_EN[31:0]$745 [0] $flatten\blk3672_11.$0$memwr$\regs$/chipinventor/OpenLane/designs/spm/src/hdl.v:855$705_EN[31:0]$745 [0] }
  Optimizing cells in module \top.
    Consolidated identical input bits for $mux cell $flatten\blk3660_7.$procmux$923:
      Old ports: A=0, B=$flatten\blk3660_7.$2$memwr$\mem$/chipinventor/OpenLane/designs/spm/src/hdl.v:483$795_EN[31:0]$834, Y=$flatten\blk3660_7.$0$memwr$\mem$/chipinventor/OpenLane/designs/spm/src/hdl.v:483$795_EN[31:0]$809
      New ports: A=1'0, B=$flatten\blk3660_7.$procmux$852_Y [24], Y=$flatten\blk3660_7.$0$memwr$\mem$/chipinventor/OpenLane/designs/spm/src/hdl.v:483$795_EN[31:0]$809 [24]
      New connections: { $flatten\blk3660_7.$0$memwr$\mem$/chipinventor/OpenLane/designs/spm/src/hdl.v:483$795_EN[31:0]$809 [31:25] $flatten\blk3660_7.$0$memwr$\mem$/chipinventor/OpenLane/designs/spm/src/hdl.v:483$795_EN[31:0]$809 [23:0] } = { $flatten\blk3660_7.$0$memwr$\mem$/chipinventor/OpenLane/designs/spm/src/hdl.v:483$795_EN[31:0]$809 [24] $flatten\blk3660_7.$0$memwr$\mem$/chipinventor/OpenLane/designs/spm/src/hdl.v:483$795_EN[31:0]$809 [24] $flatten\blk3660_7.$0$memwr$\mem$/chipinventor/OpenLane/designs/spm/src/hdl.v:483$795_EN[31:0]$809 [24] $flatten\blk3660_7.$0$memwr$\mem$/chipinventor/OpenLane/designs/spm/src/hdl.v:483$795_EN[31:0]$809 [24] $flatten\blk3660_7.$0$memwr$\mem$/chipinventor/OpenLane/designs/spm/src/hdl.v:483$795_EN[31:0]$809 [24] $flatten\blk3660_7.$0$memwr$\mem$/chipinventor/OpenLane/designs/spm/src/hdl.v:483$795_EN[31:0]$809 [24] $flatten\blk3660_7.$0$memwr$\mem$/chipinventor/OpenLane/designs/spm/src/hdl.v:483$795_EN[31:0]$809 [24] 24'000000000000000000000000 }
    Consolidated identical input bits for $mux cell $flatten\blk3660_7.$procmux$932:
      Old ports: A=0, B=$flatten\blk3660_7.$2$memwr$\mem$/chipinventor/OpenLane/designs/spm/src/hdl.v:482$794_EN[31:0]$831, Y=$flatten\blk3660_7.$0$memwr$\mem$/chipinventor/OpenLane/designs/spm/src/hdl.v:482$794_EN[31:0]$806
      New ports: A=1'0, B=$flatten\blk3660_7.$procmux$870_Y [16], Y=$flatten\blk3660_7.$0$memwr$\mem$/chipinventor/OpenLane/designs/spm/src/hdl.v:482$794_EN[31:0]$806 [16]
      New connections: { $flatten\blk3660_7.$0$memwr$\mem$/chipinventor/OpenLane/designs/spm/src/hdl.v:482$794_EN[31:0]$806 [31:17] $flatten\blk3660_7.$0$memwr$\mem$/chipinventor/OpenLane/designs/spm/src/hdl.v:482$794_EN[31:0]$806 [15:0] } = { 8'00000000 $flatten\blk3660_7.$0$memwr$\mem$/chipinventor/OpenLane/designs/spm/src/hdl.v:482$794_EN[31:0]$806 [16] $flatten\blk3660_7.$0$memwr$\mem$/chipinventor/OpenLane/designs/spm/src/hdl.v:482$794_EN[31:0]$806 [16] $flatten\blk3660_7.$0$memwr$\mem$/chipinventor/OpenLane/designs/spm/src/hdl.v:482$794_EN[31:0]$806 [16] $flatten\blk3660_7.$0$memwr$\mem$/chipinventor/OpenLane/designs/spm/src/hdl.v:482$794_EN[31:0]$806 [16] $flatten\blk3660_7.$0$memwr$\mem$/chipinventor/OpenLane/designs/spm/src/hdl.v:482$794_EN[31:0]$806 [16] $flatten\blk3660_7.$0$memwr$\mem$/chipinventor/OpenLane/designs/spm/src/hdl.v:482$794_EN[31:0]$806 [16] $flatten\blk3660_7.$0$memwr$\mem$/chipinventor/OpenLane/designs/spm/src/hdl.v:482$794_EN[31:0]$806 [16] 16'0000000000000000 }
    Consolidated identical input bits for $mux cell $flatten\blk3660_7.$procmux$941:
      Old ports: A=0, B=$flatten\blk3660_7.$2$memwr$\mem$/chipinventor/OpenLane/designs/spm/src/hdl.v:481$793_EN[31:0]$828, Y=$flatten\blk3660_7.$0$memwr$\mem$/chipinventor/OpenLane/designs/spm/src/hdl.v:481$793_EN[31:0]$803
      New ports: A=1'0, B=$flatten\blk3660_7.$procmux$888_Y [8], Y=$flatten\blk3660_7.$0$memwr$\mem$/chipinventor/OpenLane/designs/spm/src/hdl.v:481$793_EN[31:0]$803 [8]
      New connections: { $flatten\blk3660_7.$0$memwr$\mem$/chipinventor/OpenLane/designs/spm/src/hdl.v:481$793_EN[31:0]$803 [31:9] $flatten\blk3660_7.$0$memwr$\mem$/chipinventor/OpenLane/designs/spm/src/hdl.v:481$793_EN[31:0]$803 [7:0] } = { 16'0000000000000000 $flatten\blk3660_7.$0$memwr$\mem$/chipinventor/OpenLane/designs/spm/src/hdl.v:481$793_EN[31:0]$803 [8] $flatten\blk3660_7.$0$memwr$\mem$/chipinventor/OpenLane/designs/spm/src/hdl.v:481$793_EN[31:0]$803 [8] $flatten\blk3660_7.$0$memwr$\mem$/chipinventor/OpenLane/designs/spm/src/hdl.v:481$793_EN[31:0]$803 [8] $flatten\blk3660_7.$0$memwr$\mem$/chipinventor/OpenLane/designs/spm/src/hdl.v:481$793_EN[31:0]$803 [8] $flatten\blk3660_7.$0$memwr$\mem$/chipinventor/OpenLane/designs/spm/src/hdl.v:481$793_EN[31:0]$803 [8] $flatten\blk3660_7.$0$memwr$\mem$/chipinventor/OpenLane/designs/spm/src/hdl.v:481$793_EN[31:0]$803 [8] $flatten\blk3660_7.$0$memwr$\mem$/chipinventor/OpenLane/designs/spm/src/hdl.v:481$793_EN[31:0]$803 [8] 8'00000000 }
    Consolidated identical input bits for $mux cell $flatten\blk3660_7.$procmux$950:
      Old ports: A=0, B=$flatten\blk3660_7.$2$memwr$\mem$/chipinventor/OpenLane/designs/spm/src/hdl.v:480$792_EN[31:0]$825, Y=$flatten\blk3660_7.$0$memwr$\mem$/chipinventor/OpenLane/designs/spm/src/hdl.v:480$792_EN[31:0]$800
      New ports: A=1'0, B=$flatten\blk3660_7.$procmux$906_Y [0], Y=$flatten\blk3660_7.$0$memwr$\mem$/chipinventor/OpenLane/designs/spm/src/hdl.v:480$792_EN[31:0]$800 [0]
      New connections: $flatten\blk3660_7.$0$memwr$\mem$/chipinventor/OpenLane/designs/spm/src/hdl.v:480$792_EN[31:0]$800 [31:1] = { 24'000000000000000000000000 $flatten\blk3660_7.$0$memwr$\mem$/chipinventor/OpenLane/designs/spm/src/hdl.v:480$792_EN[31:0]$800 [0] $flatten\blk3660_7.$0$memwr$\mem$/chipinventor/OpenLane/designs/spm/src/hdl.v:480$792_EN[31:0]$800 [0] $flatten\blk3660_7.$0$memwr$\mem$/chipinventor/OpenLane/designs/spm/src/hdl.v:480$792_EN[31:0]$800 [0] $flatten\blk3660_7.$0$memwr$\mem$/chipinventor/OpenLane/designs/spm/src/hdl.v:480$792_EN[31:0]$800 [0] $flatten\blk3660_7.$0$memwr$\mem$/chipinventor/OpenLane/designs/spm/src/hdl.v:480$792_EN[31:0]$800 [0] $flatten\blk3660_7.$0$memwr$\mem$/chipinventor/OpenLane/designs/spm/src/hdl.v:480$792_EN[31:0]$800 [0] $flatten\blk3660_7.$0$memwr$\mem$/chipinventor/OpenLane/designs/spm/src/hdl.v:480$792_EN[31:0]$800 [0] }
    Consolidated identical input bits for $mux cell $flatten\blk3672_11.$procmux$1088:
      Old ports: A=$flatten\blk3672_11.$2$memwr$\regs$/chipinventor/OpenLane/designs/spm/src/hdl.v:857$708_EN[31:0]$790, B=0, Y=$flatten\blk3672_11.$0$memwr$\regs$/chipinventor/OpenLane/designs/spm/src/hdl.v:857$708_EN[31:0]$750
      New ports: A=$flatten\blk3672_11.$procmux$971_Y [0], B=1'0, Y=$flatten\blk3672_11.$0$memwr$\regs$/chipinventor/OpenLane/designs/spm/src/hdl.v:857$708_EN[31:0]$750 [0]
      New connections: $flatten\blk3672_11.$0$memwr$\regs$/chipinventor/OpenLane/designs/spm/src/hdl.v:857$708_EN[31:0]$750 [31:1] = { $flatten\blk3672_11.$0$memwr$\regs$/chipinventor/OpenLane/designs/spm/src/hdl.v:857$708_EN[31:0]$750 [0] $flatten\blk3672_11.$0$memwr$\regs$/chipinventor/OpenLane/designs/spm/src/hdl.v:857$708_EN[31:0]$750 [0] $flatten\blk3672_11.$0$memwr$\regs$/chipinventor/OpenLane/designs/spm/src/hdl.v:857$708_EN[31:0]$750 [0] $flatten\blk3672_11.$0$memwr$\regs$/chipinventor/OpenLane/designs/spm/src/hdl.v:857$708_EN[31:0]$750 [0] $flatten\blk3672_11.$0$memwr$\regs$/chipinventor/OpenLane/designs/spm/src/hdl.v:857$708_EN[31:0]$750 [0] $flatten\blk3672_11.$0$memwr$\regs$/chipinventor/OpenLane/designs/spm/src/hdl.v:857$708_EN[31:0]$750 [0] $flatten\blk3672_11.$0$memwr$\regs$/chipinventor/OpenLane/designs/spm/src/hdl.v:857$708_EN[31:0]$750 [0] $flatten\blk3672_11.$0$memwr$\regs$/chipinventor/OpenLane/designs/spm/src/hdl.v:857$708_EN[31:0]$750 [0] $flatten\blk3672_11.$0$memwr$\regs$/chipinventor/OpenLane/designs/spm/src/hdl.v:857$708_EN[31:0]$750 [0] $flatten\blk3672_11.$0$memwr$\regs$/chipinventor/OpenLane/designs/spm/src/hdl.v:857$708_EN[31:0]$750 [0] $flatten\blk3672_11.$0$memwr$\regs$/chipinventor/OpenLane/designs/spm/src/hdl.v:857$708_EN[31:0]$750 [0] $flatten\blk3672_11.$0$memwr$\regs$/chipinventor/OpenLane/designs/spm/src/hdl.v:857$708_EN[31:0]$750 [0] $flatten\blk3672_11.$0$memwr$\regs$/chipinventor/OpenLane/designs/spm/src/hdl.v:857$708_EN[31:0]$750 [0] $flatten\blk3672_11.$0$memwr$\regs$/chipinventor/OpenLane/designs/spm/src/hdl.v:857$708_EN[31:0]$750 [0] $flatten\blk3672_11.$0$memwr$\regs$/chipinventor/OpenLane/designs/spm/src/hdl.v:857$708_EN[31:0]$750 [0] $flatten\blk3672_11.$0$memwr$\regs$/chipinventor/OpenLane/designs/spm/src/hdl.v:857$708_EN[31:0]$750 [0] $flatten\blk3672_11.$0$memwr$\regs$/chipinventor/OpenLane/designs/spm/src/hdl.v:857$708_EN[31:0]$750 [0] $flatten\blk3672_11.$0$memwr$\regs$/chipinventor/OpenLane/designs/spm/src/hdl.v:857$708_EN[31:0]$750 [0] $flatten\blk3672_11.$0$memwr$\regs$/chipinventor/OpenLane/designs/spm/src/hdl.v:857$708_EN[31:0]$750 [0] $flatten\blk3672_11.$0$memwr$\regs$/chipinventor/OpenLane/designs/spm/src/hdl.v:857$708_EN[31:0]$750 [0] $flatten\blk3672_11.$0$memwr$\regs$/chipinventor/OpenLane/designs/spm/src/hdl.v:857$708_EN[31:0]$750 [0] $flatten\blk3672_11.$0$memwr$\regs$/chipinventor/OpenLane/designs/spm/src/hdl.v:857$708_EN[31:0]$750 [0] $flatten\blk3672_11.$0$memwr$\regs$/chipinventor/OpenLane/designs/spm/src/hdl.v:857$708_EN[31:0]$750 [0] $flatten\blk3672_11.$0$memwr$\regs$/chipinventor/OpenLane/designs/spm/src/hdl.v:857$708_EN[31:0]$750 [0] $flatten\blk3672_11.$0$memwr$\regs$/chipinventor/OpenLane/designs/spm/src/hdl.v:857$708_EN[31:0]$750 [0] $flatten\blk3672_11.$0$memwr$\regs$/chipinventor/OpenLane/designs/spm/src/hdl.v:857$708_EN[31:0]$750 [0] $flatten\blk3672_11.$0$memwr$\regs$/chipinventor/OpenLane/designs/spm/src/hdl.v:857$708_EN[31:0]$750 [0] $flatten\blk3672_11.$0$memwr$\regs$/chipinventor/OpenLane/designs/spm/src/hdl.v:857$708_EN[31:0]$750 [0] $flatten\blk3672_11.$0$memwr$\regs$/chipinventor/OpenLane/designs/spm/src/hdl.v:857$708_EN[31:0]$750 [0] $flatten\blk3672_11.$0$memwr$\regs$/chipinventor/OpenLane/designs/spm/src/hdl.v:857$708_EN[31:0]$750 [0] $flatten\blk3672_11.$0$memwr$\regs$/chipinventor/OpenLane/designs/spm/src/hdl.v:857$708_EN[31:0]$750 [0] }
  Optimizing cells in module \top.
Performed a total of 42 changes.

24.5. Executing OPT_MERGE pass (detect identical cells).
Finding identical cells in module `\top'.
<suppressed ~96 debug messages>
Removed a total of 32 cells.

24.6. Executing OPT_DFF pass (perform DFF optimizations).

24.7. Executing OPT_CLEAN pass (remove unused cells and wires).
Finding unused cells or wires in module \top..
Removed 0 unused cells and 185 unused wires.
<suppressed ~1 debug messages>

24.8. Executing OPT_EXPR pass (perform const folding).
Optimizing module top.

24.9. Rerunning OPT passes. (Maybe there is more to do..)

24.10. Executing OPT_MUXTREE pass (detect dead branches in mux trees).
Running muxtree optimizer on module \top..
  Creating internal representation of mux trees.
  Evaluating internal representation of mux trees.
  Analyzing evaluation results.
Removed 0 multiplexer ports.
<suppressed ~93 debug messages>

24.11. Executing OPT_REDUCE pass (consolidate $*mux and $reduce_* inputs).
  Optimizing cells in module \top.
Performed a total of 0 changes.

24.12. Executing OPT_MERGE pass (detect identical cells).
Finding identical cells in module `\top'.
Removed a total of 0 cells.

24.13. Executing OPT_DFF pass (perform DFF optimizations).

24.14. Executing OPT_CLEAN pass (remove unused cells and wires).
Finding unused cells or wires in module \top..

24.15. Executing OPT_EXPR pass (perform const folding).
Optimizing module top.

24.16. Finished OPT passes. (There is nothing left to do.)

25. Executing FSM pass (extract and optimize FSM).

25.1. Executing FSM_DETECT pass (finding FSMs in design).
Found FSM state register top.blk3658_25.state.

25.2. Executing FSM_EXTRACT pass (extracting FSM from design).
Extracting FSM `\blk3658_25.state' from module `\top'.
  found $dff cell for state register: $flatten\blk3658_25.$procdff$1422
  root of input selection tree: $flatten\blk3658_25.$0\state[2:0]
  found reset state: 3'000 (guessed from mux tree)
  found ctrl input: \rst_i
  found ctrl input: $flatten\blk3658_25.$eq$/chipinventor/OpenLane/designs/spm/src/hdl.v:262$107_Y
  found ctrl input: $flatten\blk3658_25.$eq$/chipinventor/OpenLane/designs/spm/src/hdl.v:261$104_Y
  found ctrl input: $flatten\blk3658_25.$procmux$1280_CMP
  found ctrl input: $flatten\blk3658_25.$eq$/chipinventor/OpenLane/designs/spm/src/hdl.v:305$121_Y
  found state code: 3'001
  found ctrl input: \blk3658_25.is_load
  found state code: 3'101
  found ctrl input: $flatten\blk3658_25.$logic_or$/chipinventor/OpenLane/designs/spm/src/hdl.v:261$105_Y
  found ctrl input: \blk3658_25.is_branch
  found state code: 3'100
  found state code: 3'011
  found state code: 3'010
  found state code: 3'000
  found ctrl output: $flatten\blk3658_25.$procmux$1280_CMP
  found ctrl output: $flatten\blk3658_25.$eq$/chipinventor/OpenLane/designs/spm/src/hdl.v:305$121_Y
  found ctrl output: $flatten\blk3658_25.$eq$/chipinventor/OpenLane/designs/spm/src/hdl.v:263$109_Y
  found ctrl output: $flatten\blk3658_25.$eq$/chipinventor/OpenLane/designs/spm/src/hdl.v:262$107_Y
  found ctrl output: $flatten\blk3658_25.$eq$/chipinventor/OpenLane/designs/spm/src/hdl.v:261$104_Y
  ctrl inputs: { \blk3658_25.is_load \blk3658_25.is_branch $flatten\blk3658_25.$logic_or$/chipinventor/OpenLane/designs/spm/src/hdl.v:261$105_Y \rst_i }
  ctrl outputs: { $flatten\blk3658_25.$eq$/chipinventor/OpenLane/designs/spm/src/hdl.v:261$104_Y $flatten\blk3658_25.$eq$/chipinventor/OpenLane/designs/spm/src/hdl.v:262$107_Y $flatten\blk3658_25.$eq$/chipinventor/OpenLane/designs/spm/src/hdl.v:263$109_Y $flatten\blk3658_25.$0\state[2:0] $flatten\blk3658_25.$eq$/chipinventor/OpenLane/designs/spm/src/hdl.v:305$121_Y $flatten\blk3658_25.$procmux$1280_CMP }
  transition:      3'000 4'---0 ->      3'001 8'00000100
  transition:      3'000 4'---1 ->      3'000 8'00000000
  transition:      3'100 4'0--0 ->      3'001 8'01000100
  transition:      3'100 4'1--0 ->      3'101 8'01010100
  transition:      3'100 4'---1 ->      3'000 8'01000000
  transition:      3'010 4'---0 ->      3'011 8'00001101
  transition:      3'010 4'---1 ->      3'000 8'00000001
  transition:      3'001 4'---0 ->      3'010 8'00001010
  transition:      3'001 4'---1 ->      3'000 8'00000010
  transition:      3'101 4'---0 ->      3'001 8'00100100
  transition:      3'101 4'---1 ->      3'000 8'00100000
  transition:      3'011 4'-000 ->      3'101 8'10010100
  transition:      3'011 4'-100 ->      3'001 8'10000100
  transition:      3'011 4'--10 ->      3'100 8'10010000
  transition:      3'011 4'---1 ->      3'000 8'10000000

25.3. Executing FSM_OPT pass (simple optimizations of FSMs).
Optimizing FSM `$fsm$\blk3658_25.state$1460' from module `\top'.

25.4. Executing OPT_CLEAN pass (remove unused cells and wires).
Finding unused cells or wires in module \top..
Removed 6 unused cells and 6 unused wires.
<suppressed ~7 debug messages>

25.5. Executing FSM_OPT pass (simple optimizations of FSMs).
Optimizing FSM `$fsm$\blk3658_25.state$1460' from module `\top'.

25.6. Executing FSM_RECODE pass (re-assigning FSM state encoding).
Recoding FSM `$fsm$\blk3658_25.state$1460' from module `\top' using `auto' encoding:
  mapping auto encoding to `one-hot` for this FSM.
  000 -> -----1
  100 -> ----1-
  010 -> ---1--
  001 -> --1---
  101 -> -1----
  011 -> 1-----

25.7. Executing FSM_INFO pass (dumping all available information on FSM cells).

FSM `$fsm$\blk3658_25.state$1460' from module `top':
-------------------------------------

  Information on FSM $fsm$\blk3658_25.state$1460 (\blk3658_25.state):

  Number of input signals:    4
  Number of output signals:   8
  Number of state bits:       6

  Input signals:
    0: \rst_i
    1: $flatten\blk3658_25.$logic_or$/chipinventor/OpenLane/designs/spm/src/hdl.v:261$105_Y
    2: \blk3658_25.is_branch
    3: \blk3658_25.is_load

  Output signals:
    0: $flatten\blk3658_25.$procmux$1280_CMP
    1: $flatten\blk3658_25.$eq$/chipinventor/OpenLane/designs/spm/src/hdl.v:305$121_Y
    2: $flatten\blk3658_25.$0\state[2:0] [0]
    3: $flatten\blk3658_25.$0\state[2:0] [1]
    4: $flatten\blk3658_25.$0\state[2:0] [2]
    5: $flatten\blk3658_25.$eq$/chipinventor/OpenLane/designs/spm/src/hdl.v:263$109_Y
    6: $flatten\blk3658_25.$eq$/chipinventor/OpenLane/designs/spm/src/hdl.v:262$107_Y
    7: $flatten\blk3658_25.$eq$/chipinventor/OpenLane/designs/spm/src/hdl.v:261$104_Y

  State encoding:
    0:   6'-----1  <RESET STATE>
    1:   6'----1-
    2:   6'---1--
    3:   6'--1---
    4:   6'-1----
    5:   6'1-----

  Transition Table (state_in, ctrl_in, state_out, ctrl_out):
      0:     0 4'---1   ->     0 8'00000000
      1:     0 4'---0   ->     3 8'00000100
      2:     1 4'---1   ->     0 8'01000000
      3:     1 4'0--0   ->     3 8'01000100
      4:     1 4'1--0   ->     4 8'01010100
      5:     2 4'---1   ->     0 8'00000001
      6:     2 4'---0   ->     5 8'00001101
      7:     3 4'---1   ->     0 8'00000010
      8:     3 4'---0   ->     2 8'00001010
      9:     4 4'---1   ->     0 8'00100000
     10:     4 4'---0   ->     3 8'00100100
     11:     5 4'---1   ->     0 8'10000000
     12:     5 4'--10   ->     1 8'10010000
     13:     5 4'-100   ->     3 8'10000100
     14:     5 4'-000   ->     4 8'10010100

-------------------------------------

25.8. Executing FSM_MAP pass (mapping FSMs to basic logic).
Mapping FSM `$fsm$\blk3658_25.state$1460' from module `\top'.

26. Executing OPT pass (performing simple optimizations).

26.1. Executing OPT_EXPR pass (perform const folding).
Optimizing module top.
<suppressed ~11 debug messages>

26.2. Executing OPT_MERGE pass (detect identical cells).
Finding identical cells in module `\top'.
<suppressed ~57 debug messages>
Removed a total of 19 cells.

26.3. Executing OPT_MUXTREE pass (detect dead branches in mux trees).
Running muxtree optimizer on module \top..
  Creating internal representation of mux trees.
  Evaluating internal representation of mux trees.
  Analyzing evaluation results.
Removed 0 multiplexer ports.
<suppressed ~92 debug messages>

26.4. Executing OPT_REDUCE pass (consolidate $*mux and $reduce_* inputs).
  Optimizing cells in module \top.
Performed a total of 0 changes.

26.5. Executing OPT_MERGE pass (detect identical cells).
Finding identical cells in module `\top'.
Removed a total of 0 cells.

26.6. Executing OPT_DFF pass (perform DFF optimizations).
Adding SRST signal on $flatten\blk3671_24.$procdff$1421 ($dff) from module top (D = $flatten\blk3671_24.$procmux$1244_Y, Q = \blk3671_24.pc, rval = 4194304).
Adding EN signal on $auto$ff.cc:266:slice$1551 ($sdff) from module top (D = { \blk3671_24.pc_next [31:2] 2'00 }, Q = \blk3671_24.pc).
Adding SRST signal on $flatten\blk3664_23.$procdff$1420 ($dff) from module top (D = $flatten\blk3664_23.$procmux$1239_Y, Q = \blk3664_23.ir, rval = 19).
Adding EN signal on $auto$ff.cc:266:slice$1553 ($sdff) from module top (D = \blk3664_23.imem_data, Q = \blk3664_23.ir).
Adding EN signal on $flatten\blk3660_7.$procdff$1371 ($dff) from module top (D = $flatten\blk3660_7.$ternary$/chipinventor/OpenLane/designs/spm/src/hdl.v:485$836_Y, Q = \blk3660_7.data_r).
Adding SRST signal on $auto$ff.cc:266:slice$1555 ($dffe) from module top (D = $flatten\blk3660_7.$memrd$\mem$/chipinventor/OpenLane/designs/spm/src/hdl.v:485$835_DATA, Q = \blk3660_7.data_r, rval = 0).
Setting constant 0-bit at position 0 on $auto$ff.cc:266:slice$1552 ($sdffe) from module top.
Setting constant 0-bit at position 1 on $auto$ff.cc:266:slice$1552 ($sdffe) from module top.

26.7. Executing OPT_CLEAN pass (remove unused cells and wires).
Finding unused cells or wires in module \top..
Removed 7 unused cells and 34 unused wires.
<suppressed ~8 debug messages>

26.8. Executing OPT_EXPR pass (perform const folding).
Optimizing module top.

26.9. Rerunning OPT passes. (Maybe there is more to do..)

26.10. Executing OPT_MUXTREE pass (detect dead branches in mux trees).
Running muxtree optimizer on module \top..
  Creating internal representation of mux trees.
  Evaluating internal representation of mux trees.
  Analyzing evaluation results.
Removed 0 multiplexer ports.
<suppressed ~90 debug messages>

26.11. Executing OPT_REDUCE pass (consolidate $*mux and $reduce_* inputs).
  Optimizing cells in module \top.
Performed a total of 0 changes.

26.12. Executing OPT_MERGE pass (detect identical cells).
Finding identical cells in module `\top'.
Removed a total of 0 cells.

26.13. Executing OPT_DFF pass (perform DFF optimizations).

26.14. Executing OPT_CLEAN pass (remove unused cells and wires).
Finding unused cells or wires in module \top..

26.15. Executing OPT_EXPR pass (perform const folding).
Optimizing module top.

26.16. Finished OPT passes. (There is nothing left to do.)

27. Executing WREDUCE pass (reducing word size of cells).
Removed top 27 address bits (of 32) from memory init port top.$flatten\blk3672_11.$auto$proc_memwr.cc:45:proc_memwr$1427 (blk3672_11.regs).
Removed top 27 address bits (of 32) from memory init port top.$flatten\blk3672_11.$auto$proc_memwr.cc:45:proc_memwr$1428 (blk3672_11.regs).
Removed top 27 address bits (of 32) from memory init port top.$flatten\blk3672_11.$auto$proc_memwr.cc:45:proc_memwr$1429 (blk3672_11.regs).
Removed top 27 address bits (of 32) from memory init port top.$flatten\blk3672_11.$auto$proc_memwr.cc:45:proc_memwr$1430 (blk3672_11.regs).
Removed top 27 address bits (of 32) from memory init port top.$flatten\blk3672_11.$auto$proc_memwr.cc:45:proc_memwr$1431 (blk3672_11.regs).
Removed top 27 address bits (of 32) from memory init port top.$flatten\blk3672_11.$auto$proc_memwr.cc:45:proc_memwr$1432 (blk3672_11.regs).
Removed top 27 address bits (of 32) from memory init port top.$flatten\blk3672_11.$auto$proc_memwr.cc:45:proc_memwr$1433 (blk3672_11.regs).
Removed top 27 address bits (of 32) from memory init port top.$flatten\blk3672_11.$auto$proc_memwr.cc:45:proc_memwr$1434 (blk3672_11.regs).
Removed top 27 address bits (of 32) from memory init port top.$flatten\blk3672_11.$auto$proc_memwr.cc:45:proc_memwr$1435 (blk3672_11.regs).
Removed top 27 address bits (of 32) from memory init port top.$flatten\blk3672_11.$auto$proc_memwr.cc:45:proc_memwr$1436 (blk3672_11.regs).
Removed top 27 address bits (of 32) from memory init port top.$flatten\blk3672_11.$auto$proc_memwr.cc:45:proc_memwr$1437 (blk3672_11.regs).
Removed top 27 address bits (of 32) from memory init port top.$flatten\blk3672_11.$auto$proc_memwr.cc:45:proc_memwr$1438 (blk3672_11.regs).
Removed top 27 address bits (of 32) from memory init port top.$flatten\blk3672_11.$auto$proc_memwr.cc:45:proc_memwr$1439 (blk3672_11.regs).
Removed top 27 address bits (of 32) from memory init port top.$flatten\blk3672_11.$auto$proc_memwr.cc:45:proc_memwr$1440 (blk3672_11.regs).
Removed top 27 address bits (of 32) from memory init port top.$flatten\blk3672_11.$auto$proc_memwr.cc:45:proc_memwr$1441 (blk3672_11.regs).
Removed top 27 address bits (of 32) from memory init port top.$flatten\blk3672_11.$auto$proc_memwr.cc:45:proc_memwr$1442 (blk3672_11.regs).
Removed top 27 address bits (of 32) from memory init port top.$flatten\blk3672_11.$auto$proc_memwr.cc:45:proc_memwr$1443 (blk3672_11.regs).
Removed top 27 address bits (of 32) from memory init port top.$flatten\blk3672_11.$auto$proc_memwr.cc:45:proc_memwr$1444 (blk3672_11.regs).
Removed top 27 address bits (of 32) from memory init port top.$flatten\blk3672_11.$auto$proc_memwr.cc:45:proc_memwr$1445 (blk3672_11.regs).
Removed top 27 address bits (of 32) from memory init port top.$flatten\blk3672_11.$auto$proc_memwr.cc:45:proc_memwr$1446 (blk3672_11.regs).
Removed top 27 address bits (of 32) from memory init port top.$flatten\blk3672_11.$auto$proc_memwr.cc:45:proc_memwr$1447 (blk3672_11.regs).
Removed top 27 address bits (of 32) from memory init port top.$flatten\blk3672_11.$auto$proc_memwr.cc:45:proc_memwr$1448 (blk3672_11.regs).
Removed top 27 address bits (of 32) from memory init port top.$flatten\blk3672_11.$auto$proc_memwr.cc:45:proc_memwr$1449 (blk3672_11.regs).
Removed top 27 address bits (of 32) from memory init port top.$flatten\blk3672_11.$auto$proc_memwr.cc:45:proc_memwr$1450 (blk3672_11.regs).
Removed top 27 address bits (of 32) from memory init port top.$flatten\blk3672_11.$auto$proc_memwr.cc:45:proc_memwr$1451 (blk3672_11.regs).
Removed top 27 address bits (of 32) from memory init port top.$flatten\blk3672_11.$auto$proc_memwr.cc:45:proc_memwr$1452 (blk3672_11.regs).
Removed top 27 address bits (of 32) from memory init port top.$flatten\blk3672_11.$auto$proc_memwr.cc:45:proc_memwr$1453 (blk3672_11.regs).
Removed top 27 address bits (of 32) from memory init port top.$flatten\blk3672_11.$auto$proc_memwr.cc:45:proc_memwr$1454 (blk3672_11.regs).
Removed top 27 address bits (of 32) from memory init port top.$flatten\blk3672_11.$auto$proc_memwr.cc:45:proc_memwr$1455 (blk3672_11.regs).
Removed top 27 address bits (of 32) from memory init port top.$flatten\blk3672_11.$auto$proc_memwr.cc:45:proc_memwr$1456 (blk3672_11.regs).
Removed top 27 address bits (of 32) from memory init port top.$flatten\blk3672_11.$auto$proc_memwr.cc:45:proc_memwr$1457 (blk3672_11.regs).
Removed top 27 address bits (of 32) from memory init port top.$flatten\blk3672_11.$auto$proc_memwr.cc:45:proc_memwr$1458 (blk3672_11.regs).
Removed top 29 bits (of 32) from port B of cell top.$flatten\blk3670_3.$add$/chipinventor/OpenLane/designs/spm/src/hdl.v:796$849 ($add).
Removed top 3 bits (of 32) from port B of cell top.$flatten\blk3655_5.$le$/chipinventor/OpenLane/designs/spm/src/hdl.v:31$841 ($le).
Removed top 3 bits (of 32) from port B of cell top.$flatten\blk3655_5.$ge$/chipinventor/OpenLane/designs/spm/src/hdl.v:31$840 ($ge).
Removed top 9 bits (of 32) from port B of cell top.$flatten\blk3655_5.$le$/chipinventor/OpenLane/designs/spm/src/hdl.v:30$838 ($le).
Removed top 9 bits (of 32) from port B of cell top.$flatten\blk3655_5.$ge$/chipinventor/OpenLane/designs/spm/src/hdl.v:30$837 ($ge).
Removed top 28 bits (of 32) from port B of cell top.$flatten\blk3660_7.$lt$/chipinventor/OpenLane/designs/spm/src/hdl.v:464$796 ($lt).
Removed top 2 bits (of 3) from port B of cell top.$flatten\blk3657_14.$procmux$1102_CMP0 ($eq).
Removed top 3 bits (of 4) from port B of cell top.$flatten\blk3656_15.$procmux$1115_CMP0 ($eq).
Removed top 2 bits (of 4) from port B of cell top.$flatten\blk3656_15.$procmux$1114_CMP0 ($eq).
Removed top 2 bits (of 4) from port B of cell top.$flatten\blk3656_15.$procmux$1113_CMP0 ($eq).
Removed top 1 bits (of 4) from port B of cell top.$flatten\blk3656_15.$procmux$1112_CMP0 ($eq).
Removed top 1 bits (of 4) from port B of cell top.$flatten\blk3656_15.$procmux$1111_CMP0 ($eq).
Removed top 1 bits (of 4) from port B of cell top.$flatten\blk3656_15.$procmux$1110_CMP0 ($eq).
Removed top 1 bits (of 4) from port B of cell top.$flatten\blk3656_15.$procmux$1109_CMP0 ($eq).
Removed top 31 bits (of 32) from mux cell top.$flatten\blk3656_15.$ternary$/chipinventor/OpenLane/designs/spm/src/hdl.v:82$667 ($mux).
Removed top 31 bits (of 32) from mux cell top.$flatten\blk3656_15.$ternary$/chipinventor/OpenLane/designs/spm/src/hdl.v:81$665 ($mux).
Removed top 64 bits (of 128) from port Y of cell top.$flatten\blk3666_16.$mul$/chipinventor/OpenLane/designs/spm/src/hdl.v:748$652 ($mul).
Removed top 1 bits (of 2) from port B of cell top.$flatten\blk3659_17.$procmux$1120_CMP0 ($eq).
Removed top 16 bits (of 32) from mux cell top.$flatten\blk3659_17.$procmux$1118 ($pmux).
Removed top 3 bits (of 16) from mux cell top.$flatten\blk3659_17.$ternary$/chipinventor/OpenLane/designs/spm/src/hdl.v:369$644 ($mux).
Removed top 3 bits (of 16) from mux cell top.$flatten\blk3659_17.$ternary$/chipinventor/OpenLane/designs/spm/src/hdl.v:369$641 ($mux).
Removed top 3 bits (of 16) from mux cell top.$flatten\blk3659_17.$ternary$/chipinventor/OpenLane/designs/spm/src/hdl.v:369$638 ($mux).
Removed top 3 bits (of 16) from mux cell top.$flatten\blk3659_17.$ternary$/chipinventor/OpenLane/designs/spm/src/hdl.v:369$635 ($mux).
Removed top 3 bits (of 16) from mux cell top.$flatten\blk3659_17.$ternary$/chipinventor/OpenLane/designs/spm/src/hdl.v:369$632 ($mux).
Removed top 3 bits (of 16) from mux cell top.$flatten\blk3659_17.$ternary$/chipinventor/OpenLane/designs/spm/src/hdl.v:369$629 ($mux).
Removed top 3 bits (of 16) from mux cell top.$flatten\blk3659_17.$ternary$/chipinventor/OpenLane/designs/spm/src/hdl.v:369$626 ($mux).
Removed top 3 bits (of 16) from mux cell top.$flatten\blk3659_17.$ternary$/chipinventor/OpenLane/designs/spm/src/hdl.v:369$623 ($mux).
Removed top 3 bits (of 16) from mux cell top.$flatten\blk3659_17.$ternary$/chipinventor/OpenLane/designs/spm/src/hdl.v:369$620 ($mux).
Removed top 3 bits (of 16) from mux cell top.$flatten\blk3659_17.$ternary$/chipinventor/OpenLane/designs/spm/src/hdl.v:369$617 ($mux).
Removed top 3 bits (of 16) from mux cell top.$flatten\blk3659_17.$ternary$/chipinventor/OpenLane/designs/spm/src/hdl.v:369$614 ($mux).
Removed top 3 bits (of 16) from mux cell top.$flatten\blk3659_17.$ternary$/chipinventor/OpenLane/designs/spm/src/hdl.v:369$611 ($mux).
Removed top 3 bits (of 16) from mux cell top.$flatten\blk3659_17.$ternary$/chipinventor/OpenLane/designs/spm/src/hdl.v:369$608 ($mux).
Removed top 3 bits (of 16) from mux cell top.$flatten\blk3659_17.$ternary$/chipinventor/OpenLane/designs/spm/src/hdl.v:369$605 ($mux).
Removed top 3 bits (of 16) from mux cell top.$flatten\blk3659_17.$ternary$/chipinventor/OpenLane/designs/spm/src/hdl.v:369$602 ($mux).
Removed top 3 bits (of 16) from mux cell top.$flatten\blk3659_17.$ternary$/chipinventor/OpenLane/designs/spm/src/hdl.v:369$599 ($mux).
Removed top 3 bits (of 16) from mux cell top.$flatten\blk3659_17.$ternary$/chipinventor/OpenLane/designs/spm/src/hdl.v:369$596 ($mux).
Removed top 3 bits (of 16) from mux cell top.$flatten\blk3659_17.$ternary$/chipinventor/OpenLane/designs/spm/src/hdl.v:369$593 ($mux).
Removed top 3 bits (of 16) from mux cell top.$flatten\blk3659_17.$ternary$/chipinventor/OpenLane/designs/spm/src/hdl.v:369$590 ($mux).
Removed top 3 bits (of 16) from mux cell top.$flatten\blk3659_17.$ternary$/chipinventor/OpenLane/designs/spm/src/hdl.v:369$587 ($mux).
Removed top 3 bits (of 16) from mux cell top.$flatten\blk3659_17.$ternary$/chipinventor/OpenLane/designs/spm/src/hdl.v:369$584 ($mux).
Removed top 3 bits (of 16) from mux cell top.$flatten\blk3659_17.$ternary$/chipinventor/OpenLane/designs/spm/src/hdl.v:369$581 ($mux).
Removed top 3 bits (of 16) from mux cell top.$flatten\blk3659_17.$ternary$/chipinventor/OpenLane/designs/spm/src/hdl.v:369$578 ($mux).
Removed top 3 bits (of 16) from mux cell top.$flatten\blk3659_17.$ternary$/chipinventor/OpenLane/designs/spm/src/hdl.v:369$575 ($mux).
Removed top 3 bits (of 16) from mux cell top.$flatten\blk3659_17.$ternary$/chipinventor/OpenLane/designs/spm/src/hdl.v:369$572 ($mux).
Removed top 3 bits (of 16) from mux cell top.$flatten\blk3659_17.$ternary$/chipinventor/OpenLane/designs/spm/src/hdl.v:369$569 ($mux).
Removed top 3 bits (of 16) from mux cell top.$flatten\blk3659_17.$ternary$/chipinventor/OpenLane/designs/spm/src/hdl.v:369$566 ($mux).
Removed top 3 bits (of 16) from mux cell top.$flatten\blk3659_17.$ternary$/chipinventor/OpenLane/designs/spm/src/hdl.v:369$563 ($mux).
Removed top 3 bits (of 16) from mux cell top.$flatten\blk3659_17.$ternary$/chipinventor/OpenLane/designs/spm/src/hdl.v:369$560 ($mux).
Removed top 3 bits (of 16) from mux cell top.$flatten\blk3659_17.$ternary$/chipinventor/OpenLane/designs/spm/src/hdl.v:369$557 ($mux).
Removed top 3 bits (of 16) from mux cell top.$flatten\blk3659_17.$ternary$/chipinventor/OpenLane/designs/spm/src/hdl.v:369$554 ($mux).
Removed top 3 bits (of 16) from mux cell top.$flatten\blk3659_17.$ternary$/chipinventor/OpenLane/designs/spm/src/hdl.v:369$551 ($mux).
Removed top 3 bits (of 16) from mux cell top.$flatten\blk3659_17.$ternary$/chipinventor/OpenLane/designs/spm/src/hdl.v:369$413 ($mux).
Removed top 3 bits (of 16) from mux cell top.$flatten\blk3659_17.$ternary$/chipinventor/OpenLane/designs/spm/src/hdl.v:369$410 ($mux).
Removed top 3 bits (of 16) from mux cell top.$flatten\blk3659_17.$ternary$/chipinventor/OpenLane/designs/spm/src/hdl.v:369$407 ($mux).
Removed top 3 bits (of 16) from mux cell top.$flatten\blk3659_17.$ternary$/chipinventor/OpenLane/designs/spm/src/hdl.v:369$404 ($mux).
Removed top 3 bits (of 16) from mux cell top.$flatten\blk3659_17.$ternary$/chipinventor/OpenLane/designs/spm/src/hdl.v:369$401 ($mux).
Removed top 3 bits (of 16) from mux cell top.$flatten\blk3659_17.$ternary$/chipinventor/OpenLane/designs/spm/src/hdl.v:369$398 ($mux).
Removed top 3 bits (of 16) from mux cell top.$flatten\blk3659_17.$ternary$/chipinventor/OpenLane/designs/spm/src/hdl.v:369$395 ($mux).
Removed top 3 bits (of 16) from mux cell top.$flatten\blk3659_17.$ternary$/chipinventor/OpenLane/designs/spm/src/hdl.v:369$392 ($mux).
Removed top 3 bits (of 16) from mux cell top.$flatten\blk3659_17.$ternary$/chipinventor/OpenLane/designs/spm/src/hdl.v:369$389 ($mux).
Removed top 3 bits (of 16) from mux cell top.$flatten\blk3659_17.$ternary$/chipinventor/OpenLane/designs/spm/src/hdl.v:369$386 ($mux).
Removed top 3 bits (of 16) from mux cell top.$flatten\blk3659_17.$ternary$/chipinventor/OpenLane/designs/spm/src/hdl.v:369$383 ($mux).
Removed top 3 bits (of 16) from mux cell top.$flatten\blk3659_17.$ternary$/chipinventor/OpenLane/designs/spm/src/hdl.v:369$380 ($mux).
Removed top 3 bits (of 16) from mux cell top.$flatten\blk3659_17.$ternary$/chipinventor/OpenLane/designs/spm/src/hdl.v:369$377 ($mux).
Removed top 3 bits (of 16) from mux cell top.$flatten\blk3659_17.$ternary$/chipinventor/OpenLane/designs/spm/src/hdl.v:369$374 ($mux).
Removed top 3 bits (of 16) from mux cell top.$flatten\blk3659_17.$ternary$/chipinventor/OpenLane/designs/spm/src/hdl.v:369$371 ($mux).
Removed top 3 bits (of 16) from mux cell top.$flatten\blk3659_17.$ternary$/chipinventor/OpenLane/designs/spm/src/hdl.v:369$368 ($mux).
Removed top 3 bits (of 16) from mux cell top.$flatten\blk3659_17.$ternary$/chipinventor/OpenLane/designs/spm/src/hdl.v:369$294 ($mux).
Removed top 3 bits (of 16) from mux cell top.$flatten\blk3659_17.$ternary$/chipinventor/OpenLane/designs/spm/src/hdl.v:369$291 ($mux).
Removed top 3 bits (of 16) from mux cell top.$flatten\blk3659_17.$ternary$/chipinventor/OpenLane/designs/spm/src/hdl.v:369$288 ($mux).
Removed top 3 bits (of 16) from mux cell top.$flatten\blk3659_17.$ternary$/chipinventor/OpenLane/designs/spm/src/hdl.v:369$285 ($mux).
Removed top 3 bits (of 16) from mux cell top.$flatten\blk3659_17.$ternary$/chipinventor/OpenLane/designs/spm/src/hdl.v:369$282 ($mux).
Removed top 3 bits (of 16) from mux cell top.$flatten\blk3659_17.$ternary$/chipinventor/OpenLane/designs/spm/src/hdl.v:369$279 ($mux).
Removed top 3 bits (of 16) from mux cell top.$flatten\blk3659_17.$ternary$/chipinventor/OpenLane/designs/spm/src/hdl.v:369$276 ($mux).
Removed top 3 bits (of 16) from mux cell top.$flatten\blk3659_17.$ternary$/chipinventor/OpenLane/designs/spm/src/hdl.v:369$273 ($mux).
Removed top 1 bits (of 2) from port B of cell top.$flatten\blk3665_18.$procmux$1136_CMP0 ($eq).
Removed top 2 bits (of 3) from port B of cell top.$flatten\blk3673_19.$procmux$1238_CMP0 ($eq).
Removed top 1 bits (of 3) from port B of cell top.$flatten\blk3673_19.$procmux$1237_CMP0 ($eq).
Removed top 1 bits (of 3) from port B of cell top.$flatten\blk3673_19.$procmux$1236_CMP0 ($eq).
Removed top 1 bits (of 3) from port B of cell top.$flatten\blk3658_25.$procmux$1331_CMP0 ($eq).
Removed top 3 bits (of 4) from mux cell top.$flatten\blk3658_25.$procmux$1316 ($mux).
Removed top 2 bits (of 4) from mux cell top.$flatten\blk3658_25.$ternary$/chipinventor/OpenLane/designs/spm/src/hdl.v:228$96 ($mux).
Removed top 11 bits (of 32) from port B of cell top.$flatten\blk3658_25.$eq$/chipinventor/OpenLane/designs/spm/src/hdl.v:213$80 ($eq).
Removed top 25 bits (of 32) from port B of cell top.$flatten\blk3658_25.$eq$/chipinventor/OpenLane/designs/spm/src/hdl.v:213$79 ($eq).
Removed top 1 bits (of 3) from port B of cell top.$flatten\blk3658_25.$eq$/chipinventor/OpenLane/designs/spm/src/hdl.v:192$34 ($eq).
Removed top 6 bits (of 7) from port B of cell top.$flatten\blk3658_25.$eq$/chipinventor/OpenLane/designs/spm/src/hdl.v:190$25 ($eq).
Removed top 1 bits (of 7) from port B of cell top.$flatten\blk3658_25.$eq$/chipinventor/OpenLane/designs/spm/src/hdl.v:187$18 ($eq).
Removed top 3 bits (of 7) from port B of cell top.$flatten\blk3658_25.$eq$/chipinventor/OpenLane/designs/spm/src/hdl.v:182$16 ($eq).
Removed top 2 bits (of 7) from port B of cell top.$flatten\blk3658_25.$eq$/chipinventor/OpenLane/designs/spm/src/hdl.v:181$15 ($eq).
Removed top 1 bits (of 7) from port B of cell top.$flatten\blk3658_25.$eq$/chipinventor/OpenLane/designs/spm/src/hdl.v:180$14 ($eq).
Removed top 1 bits (of 7) from port B of cell top.$flatten\blk3658_25.$eq$/chipinventor/OpenLane/designs/spm/src/hdl.v:176$10 ($eq).
Removed top 5 bits (of 7) from port B of cell top.$flatten\blk3658_25.$eq$/chipinventor/OpenLane/designs/spm/src/hdl.v:175$9 ($eq).
Removed top 2 bits (of 7) from port B of cell top.$flatten\blk3658_25.$eq$/chipinventor/OpenLane/designs/spm/src/hdl.v:174$8 ($eq).
Removed top 1 bits (of 7) from port B of cell top.$flatten\blk3658_25.$eq$/chipinventor/OpenLane/designs/spm/src/hdl.v:173$7 ($eq).
Removed top 19 bits (of 20) from port B of cell top.$flatten\blk3661_26.$procmux$1363_CMP0 ($eq).
Removed top 8 bits (of 32) from mux cell top.$flatten\blk3661_26.$procmux$1361 ($pmux).
Removed top 18 bits (of 20) from port B of cell top.$flatten\blk3661_26.$procmux$1362_CMP0 ($eq).
Removed top 31 bits (of 32) from wire top.$flatten\blk3656_15.$ternary$/chipinventor/OpenLane/designs/spm/src/hdl.v:81$665_Y.
Removed top 31 bits (of 32) from wire top.$flatten\blk3656_15.$ternary$/chipinventor/OpenLane/designs/spm/src/hdl.v:82$667_Y.
Removed top 3 bits (of 4) from wire top.$flatten\blk3658_25.$5\alu_op[3:0].
Removed top 2 bits (of 4) from wire top.$flatten\blk3658_25.$ternary$/chipinventor/OpenLane/designs/spm/src/hdl.v:228$96_Y.
Removed top 1 bits (of 4) from wire top.$flatten\blk3658_25.$ternary$/chipinventor/OpenLane/designs/spm/src/hdl.v:233$97_Y.
Removed top 3 bits (of 16) from wire top.$flatten\blk3659_17.$ternary$/chipinventor/OpenLane/designs/spm/src/hdl.v:369$273_Y.
Removed top 3 bits (of 16) from wire top.$flatten\blk3659_17.$ternary$/chipinventor/OpenLane/designs/spm/src/hdl.v:369$276_Y.
Removed top 3 bits (of 16) from wire top.$flatten\blk3659_17.$ternary$/chipinventor/OpenLane/designs/spm/src/hdl.v:369$279_Y.
Removed top 3 bits (of 16) from wire top.$flatten\blk3659_17.$ternary$/chipinventor/OpenLane/designs/spm/src/hdl.v:369$282_Y.
Removed top 3 bits (of 16) from wire top.$flatten\blk3659_17.$ternary$/chipinventor/OpenLane/designs/spm/src/hdl.v:369$285_Y.
Removed top 3 bits (of 16) from wire top.$flatten\blk3659_17.$ternary$/chipinventor/OpenLane/designs/spm/src/hdl.v:369$288_Y.
Removed top 3 bits (of 16) from wire top.$flatten\blk3659_17.$ternary$/chipinventor/OpenLane/designs/spm/src/hdl.v:369$291_Y.
Removed top 3 bits (of 16) from wire top.$flatten\blk3659_17.$ternary$/chipinventor/OpenLane/designs/spm/src/hdl.v:369$294_Y.
Removed top 3 bits (of 16) from wire top.$flatten\blk3659_17.$ternary$/chipinventor/OpenLane/designs/spm/src/hdl.v:369$368_Y.
Removed top 3 bits (of 16) from wire top.$flatten\blk3659_17.$ternary$/chipinventor/OpenLane/designs/spm/src/hdl.v:369$371_Y.
Removed top 3 bits (of 16) from wire top.$flatten\blk3659_17.$ternary$/chipinventor/OpenLane/designs/spm/src/hdl.v:369$374_Y.
Removed top 3 bits (of 16) from wire top.$flatten\blk3659_17.$ternary$/chipinventor/OpenLane/designs/spm/src/hdl.v:369$377_Y.
Removed top 3 bits (of 16) from wire top.$flatten\blk3659_17.$ternary$/chipinventor/OpenLane/designs/spm/src/hdl.v:369$380_Y.
Removed top 3 bits (of 16) from wire top.$flatten\blk3659_17.$ternary$/chipinventor/OpenLane/designs/spm/src/hdl.v:369$383_Y.
Removed top 3 bits (of 16) from wire top.$flatten\blk3659_17.$ternary$/chipinventor/OpenLane/designs/spm/src/hdl.v:369$386_Y.
Removed top 3 bits (of 16) from wire top.$flatten\blk3659_17.$ternary$/chipinventor/OpenLane/designs/spm/src/hdl.v:369$389_Y.
Removed top 3 bits (of 16) from wire top.$flatten\blk3659_17.$ternary$/chipinventor/OpenLane/designs/spm/src/hdl.v:369$392_Y.
Removed top 3 bits (of 16) from wire top.$flatten\blk3659_17.$ternary$/chipinventor/OpenLane/designs/spm/src/hdl.v:369$395_Y.
Removed top 3 bits (of 16) from wire top.$flatten\blk3659_17.$ternary$/chipinventor/OpenLane/designs/spm/src/hdl.v:369$398_Y.
Removed top 3 bits (of 16) from wire top.$flatten\blk3659_17.$ternary$/chipinventor/OpenLane/designs/spm/src/hdl.v:369$401_Y.
Removed top 3 bits (of 16) from wire top.$flatten\blk3659_17.$ternary$/chipinventor/OpenLane/designs/spm/src/hdl.v:369$404_Y.
Removed top 3 bits (of 16) from wire top.$flatten\blk3659_17.$ternary$/chipinventor/OpenLane/designs/spm/src/hdl.v:369$407_Y.
Removed top 3 bits (of 16) from wire top.$flatten\blk3659_17.$ternary$/chipinventor/OpenLane/designs/spm/src/hdl.v:369$410_Y.
Removed top 3 bits (of 16) from wire top.$flatten\blk3659_17.$ternary$/chipinventor/OpenLane/designs/spm/src/hdl.v:369$413_Y.
Removed top 3 bits (of 16) from wire top.$flatten\blk3659_17.$ternary$/chipinventor/OpenLane/designs/spm/src/hdl.v:369$551_Y.
Removed top 3 bits (of 16) from wire top.$flatten\blk3659_17.$ternary$/chipinventor/OpenLane/designs/spm/src/hdl.v:369$554_Y.
Removed top 3 bits (of 16) from wire top.$flatten\blk3659_17.$ternary$/chipinventor/OpenLane/designs/spm/src/hdl.v:369$557_Y.
Removed top 3 bits (of 16) from wire top.$flatten\blk3659_17.$ternary$/chipinventor/OpenLane/designs/spm/src/hdl.v:369$560_Y.
Removed top 3 bits (of 16) from wire top.$flatten\blk3659_17.$ternary$/chipinventor/OpenLane/designs/spm/src/hdl.v:369$563_Y.
Removed top 3 bits (of 16) from wire top.$flatten\blk3659_17.$ternary$/chipinventor/OpenLane/designs/spm/src/hdl.v:369$566_Y.
Removed top 3 bits (of 16) from wire top.$flatten\blk3659_17.$ternary$/chipinventor/OpenLane/designs/spm/src/hdl.v:369$569_Y.
Removed top 3 bits (of 16) from wire top.$flatten\blk3659_17.$ternary$/chipinventor/OpenLane/designs/spm/src/hdl.v:369$572_Y.
Removed top 3 bits (of 16) from wire top.$flatten\blk3659_17.$ternary$/chipinventor/OpenLane/designs/spm/src/hdl.v:369$575_Y.
Removed top 3 bits (of 16) from wire top.$flatten\blk3659_17.$ternary$/chipinventor/OpenLane/designs/spm/src/hdl.v:369$578_Y.
Removed top 3 bits (of 16) from wire top.$flatten\blk3659_17.$ternary$/chipinventor/OpenLane/designs/spm/src/hdl.v:369$581_Y.
Removed top 3 bits (of 16) from wire top.$flatten\blk3659_17.$ternary$/chipinventor/OpenLane/designs/spm/src/hdl.v:369$584_Y.
Removed top 3 bits (of 16) from wire top.$flatten\blk3659_17.$ternary$/chipinventor/OpenLane/designs/spm/src/hdl.v:369$587_Y.
Removed top 3 bits (of 16) from wire top.$flatten\blk3659_17.$ternary$/chipinventor/OpenLane/designs/spm/src/hdl.v:369$590_Y.
Removed top 3 bits (of 16) from wire top.$flatten\blk3659_17.$ternary$/chipinventor/OpenLane/designs/spm/src/hdl.v:369$593_Y.
Removed top 3 bits (of 16) from wire top.$flatten\blk3659_17.$ternary$/chipinventor/OpenLane/designs/spm/src/hdl.v:369$596_Y.
Removed top 3 bits (of 16) from wire top.$flatten\blk3659_17.$ternary$/chipinventor/OpenLane/designs/spm/src/hdl.v:369$599_Y.
Removed top 3 bits (of 16) from wire top.$flatten\blk3659_17.$ternary$/chipinventor/OpenLane/designs/spm/src/hdl.v:369$602_Y.
Removed top 3 bits (of 16) from wire top.$flatten\blk3659_17.$ternary$/chipinventor/OpenLane/designs/spm/src/hdl.v:369$605_Y.
Removed top 3 bits (of 16) from wire top.$flatten\blk3659_17.$ternary$/chipinventor/OpenLane/designs/spm/src/hdl.v:369$608_Y.
Removed top 3 bits (of 16) from wire top.$flatten\blk3659_17.$ternary$/chipinventor/OpenLane/designs/spm/src/hdl.v:369$611_Y.
Removed top 3 bits (of 16) from wire top.$flatten\blk3659_17.$ternary$/chipinventor/OpenLane/designs/spm/src/hdl.v:369$614_Y.
Removed top 3 bits (of 16) from wire top.$flatten\blk3659_17.$ternary$/chipinventor/OpenLane/designs/spm/src/hdl.v:369$617_Y.
Removed top 3 bits (of 16) from wire top.$flatten\blk3659_17.$ternary$/chipinventor/OpenLane/designs/spm/src/hdl.v:369$620_Y.
Removed top 3 bits (of 16) from wire top.$flatten\blk3659_17.$ternary$/chipinventor/OpenLane/designs/spm/src/hdl.v:369$623_Y.
Removed top 3 bits (of 16) from wire top.$flatten\blk3659_17.$ternary$/chipinventor/OpenLane/designs/spm/src/hdl.v:369$626_Y.
Removed top 3 bits (of 16) from wire top.$flatten\blk3659_17.$ternary$/chipinventor/OpenLane/designs/spm/src/hdl.v:369$629_Y.
Removed top 3 bits (of 16) from wire top.$flatten\blk3659_17.$ternary$/chipinventor/OpenLane/designs/spm/src/hdl.v:369$632_Y.
Removed top 3 bits (of 16) from wire top.$flatten\blk3659_17.$ternary$/chipinventor/OpenLane/designs/spm/src/hdl.v:369$635_Y.
Removed top 3 bits (of 16) from wire top.$flatten\blk3659_17.$ternary$/chipinventor/OpenLane/designs/spm/src/hdl.v:369$638_Y.
Removed top 3 bits (of 16) from wire top.$flatten\blk3659_17.$ternary$/chipinventor/OpenLane/designs/spm/src/hdl.v:369$641_Y.
Removed top 3 bits (of 16) from wire top.$flatten\blk3659_17.$ternary$/chipinventor/OpenLane/designs/spm/src/hdl.v:369$644_Y.
Removed top 24 bits (of 32) from wire top.$flatten\blk3660_7.$0$memwr$\mem$/chipinventor/OpenLane/designs/spm/src/hdl.v:480$792_EN[31:0]$800.
Removed top 16 bits (of 32) from wire top.$flatten\blk3660_7.$0$memwr$\mem$/chipinventor/OpenLane/designs/spm/src/hdl.v:481$793_EN[31:0]$803.
Removed top 8 bits (of 32) from wire top.$flatten\blk3660_7.$0$memwr$\mem$/chipinventor/OpenLane/designs/spm/src/hdl.v:482$794_EN[31:0]$806.
Removed top 24 bits (of 32) from wire top.$flatten\blk3660_7.$2$memwr$\mem$/chipinventor/OpenLane/designs/spm/src/hdl.v:480$792_EN[31:0]$825.
Removed top 16 bits (of 32) from wire top.$flatten\blk3660_7.$2$memwr$\mem$/chipinventor/OpenLane/designs/spm/src/hdl.v:481$793_EN[31:0]$828.
Removed top 8 bits (of 32) from wire top.$flatten\blk3660_7.$2$memwr$\mem$/chipinventor/OpenLane/designs/spm/src/hdl.v:482$794_EN[31:0]$831.
Removed top 8 bits (of 32) from wire top.$flatten\blk3661_26.$2\data_o[31:0].
Removed top 30 bits (of 32) from wire top.w_4.

28. Executing PEEPOPT pass (run peephole optimizers).

29. Executing OPT_CLEAN pass (remove unused cells and wires).
Finding unused cells or wires in module \top..
Removed 0 unused cells and 69 unused wires.
<suppressed ~1 debug messages>

30. Executing ALUMACC pass (create $alu and $macc cells).
Extracting $alu and $macc cells in module top:
  creating $macc model for $flatten\blk3656_15.$add$/chipinventor/OpenLane/designs/spm/src/hdl.v:73$656 ($add).
  creating $macc model for $flatten\blk3656_15.$sub$/chipinventor/OpenLane/designs/spm/src/hdl.v:74$657 ($sub).
  creating $macc model for $flatten\blk3666_16.$mul$/chipinventor/OpenLane/designs/spm/src/hdl.v:748$652 ($mul).
  creating $macc model for $flatten\blk3670_3.$add$/chipinventor/OpenLane/designs/spm/src/hdl.v:796$849 ($add).
  creating $alu model for $macc $flatten\blk3670_3.$add$/chipinventor/OpenLane/designs/spm/src/hdl.v:796$849.
  creating $alu model for $macc $flatten\blk3656_15.$sub$/chipinventor/OpenLane/designs/spm/src/hdl.v:74$657.
  creating $alu model for $macc $flatten\blk3656_15.$add$/chipinventor/OpenLane/designs/spm/src/hdl.v:73$656.
  creating $macc cell for $flatten\blk3666_16.$mul$/chipinventor/OpenLane/designs/spm/src/hdl.v:748$652: $auto$alumacc.cc:365:replace_macc$1631
  creating $alu model for $flatten\blk3655_5.$ge$/chipinventor/OpenLane/designs/spm/src/hdl.v:30$837 ($ge): new $alu
  creating $alu model for $flatten\blk3655_5.$ge$/chipinventor/OpenLane/designs/spm/src/hdl.v:31$840 ($ge): new $alu
  creating $alu model for $flatten\blk3655_5.$le$/chipinventor/OpenLane/designs/spm/src/hdl.v:30$838 ($le): new $alu
  creating $alu model for $flatten\blk3655_5.$le$/chipinventor/OpenLane/designs/spm/src/hdl.v:31$841 ($le): new $alu
  creating $alu model for $flatten\blk3656_15.$lt$/chipinventor/OpenLane/designs/spm/src/hdl.v:81$664 ($lt): new $alu
  creating $alu model for $flatten\blk3656_15.$lt$/chipinventor/OpenLane/designs/spm/src/hdl.v:82$666 ($lt): new $alu
  creating $alu model for $flatten\blk3657_14.$ge$/chipinventor/OpenLane/designs/spm/src/hdl.v:106$672 ($ge): new $alu
  creating $alu model for $flatten\blk3657_14.$ge$/chipinventor/OpenLane/designs/spm/src/hdl.v:108$674 ($ge): new $alu
  creating $alu model for $flatten\blk3657_14.$lt$/chipinventor/OpenLane/designs/spm/src/hdl.v:105$671 ($lt): merged with $flatten\blk3657_14.$ge$/chipinventor/OpenLane/designs/spm/src/hdl.v:106$672.
  creating $alu model for $flatten\blk3657_14.$lt$/chipinventor/OpenLane/designs/spm/src/hdl.v:107$673 ($lt): merged with $flatten\blk3657_14.$ge$/chipinventor/OpenLane/designs/spm/src/hdl.v:108$674.
  creating $alu model for $flatten\blk3660_7.$lt$/chipinventor/OpenLane/designs/spm/src/hdl.v:464$796 ($lt): new $alu
  creating $alu model for $flatten\blk3657_14.$eq$/chipinventor/OpenLane/designs/spm/src/hdl.v:103$669 ($eq): merged with $flatten\blk3657_14.$ge$/chipinventor/OpenLane/designs/spm/src/hdl.v:108$674.
  creating $alu model for $flatten\blk3657_14.$ne$/chipinventor/OpenLane/designs/spm/src/hdl.v:104$670 ($ne): merged with $flatten\blk3657_14.$ge$/chipinventor/OpenLane/designs/spm/src/hdl.v:108$674.
  creating $alu cell for $flatten\blk3660_7.$lt$/chipinventor/OpenLane/designs/spm/src/hdl.v:464$796: $auto$alumacc.cc:485:replace_alu$1641
  creating $alu cell for $flatten\blk3657_14.$ge$/chipinventor/OpenLane/designs/spm/src/hdl.v:108$674, $flatten\blk3657_14.$lt$/chipinventor/OpenLane/designs/spm/src/hdl.v:107$673, $flatten\blk3657_14.$eq$/chipinventor/OpenLane/designs/spm/src/hdl.v:103$669, $flatten\blk3657_14.$ne$/chipinventor/OpenLane/designs/spm/src/hdl.v:104$670: $auto$alumacc.cc:485:replace_alu$1652
  creating $alu cell for $flatten\blk3657_14.$ge$/chipinventor/OpenLane/designs/spm/src/hdl.v:106$672, $flatten\blk3657_14.$lt$/chipinventor/OpenLane/designs/spm/src/hdl.v:105$671: $auto$alumacc.cc:485:replace_alu$1667
  creating $alu cell for $flatten\blk3655_5.$le$/chipinventor/OpenLane/designs/spm/src/hdl.v:31$841: $auto$alumacc.cc:485:replace_alu$1682
  creating $alu cell for $flatten\blk3655_5.$le$/chipinventor/OpenLane/designs/spm/src/hdl.v:30$838: $auto$alumacc.cc:485:replace_alu$1695
  creating $alu cell for $flatten\blk3655_5.$ge$/chipinventor/OpenLane/designs/spm/src/hdl.v:31$840: $auto$alumacc.cc:485:replace_alu$1708
  creating $alu cell for $flatten\blk3655_5.$ge$/chipinventor/OpenLane/designs/spm/src/hdl.v:30$837: $auto$alumacc.cc:485:replace_alu$1717
  creating $alu cell for $flatten\blk3656_15.$lt$/chipinventor/OpenLane/designs/spm/src/hdl.v:82$666: $auto$alumacc.cc:485:replace_alu$1726
  creating $alu cell for $flatten\blk3656_15.$lt$/chipinventor/OpenLane/designs/spm/src/hdl.v:81$664: $auto$alumacc.cc:485:replace_alu$1737
  creating $alu cell for $flatten\blk3656_15.$add$/chipinventor/OpenLane/designs/spm/src/hdl.v:73$656: $auto$alumacc.cc:485:replace_alu$1750
  creating $alu cell for $flatten\blk3656_15.$sub$/chipinventor/OpenLane/designs/spm/src/hdl.v:74$657: $auto$alumacc.cc:485:replace_alu$1753
  creating $alu cell for $flatten\blk3670_3.$add$/chipinventor/OpenLane/designs/spm/src/hdl.v:796$849: $auto$alumacc.cc:485:replace_alu$1756
  created 12 $alu and 1 $macc cells.

31. Executing SHARE pass (SAT-based resource sharing).
Found 5 cells in module top that may be considered for resource sharing.
  Analyzing resource sharing options for $flatten\blk3672_11.$memrd$\regs$/chipinventor/OpenLane/designs/spm/src/hdl.v:851$713 ($memrd):
    Found 270 activation_patterns using ctrl signal { \blk3658_25.is_store $flatten\blk3658_25.$logic_or$/chipinventor/OpenLane/designs/spm/src/hdl.v:216$83_Y $flatten\blk3673_19.$procmux$1238_CMP $flatten\blk3673_19.$procmux$1237_CMP $flatten\blk3673_19.$procmux$1236_CMP $flatten\blk3673_19.$procmux$1235_CMP $flatten\blk3665_18.$eq$/chipinventor/OpenLane/designs/spm/src/hdl.v:681$160_Y $flatten\blk3665_18.$procmux$1126_CMP $flatten\blk3665_18.$procmux$1134_CMP $flatten\blk3665_18.$procmux$1136_CMP $flatten\blk3659_17.$procmux$1121_CMP $flatten\blk3659_17.$procmux$1120_CMP $flatten\blk3659_17.$procmux$1119_CMP $flatten\blk3656_15.$procmux$1106_CMP $flatten\blk3656_15.$procmux$1107_CMP $flatten\blk3656_15.$procmux$1108_CMP $flatten\blk3656_15.$procmux$1109_CMP $flatten\blk3656_15.$procmux$1110_CMP $flatten\blk3656_15.$procmux$1111_CMP $flatten\blk3656_15.$procmux$1116_CMP $flatten\blk3656_15.$procmux$1115_CMP $flatten\blk3656_15.$procmux$1114_CMP $flatten\blk3656_15.$procmux$1113_CMP $flatten\blk3657_14.$procmux$1098_CMP $flatten\blk3657_14.$procmux$1103_CMP $flatten\blk3657_14.$procmux$1102_CMP $flatten\blk3657_14.$procmux$1101_CMP $flatten\blk3657_14.$procmux$1100_CMP $flatten\blk3672_11.$eq$/chipinventor/OpenLane/designs/spm/src/hdl.v:851$712_Y $flatten\blk3672_11.$logic_and$/chipinventor/OpenLane/designs/spm/src/hdl.v:856$787_Y $flatten\blk3660_7.$logic_and$/chipinventor/OpenLane/designs/spm/src/hdl.v:479$810_Y \blk3655_5.dmem_bw_o \blk3669_4.s \blk3669_1.s $flatten\blk3656_15.$procmux$1112_CMP $flatten\blk3657_14.$procmux$1099_CMP \rst_i }.
    Found 1 candidates: $flatten\blk3672_11.$memrd$\regs$/chipinventor/OpenLane/designs/spm/src/hdl.v:850$710
    Analyzing resource sharing with $flatten\blk3672_11.$memrd$\regs$/chipinventor/OpenLane/designs/spm/src/hdl.v:850$710 ($memrd):
      Found 220 activation_patterns using ctrl signal { \blk3658_25.is_store $flatten\blk3673_19.$procmux$1238_CMP $flatten\blk3673_19.$procmux$1237_CMP $flatten\blk3673_19.$procmux$1236_CMP $flatten\blk3673_19.$procmux$1235_CMP $flatten\blk3659_17.$procmux$1121_CMP $flatten\blk3659_17.$procmux$1120_CMP $flatten\blk3659_17.$procmux$1119_CMP $flatten\blk3656_15.$procmux$1106_CMP $flatten\blk3656_15.$procmux$1107_CMP $flatten\blk3656_15.$procmux$1108_CMP $flatten\blk3656_15.$procmux$1109_CMP $flatten\blk3656_15.$procmux$1110_CMP $flatten\blk3656_15.$procmux$1111_CMP $flatten\blk3656_15.$procmux$1115_CMP $flatten\blk3656_15.$procmux$1114_CMP $flatten\blk3656_15.$procmux$1113_CMP $flatten\blk3657_14.$procmux$1098_CMP $flatten\blk3657_14.$procmux$1103_CMP $flatten\blk3657_14.$procmux$1102_CMP $flatten\blk3657_14.$procmux$1101_CMP \blk3669_12.s $flatten\blk3657_14.$procmux$1100_CMP $flatten\blk3672_11.$eq$/chipinventor/OpenLane/designs/spm/src/hdl.v:850$709_Y $flatten\blk3672_11.$logic_and$/chipinventor/OpenLane/designs/spm/src/hdl.v:856$787_Y $flatten\blk3660_7.$logic_and$/chipinventor/OpenLane/designs/spm/src/hdl.v:479$810_Y \blk3655_5.dmem_bw_o \blk3669_4.s \blk3669_1.s $flatten\blk3656_15.$procmux$1112_CMP $flatten\blk3657_14.$procmux$1099_CMP \rst_i }.
      Forbidden control signals for this pair of cells: { $flatten\blk3661_26.$procmux$1364_CMP $flatten\blk3661_26.$procmux$1363_CMP $flatten\blk3661_26.$procmux$1362_CMP \blk3661_26.oe_i $flatten\blk3665_18.$eq$/chipinventor/OpenLane/designs/spm/src/hdl.v:681$160_Y $flatten\blk3665_18.$procmux$1126_CMP $flatten\blk3665_18.$procmux$1134_CMP $flatten\blk3665_18.$procmux$1136_CMP $flatten\blk3659_17.$0\crc16_step$func$/chipinventor/OpenLane/designs/spm/src/hdl.v:381$174.fb[0:0]$243 $flatten\blk3659_17.$0\crc16_step$func$/chipinventor/OpenLane/designs/spm/src/hdl.v:381$175.fb[0:0]$247 $flatten\blk3659_17.$0\crc16_step$func$/chipinventor/OpenLane/designs/spm/src/hdl.v:381$176.fb[0:0]$251 $flatten\blk3659_17.$0\crc16_step$func$/chipinventor/OpenLane/designs/spm/src/hdl.v:381$177.fb[0:0]$255 $flatten\blk3659_17.$0\crc16_step$func$/chipinventor/OpenLane/designs/spm/src/hdl.v:381$178.fb[0:0]$259 $flatten\blk3659_17.$0\crc16_step$func$/chipinventor/OpenLane/designs/spm/src/hdl.v:381$179.fb[0:0]$263 $flatten\blk3659_17.$0\crc16_step$func$/chipinventor/OpenLane/designs/spm/src/hdl.v:381$180.fb[0:0]$267 $flatten\blk3659_17.$0\crc16_step$func$/chipinventor/OpenLane/designs/spm/src/hdl.v:381$181.fb[0:0]$271 $flatten\blk3659_17.$0\crc16_step$func$/chipinventor/OpenLane/designs/spm/src/hdl.v:394$183.fb[0:0]$306 $flatten\blk3659_17.$0\crc16_step$func$/chipinventor/OpenLane/designs/spm/src/hdl.v:394$184.fb[0:0]$310 $flatten\blk3659_17.$0\crc16_step$func$/chipinventor/OpenLane/designs/spm/src/hdl.v:394$185.fb[0:0]$314 $flatten\blk3659_17.$0\crc16_step$func$/chipinventor/OpenLane/designs/spm/src/hdl.v:394$186.fb[0:0]$318 $flatten\blk3659_17.$0\crc16_step$func$/chipinventor/OpenLane/designs/spm/src/hdl.v:394$187.fb[0:0]$322 $flatten\blk3659_17.$0\crc16_step$func$/chipinventor/OpenLane/designs/spm/src/hdl.v:394$188.fb[0:0]$326 $flatten\blk3659_17.$0\crc16_step$func$/chipinventor/OpenLane/designs/spm/src/hdl.v:394$189.fb[0:0]$330 $flatten\blk3659_17.$0\crc16_step$func$/chipinventor/OpenLane/designs/spm/src/hdl.v:394$190.fb[0:0]$334 $flatten\blk3659_17.$0\crc16_step$func$/chipinventor/OpenLane/designs/spm/src/hdl.v:394$191.fb[0:0]$338 $flatten\blk3659_17.$0\crc16_step$func$/chipinventor/OpenLane/designs/spm/src/hdl.v:394$192.fb[0:0]$342 $flatten\blk3659_17.$0\crc16_step$func$/chipinventor/OpenLane/designs/spm/src/hdl.v:394$193.fb[0:0]$346 $flatten\blk3659_17.$0\crc16_step$func$/chipinventor/OpenLane/designs/spm/src/hdl.v:394$194.fb[0:0]$350 $flatten\blk3659_17.$0\crc16_step$func$/chipinventor/OpenLane/designs/spm/src/hdl.v:394$195.fb[0:0]$354 $flatten\blk3659_17.$0\crc16_step$func$/chipinventor/OpenLane/designs/spm/src/hdl.v:394$196.fb[0:0]$358 $flatten\blk3659_17.$0\crc16_step$func$/chipinventor/OpenLane/designs/spm/src/hdl.v:394$197.fb[0:0]$362 $flatten\blk3659_17.$0\crc16_step$func$/chipinventor/OpenLane/designs/spm/src/hdl.v:394$198.fb[0:0]$366 $flatten\blk3659_17.$0\crc16_step$func$/chipinventor/OpenLane/designs/spm/src/hdl.v:407$200.fb[0:0]$425 $flatten\blk3659_17.$0\crc16_step$func$/chipinventor/OpenLane/designs/spm/src/hdl.v:407$201.fb[0:0]$429 $flatten\blk3659_17.$0\crc16_step$func$/chipinventor/OpenLane/designs/spm/src/hdl.v:407$202.fb[0:0]$433 $flatten\blk3659_17.$0\crc16_step$func$/chipinventor/OpenLane/designs/spm/src/hdl.v:407$203.fb[0:0]$437 $flatten\blk3659_17.$0\crc16_step$func$/chipinventor/OpenLane/designs/spm/src/hdl.v:407$204.fb[0:0]$441 $flatten\blk3659_17.$0\crc16_step$func$/chipinventor/OpenLane/designs/spm/src/hdl.v:407$205.fb[0:0]$445 $flatten\blk3659_17.$0\crc16_step$func$/chipinventor/OpenLane/designs/spm/src/hdl.v:407$206.fb[0:0]$449 $flatten\blk3659_17.$0\crc16_step$func$/chipinventor/OpenLane/designs/spm/src/hdl.v:407$207.fb[0:0]$453 $flatten\blk3659_17.$0\crc16_step$func$/chipinventor/OpenLane/designs/spm/src/hdl.v:407$208.fb[0:0]$457 $flatten\blk3659_17.$0\crc16_step$func$/chipinventor/OpenLane/designs/spm/src/hdl.v:407$209.fb[0:0]$461 $flatten\blk3659_17.$0\crc16_step$func$/chipinventor/OpenLane/designs/spm/src/hdl.v:407$210.fb[0:0]$465 $flatten\blk3659_17.$0\crc16_step$func$/chipinventor/OpenLane/designs/spm/src/hdl.v:407$211.fb[0:0]$469 $flatten\blk3659_17.$0\crc16_step$func$/chipinventor/OpenLane/designs/spm/src/hdl.v:407$212.fb[0:0]$473 $flatten\blk3659_17.$0\crc16_step$func$/chipinventor/OpenLane/designs/spm/src/hdl.v:407$213.fb[0:0]$477 $flatten\blk3659_17.$0\crc16_step$func$/chipinventor/OpenLane/designs/spm/src/hdl.v:407$214.fb[0:0]$481 $flatten\blk3659_17.$0\crc16_step$func$/chipinventor/OpenLane/designs/spm/src/hdl.v:407$215.fb[0:0]$485 $flatten\blk3659_17.$0\crc16_step$func$/chipinventor/OpenLane/designs/spm/src/hdl.v:407$216.fb[0:0]$489 $flatten\blk3659_17.$0\crc16_step$func$/chipinventor/OpenLane/designs/spm/src/hdl.v:407$217.fb[0:0]$493 $flatten\blk3659_17.$0\crc16_step$func$/chipinventor/OpenLane/designs/spm/src/hdl.v:407$218.fb[0:0]$497 $flatten\blk3659_17.$0\crc16_step$func$/chipinventor/OpenLane/designs/spm/src/hdl.v:407$219.fb[0:0]$501 $flatten\blk3659_17.$0\crc16_step$func$/chipinventor/OpenLane/designs/spm/src/hdl.v:407$220.fb[0:0]$505 $flatten\blk3659_17.$0\crc16_step$func$/chipinventor/OpenLane/designs/spm/src/hdl.v:407$221.fb[0:0]$509 $flatten\blk3659_17.$0\crc16_step$func$/chipinventor/OpenLane/designs/spm/src/hdl.v:407$222.fb[0:0]$513 $flatten\blk3659_17.$0\crc16_step$func$/chipinventor/OpenLane/designs/spm/src/hdl.v:407$223.fb[0:0]$517 $flatten\blk3659_17.$0\crc16_step$func$/chipinventor/OpenLane/designs/spm/src/hdl.v:407$224.fb[0:0]$521 $flatten\blk3659_17.$0\crc16_step$func$/chipinventor/OpenLane/designs/spm/src/hdl.v:407$225.fb[0:0]$525 $flatten\blk3659_17.$0\crc16_step$func$/chipinventor/OpenLane/designs/spm/src/hdl.v:407$226.fb[0:0]$529 $flatten\blk3659_17.$0\crc16_step$func$/chipinventor/OpenLane/designs/spm/src/hdl.v:407$227.fb[0:0]$533 $flatten\blk3659_17.$0\crc16_step$func$/chipinventor/OpenLane/designs/spm/src/hdl.v:407$228.fb[0:0]$537 $flatten\blk3659_17.$0\crc16_step$func$/chipinventor/OpenLane/designs/spm/src/hdl.v:407$229.fb[0:0]$541 $flatten\blk3659_17.$0\crc16_step$func$/chipinventor/OpenLane/designs/spm/src/hdl.v:407$230.fb[0:0]$545 $flatten\blk3659_17.$0\crc16_step$func$/chipinventor/OpenLane/designs/spm/src/hdl.v:407$231.fb[0:0]$549 $flatten\blk3656_15.$lt$/chipinventor/OpenLane/designs/spm/src/hdl.v:81$664_Y $flatten\blk3656_15.$lt$/chipinventor/OpenLane/designs/spm/src/hdl.v:82$666_Y $flatten\blk3660_7.$logic_and$/chipinventor/OpenLane/designs/spm/src/hdl.v:479$810_Y \blk3655_5.dmem_bw_o \blk3655_5.imem_sel \blk3655_5.dmem_sel \blk3669_1.s }
      Activation pattern for cell $flatten\blk3672_11.$memrd$\regs$/chipinventor/OpenLane/designs/spm/src/hdl.v:851$713: { $flatten\blk3657_14.$procmux$1098_CMP $flatten\blk3672_11.$eq$/chipinventor/OpenLane/designs/spm/src/hdl.v:851$712_Y } = 2'10
      Activation pattern for cell $flatten\blk3672_11.$memrd$\regs$/chipinventor/OpenLane/designs/spm/src/hdl.v:851$713: { $flatten\blk3672_11.$eq$/chipinventor/OpenLane/designs/spm/src/hdl.v:851$712_Y $flatten\blk3657_14.$procmux$1099_CMP } = 2'01
      Activation pattern for cell $flatten\blk3672_11.$memrd$\regs$/chipinventor/OpenLane/designs/spm/src/hdl.v:851$713: { $flatten\blk3657_14.$procmux$1102_CMP $flatten\blk3672_11.$eq$/chipinventor/OpenLane/designs/spm/src/hdl.v:851$712_Y } = 2'10
      Activation pattern for cell $flatten\blk3672_11.$memrd$\regs$/chipinventor/OpenLane/designs/spm/src/hdl.v:851$713: { $flatten\blk3657_14.$procmux$1103_CMP $flatten\blk3672_11.$eq$/chipinventor/OpenLane/designs/spm/src/hdl.v:851$712_Y } = 2'10
      Activation pattern for cell $flatten\blk3672_11.$memrd$\regs$/chipinventor/OpenLane/designs/spm/src/hdl.v:851$713: { $flatten\blk3657_14.$procmux$1100_CMP $flatten\blk3672_11.$eq$/chipinventor/OpenLane/designs/spm/src/hdl.v:851$712_Y } = 2'10
      Activation pattern for cell $flatten\blk3672_11.$memrd$\regs$/chipinventor/OpenLane/designs/spm/src/hdl.v:851$713: { $flatten\blk3657_14.$procmux$1101_CMP $flatten\blk3672_11.$eq$/chipinventor/OpenLane/designs/spm/src/hdl.v:851$712_Y } = 2'10
      Activation pattern for cell $flatten\blk3672_11.$memrd$\regs$/chipinventor/OpenLane/designs/spm/src/hdl.v:851$713: { $flatten\blk3673_19.$procmux$1237_CMP $flatten\blk3659_17.$procmux$1119_CMP $flatten\blk3672_11.$eq$/chipinventor/OpenLane/designs/spm/src/hdl.v:851$712_Y $flatten\blk3672_11.$logic_and$/chipinventor/OpenLane/designs/spm/src/hdl.v:856$787_Y \rst_i } = 5'11010
      Activation pattern for cell $flatten\blk3672_11.$memrd$\regs$/chipinventor/OpenLane/designs/spm/src/hdl.v:851$713: { $flatten\blk3673_19.$procmux$1237_CMP $flatten\blk3659_17.$procmux$1120_CMP $flatten\blk3672_11.$eq$/chipinventor/OpenLane/designs/spm/src/hdl.v:851$712_Y $flatten\blk3672_11.$logic_and$/chipinventor/OpenLane/designs/spm/src/hdl.v:856$787_Y \rst_i } = 5'11010
      Activation pattern for cell $flatten\blk3672_11.$memrd$\regs$/chipinventor/OpenLane/designs/spm/src/hdl.v:851$713: { $flatten\blk3673_19.$procmux$1237_CMP $flatten\blk3659_17.$procmux$1121_CMP $flatten\blk3672_11.$eq$/chipinventor/OpenLane/designs/spm/src/hdl.v:851$712_Y $flatten\blk3672_11.$logic_and$/chipinventor/OpenLane/designs/spm/src/hdl.v:856$787_Y \rst_i } = 5'11010
      Activation pattern for cell $flatten\blk3672_11.$memrd$\regs$/chipinventor/OpenLane/designs/spm/src/hdl.v:851$713: { $flatten\blk3658_25.$logic_or$/chipinventor/OpenLane/designs/spm/src/hdl.v:216$83_Y $flatten\blk3673_19.$procmux$1236_CMP $flatten\blk3659_17.$procmux$1120_CMP $flatten\blk3656_15.$procmux$1116_CMP $flatten\blk3672_11.$eq$/chipinventor/OpenLane/designs/spm/src/hdl.v:851$712_Y $flatten\blk3672_11.$logic_and$/chipinventor/OpenLane/designs/spm/src/hdl.v:856$787_Y \rst_i } = 7'1111010
      Activation pattern for cell $flatten\blk3672_11.$memrd$\regs$/chipinventor/OpenLane/designs/spm/src/hdl.v:851$713: { $flatten\blk3658_25.$logic_or$/chipinventor/OpenLane/designs/spm/src/hdl.v:216$83_Y $flatten\blk3673_19.$procmux$1236_CMP $flatten\blk3659_17.$procmux$1121_CMP $flatten\blk3656_15.$procmux$1116_CMP $flatten\blk3672_11.$eq$/chipinventor/OpenLane/designs/spm/src/hdl.v:851$712_Y $flatten\blk3672_11.$logic_and$/chipinventor/OpenLane/designs/spm/src/hdl.v:856$787_Y \rst_i } = 7'1111010
      Activation pattern for cell $flatten\blk3672_11.$memrd$\regs$/chipinventor/OpenLane/designs/spm/src/hdl.v:851$713: { \blk3658_25.is_store $flatten\blk3658_25.$logic_or$/chipinventor/OpenLane/designs/spm/src/hdl.v:216$83_Y $flatten\blk3659_17.$procmux$1119_CMP $flatten\blk3656_15.$procmux$1116_CMP $flatten\blk3672_11.$eq$/chipinventor/OpenLane/designs/spm/src/hdl.v:851$712_Y } = 5'11110
      Activation pattern for cell $flatten\blk3672_11.$memrd$\regs$/chipinventor/OpenLane/designs/spm/src/hdl.v:851$713: { \blk3658_25.is_store $flatten\blk3658_25.$logic_or$/chipinventor/OpenLane/designs/spm/src/hdl.v:216$83_Y $flatten\blk3659_17.$procmux$1120_CMP $flatten\blk3656_15.$procmux$1116_CMP $flatten\blk3672_11.$eq$/chipinventor/OpenLane/designs/spm/src/hdl.v:851$712_Y } = 5'11110
      Activation pattern for cell $flatten\blk3672_11.$memrd$\regs$/chipinventor/OpenLane/designs/spm/src/hdl.v:851$713: { \blk3658_25.is_store $flatten\blk3658_25.$logic_or$/chipinventor/OpenLane/designs/spm/src/hdl.v:216$83_Y $flatten\blk3659_17.$procmux$1121_CMP $flatten\blk3656_15.$procmux$1116_CMP $flatten\blk3672_11.$eq$/chipinventor/OpenLane/designs/spm/src/hdl.v:851$712_Y } = 5'11110
      Activation pattern for cell $flatten\blk3672_11.$memrd$\regs$/chipinventor/OpenLane/designs/spm/src/hdl.v:851$713: { $flatten\blk3658_25.$logic_or$/chipinventor/OpenLane/designs/spm/src/hdl.v:216$83_Y $flatten\blk3673_19.$procmux$1236_CMP $flatten\blk3659_17.$procmux$1119_CMP $flatten\blk3656_15.$procmux$1116_CMP $flatten\blk3672_11.$eq$/chipinventor/OpenLane/designs/spm/src/hdl.v:851$712_Y $flatten\blk3672_11.$logic_and$/chipinventor/OpenLane/designs/spm/src/hdl.v:856$787_Y \rst_i } = 7'1111010
      Activation pattern for cell $flatten\blk3672_11.$memrd$\regs$/chipinventor/OpenLane/designs/spm/src/hdl.v:851$713: { $flatten\blk3658_25.$logic_or$/chipinventor/OpenLane/designs/spm/src/hdl.v:216$83_Y $flatten\blk3673_19.$procmux$1238_CMP $flatten\blk3673_19.$procmux$1237_CMP $flatten\blk3673_19.$procmux$1236_CMP $flatten\blk3673_19.$procmux$1235_CMP $flatten\blk3656_15.$procmux$1116_CMP $flatten\blk3672_11.$eq$/chipinventor/OpenLane/designs/spm/src/hdl.v:851$712_Y $flatten\blk3672_11.$logic_and$/chipinventor/OpenLane/designs/spm/src/hdl.v:856$787_Y \rst_i } = 9'100001010
      Activation pattern for cell $flatten\blk3672_11.$memrd$\regs$/chipinventor/OpenLane/designs/spm/src/hdl.v:851$713: { $flatten\blk3658_25.$logic_or$/chipinventor/OpenLane/designs/spm/src/hdl.v:216$83_Y $flatten\blk3656_15.$procmux$1116_CMP $flatten\blk3672_11.$eq$/chipinventor/OpenLane/designs/spm/src/hdl.v:851$712_Y \blk3669_4.s } = 4'1101
      Activation pattern for cell $flatten\blk3672_11.$memrd$\regs$/chipinventor/OpenLane/designs/spm/src/hdl.v:851$713: { $flatten\blk3658_25.$logic_or$/chipinventor/OpenLane/designs/spm/src/hdl.v:216$83_Y $flatten\blk3656_15.$procmux$1116_CMP $flatten\blk3672_11.$eq$/chipinventor/OpenLane/designs/spm/src/hdl.v:851$712_Y } = 3'110
      Activation pattern for cell $flatten\blk3672_11.$memrd$\regs$/chipinventor/OpenLane/designs/spm/src/hdl.v:851$713: { $flatten\blk3658_25.$logic_or$/chipinventor/OpenLane/designs/spm/src/hdl.v:216$83_Y $flatten\blk3656_15.$procmux$1110_CMP $flatten\blk3672_11.$eq$/chipinventor/OpenLane/designs/spm/src/hdl.v:851$712_Y } = 3'110
      Activation pattern for cell $flatten\blk3672_11.$memrd$\regs$/chipinventor/OpenLane/designs/spm/src/hdl.v:851$713: { $flatten\blk3658_25.$logic_or$/chipinventor/OpenLane/designs/spm/src/hdl.v:216$83_Y $flatten\blk3656_15.$procmux$1110_CMP $flatten\blk3672_11.$eq$/chipinventor/OpenLane/designs/spm/src/hdl.v:851$712_Y \blk3669_4.s } = 4'1101
      Activation pattern for cell $flatten\blk3672_11.$memrd$\regs$/chipinventor/OpenLane/designs/spm/src/hdl.v:851$713: { $flatten\blk3658_25.$logic_or$/chipinventor/OpenLane/designs/spm/src/hdl.v:216$83_Y $flatten\blk3673_19.$procmux$1238_CMP $flatten\blk3673_19.$procmux$1237_CMP $flatten\blk3673_19.$procmux$1236_CMP $flatten\blk3673_19.$procmux$1235_CMP $flatten\blk3656_15.$procmux$1110_CMP $flatten\blk3672_11.$eq$/chipinventor/OpenLane/designs/spm/src/hdl.v:851$712_Y $flatten\blk3672_11.$logic_and$/chipinventor/OpenLane/designs/spm/src/hdl.v:856$787_Y \rst_i } = 9'100001010
      Activation pattern for cell $flatten\blk3672_11.$memrd$\regs$/chipinventor/OpenLane/designs/spm/src/hdl.v:851$713: { $flatten\blk3658_25.$logic_or$/chipinventor/OpenLane/designs/spm/src/hdl.v:216$83_Y $flatten\blk3673_19.$procmux$1236_CMP $flatten\blk3659_17.$procmux$1119_CMP $flatten\blk3656_15.$procmux$1110_CMP $flatten\blk3672_11.$eq$/chipinventor/OpenLane/designs/spm/src/hdl.v:851$712_Y $flatten\blk3672_11.$logic_and$/chipinventor/OpenLane/designs/spm/src/hdl.v:856$787_Y \rst_i } = 7'1111010
      Activation pattern for cell $flatten\blk3672_11.$memrd$\regs$/chipinventor/OpenLane/designs/spm/src/hdl.v:851$713: { \blk3658_25.is_store $flatten\blk3658_25.$logic_or$/chipinventor/OpenLane/designs/spm/src/hdl.v:216$83_Y $flatten\blk3659_17.$procmux$1121_CMP $flatten\blk3656_15.$procmux$1110_CMP $flatten\blk3672_11.$eq$/chipinventor/OpenLane/designs/spm/src/hdl.v:851$712_Y } = 5'11110
      Activation pattern for cell $flatten\blk3672_11.$memrd$\regs$/chipinventor/OpenLane/designs/spm/src/hdl.v:851$713: { \blk3658_25.is_store $flatten\blk3658_25.$logic_or$/chipinventor/OpenLane/designs/spm/src/hdl.v:216$83_Y $flatten\blk3659_17.$procmux$1120_CMP $flatten\blk3656_15.$procmux$1110_CMP $flatten\blk3672_11.$eq$/chipinventor/OpenLane/designs/spm/src/hdl.v:851$712_Y } = 5'11110
      Activation pattern for cell $flatten\blk3672_11.$memrd$\regs$/chipinventor/OpenLane/designs/spm/src/hdl.v:851$713: { \blk3658_25.is_store $flatten\blk3658_25.$logic_or$/chipinventor/OpenLane/designs/spm/src/hdl.v:216$83_Y $flatten\blk3659_17.$procmux$1119_CMP $flatten\blk3656_15.$procmux$1110_CMP $flatten\blk3672_11.$eq$/chipinventor/OpenLane/designs/spm/src/hdl.v:851$712_Y } = 5'11110
      Activation pattern for cell $flatten\blk3672_11.$memrd$\regs$/chipinventor/OpenLane/designs/spm/src/hdl.v:851$713: { $flatten\blk3658_25.$logic_or$/chipinventor/OpenLane/designs/spm/src/hdl.v:216$83_Y $flatten\blk3673_19.$procmux$1236_CMP $flatten\blk3659_17.$procmux$1121_CMP $flatten\blk3656_15.$procmux$1110_CMP $flatten\blk3672_11.$eq$/chipinventor/OpenLane/designs/spm/src/hdl.v:851$712_Y $flatten\blk3672_11.$logic_and$/chipinventor/OpenLane/designs/spm/src/hdl.v:856$787_Y \rst_i } = 7'1111010
      Activation pattern for cell $flatten\blk3672_11.$memrd$\regs$/chipinventor/OpenLane/designs/spm/src/hdl.v:851$713: { $flatten\blk3658_25.$logic_or$/chipinventor/OpenLane/designs/spm/src/hdl.v:216$83_Y $flatten\blk3673_19.$procmux$1236_CMP $flatten\blk3659_17.$procmux$1120_CMP $flatten\blk3656_15.$procmux$1110_CMP $flatten\blk3672_11.$eq$/chipinventor/OpenLane/designs/spm/src/hdl.v:851$712_Y $flatten\blk3672_11.$logic_and$/chipinventor/OpenLane/designs/spm/src/hdl.v:856$787_Y \rst_i } = 7'1111010
      Activation pattern for cell $flatten\blk3672_11.$memrd$\regs$/chipinventor/OpenLane/designs/spm/src/hdl.v:851$713: { $flatten\blk3658_25.$logic_or$/chipinventor/OpenLane/designs/spm/src/hdl.v:216$83_Y $flatten\blk3656_15.$procmux$1109_CMP $flatten\blk3672_11.$eq$/chipinventor/OpenLane/designs/spm/src/hdl.v:851$712_Y } = 3'110
      Activation pattern for cell $flatten\blk3672_11.$memrd$\regs$/chipinventor/OpenLane/designs/spm/src/hdl.v:851$713: { $flatten\blk3658_25.$logic_or$/chipinventor/OpenLane/designs/spm/src/hdl.v:216$83_Y $flatten\blk3656_15.$procmux$1109_CMP $flatten\blk3672_11.$eq$/chipinventor/OpenLane/designs/spm/src/hdl.v:851$712_Y \blk3669_4.s } = 4'1101
      Activation pattern for cell $flatten\blk3672_11.$memrd$\regs$/chipinventor/OpenLane/designs/spm/src/hdl.v:851$713: { $flatten\blk3658_25.$logic_or$/chipinventor/OpenLane/designs/spm/src/hdl.v:216$83_Y $flatten\blk3673_19.$procmux$1238_CMP $flatten\blk3673_19.$procmux$1237_CMP $flatten\blk3673_19.$procmux$1236_CMP $flatten\blk3673_19.$procmux$1235_CMP $flatten\blk3656_15.$procmux$1109_CMP $flatten\blk3672_11.$eq$/chipinventor/OpenLane/designs/spm/src/hdl.v:851$712_Y $flatten\blk3672_11.$logic_and$/chipinventor/OpenLane/designs/spm/src/hdl.v:856$787_Y \rst_i } = 9'100001010
      Activation pattern for cell $flatten\blk3672_11.$memrd$\regs$/chipinventor/OpenLane/designs/spm/src/hdl.v:851$713: { $flatten\blk3658_25.$logic_or$/chipinventor/OpenLane/designs/spm/src/hdl.v:216$83_Y $flatten\blk3673_19.$procmux$1236_CMP $flatten\blk3659_17.$procmux$1119_CMP $flatten\blk3656_15.$procmux$1109_CMP $flatten\blk3672_11.$eq$/chipinventor/OpenLane/designs/spm/src/hdl.v:851$712_Y $flatten\blk3672_11.$logic_and$/chipinventor/OpenLane/designs/spm/src/hdl.v:856$787_Y \rst_i } = 7'1111010
      Activation pattern for cell $flatten\blk3672_11.$memrd$\regs$/chipinventor/OpenLane/designs/spm/src/hdl.v:851$713: { \blk3658_25.is_store $flatten\blk3658_25.$logic_or$/chipinventor/OpenLane/designs/spm/src/hdl.v:216$83_Y $flatten\blk3659_17.$procmux$1121_CMP $flatten\blk3656_15.$procmux$1109_CMP $flatten\blk3672_11.$eq$/chipinventor/OpenLane/designs/spm/src/hdl.v:851$712_Y } = 5'11110
      Activation pattern for cell $flatten\blk3672_11.$memrd$\regs$/chipinventor/OpenLane/designs/spm/src/hdl.v:851$713: { \blk3658_25.is_store $flatten\blk3658_25.$logic_or$/chipinventor/OpenLane/designs/spm/src/hdl.v:216$83_Y $flatten\blk3659_17.$procmux$1120_CMP $flatten\blk3656_15.$procmux$1109_CMP $flatten\blk3672_11.$eq$/chipinventor/OpenLane/designs/spm/src/hdl.v:851$712_Y } = 5'11110
      Activation pattern for cell $flatten\blk3672_11.$memrd$\regs$/chipinventor/OpenLane/designs/spm/src/hdl.v:851$713: { \blk3658_25.is_store $flatten\blk3658_25.$logic_or$/chipinventor/OpenLane/designs/spm/src/hdl.v:216$83_Y $flatten\blk3659_17.$procmux$1119_CMP $flatten\blk3656_15.$procmux$1109_CMP $flatten\blk3672_11.$eq$/chipinventor/OpenLane/designs/spm/src/hdl.v:851$712_Y } = 5'11110
      Activation pattern for cell $flatten\blk3672_11.$memrd$\regs$/chipinventor/OpenLane/designs/spm/src/hdl.v:851$713: { $flatten\blk3658_25.$logic_or$/chipinventor/OpenLane/designs/spm/src/hdl.v:216$83_Y $flatten\blk3673_19.$procmux$1236_CMP $flatten\blk3659_17.$procmux$1121_CMP $flatten\blk3656_15.$procmux$1109_CMP $flatten\blk3672_11.$eq$/chipinventor/OpenLane/designs/spm/src/hdl.v:851$712_Y $flatten\blk3672_11.$logic_and$/chipinventor/OpenLane/designs/spm/src/hdl.v:856$787_Y \rst_i } = 7'1111010
      Activation pattern for cell $flatten\blk3672_11.$memrd$\regs$/chipinventor/OpenLane/designs/spm/src/hdl.v:851$713: { $flatten\blk3658_25.$logic_or$/chipinventor/OpenLane/designs/spm/src/hdl.v:216$83_Y $flatten\blk3673_19.$procmux$1236_CMP $flatten\blk3659_17.$procmux$1120_CMP $flatten\blk3656_15.$procmux$1109_CMP $flatten\blk3672_11.$eq$/chipinventor/OpenLane/designs/spm/src/hdl.v:851$712_Y $flatten\blk3672_11.$logic_and$/chipinventor/OpenLane/designs/spm/src/hdl.v:856$787_Y \rst_i } = 7'1111010
      Activation pattern for cell $flatten\blk3672_11.$memrd$\regs$/chipinventor/OpenLane/designs/spm/src/hdl.v:851$713: { $flatten\blk3658_25.$logic_or$/chipinventor/OpenLane/designs/spm/src/hdl.v:216$83_Y $flatten\blk3656_15.$procmux$1108_CMP $flatten\blk3672_11.$eq$/chipinventor/OpenLane/designs/spm/src/hdl.v:851$712_Y } = 3'110
      Activation pattern for cell $flatten\blk3672_11.$memrd$\regs$/chipinventor/OpenLane/designs/spm/src/hdl.v:851$713: { $flatten\blk3658_25.$logic_or$/chipinventor/OpenLane/designs/spm/src/hdl.v:216$83_Y $flatten\blk3656_15.$procmux$1108_CMP $flatten\blk3672_11.$eq$/chipinventor/OpenLane/designs/spm/src/hdl.v:851$712_Y \blk3669_4.s } = 4'1101
      Activation pattern for cell $flatten\blk3672_11.$memrd$\regs$/chipinventor/OpenLane/designs/spm/src/hdl.v:851$713: { $flatten\blk3658_25.$logic_or$/chipinventor/OpenLane/designs/spm/src/hdl.v:216$83_Y $flatten\blk3673_19.$procmux$1238_CMP $flatten\blk3673_19.$procmux$1237_CMP $flatten\blk3673_19.$procmux$1236_CMP $flatten\blk3673_19.$procmux$1235_CMP $flatten\blk3656_15.$procmux$1108_CMP $flatten\blk3672_11.$eq$/chipinventor/OpenLane/designs/spm/src/hdl.v:851$712_Y $flatten\blk3672_11.$logic_and$/chipinventor/OpenLane/designs/spm/src/hdl.v:856$787_Y \rst_i } = 9'100001010
      Activation pattern for cell $flatten\blk3672_11.$memrd$\regs$/chipinventor/OpenLane/designs/spm/src/hdl.v:851$713: { $flatten\blk3658_25.$logic_or$/chipinventor/OpenLane/designs/spm/src/hdl.v:216$83_Y $flatten\blk3673_19.$procmux$1236_CMP $flatten\blk3659_17.$procmux$1119_CMP $flatten\blk3656_15.$procmux$1108_CMP $flatten\blk3672_11.$eq$/chipinventor/OpenLane/designs/spm/src/hdl.v:851$712_Y $flatten\blk3672_11.$logic_and$/chipinventor/OpenLane/designs/spm/src/hdl.v:856$787_Y \rst_i } = 7'1111010
      Activation pattern for cell $flatten\blk3672_11.$memrd$\regs$/chipinventor/OpenLane/designs/spm/src/hdl.v:851$713: { \blk3658_25.is_store $flatten\blk3658_25.$logic_or$/chipinventor/OpenLane/designs/spm/src/hdl.v:216$83_Y $flatten\blk3659_17.$procmux$1121_CMP $flatten\blk3656_15.$procmux$1108_CMP $flatten\blk3672_11.$eq$/chipinventor/OpenLane/designs/spm/src/hdl.v:851$712_Y } = 5'11110
      Activation pattern for cell $flatten\blk3672_11.$memrd$\regs$/chipinventor/OpenLane/designs/spm/src/hdl.v:851$713: { \blk3658_25.is_store $flatten\blk3658_25.$logic_or$/chipinventor/OpenLane/designs/spm/src/hdl.v:216$83_Y $flatten\blk3659_17.$procmux$1120_CMP $flatten\blk3656_15.$procmux$1108_CMP $flatten\blk3672_11.$eq$/chipinventor/OpenLane/designs/spm/src/hdl.v:851$712_Y } = 5'11110
      Activation pattern for cell $flatten\blk3672_11.$memrd$\regs$/chipinventor/OpenLane/designs/spm/src/hdl.v:851$713: { \blk3658_25.is_store $flatten\blk3658_25.$logic_or$/chipinventor/OpenLane/designs/spm/src/hdl.v:216$83_Y $flatten\blk3659_17.$procmux$1119_CMP $flatten\blk3656_15.$procmux$1108_CMP $flatten\blk3672_11.$eq$/chipinventor/OpenLane/designs/spm/src/hdl.v:851$712_Y } = 5'11110
      Activation pattern for cell $flatten\blk3672_11.$memrd$\regs$/chipinventor/OpenLane/designs/spm/src/hdl.v:851$713: { $flatten\blk3658_25.$logic_or$/chipinventor/OpenLane/designs/spm/src/hdl.v:216$83_Y $flatten\blk3673_19.$procmux$1236_CMP $flatten\blk3659_17.$procmux$1121_CMP $flatten\blk3656_15.$procmux$1108_CMP $flatten\blk3672_11.$eq$/chipinventor/OpenLane/designs/spm/src/hdl.v:851$712_Y $flatten\blk3672_11.$logic_and$/chipinventor/OpenLane/designs/spm/src/hdl.v:856$787_Y \rst_i } = 7'1111010
      Activation pattern for cell $flatten\blk3672_11.$memrd$\regs$/chipinventor/OpenLane/designs/spm/src/hdl.v:851$713: { $flatten\blk3658_25.$logic_or$/chipinventor/OpenLane/designs/spm/src/hdl.v:216$83_Y $flatten\blk3673_19.$procmux$1236_CMP $flatten\blk3659_17.$procmux$1120_CMP $flatten\blk3656_15.$procmux$1108_CMP $flatten\blk3672_11.$eq$/chipinventor/OpenLane/designs/spm/src/hdl.v:851$712_Y $flatten\blk3672_11.$logic_and$/chipinventor/OpenLane/designs/spm/src/hdl.v:856$787_Y \rst_i } = 7'1111010
      Activation pattern for cell $flatten\blk3672_11.$memrd$\regs$/chipinventor/OpenLane/designs/spm/src/hdl.v:851$713: { $flatten\blk3658_25.$logic_or$/chipinventor/OpenLane/designs/spm/src/hdl.v:216$83_Y $flatten\blk3673_19.$procmux$1236_CMP $flatten\blk3659_17.$procmux$1120_CMP $flatten\blk3656_15.$procmux$1107_CMP $flatten\blk3672_11.$eq$/chipinventor/OpenLane/designs/spm/src/hdl.v:851$712_Y $flatten\blk3672_11.$logic_and$/chipinventor/OpenLane/designs/spm/src/hdl.v:856$787_Y \rst_i } = 7'1111010
      Activation pattern for cell $flatten\blk3672_11.$memrd$\regs$/chipinventor/OpenLane/designs/spm/src/hdl.v:851$713: { $flatten\blk3658_25.$logic_or$/chipinventor/OpenLane/designs/spm/src/hdl.v:216$83_Y $flatten\blk3673_19.$procmux$1236_CMP $flatten\blk3659_17.$procmux$1121_CMP $flatten\blk3656_15.$procmux$1107_CMP $flatten\blk3672_11.$eq$/chipinventor/OpenLane/designs/spm/src/hdl.v:851$712_Y $flatten\blk3672_11.$logic_and$/chipinventor/OpenLane/designs/spm/src/hdl.v:856$787_Y \rst_i } = 7'1111010
      Activation pattern for cell $flatten\blk3672_11.$memrd$\regs$/chipinventor/OpenLane/designs/spm/src/hdl.v:851$713: { \blk3658_25.is_store $flatten\blk3658_25.$logic_or$/chipinventor/OpenLane/designs/spm/src/hdl.v:216$83_Y $flatten\blk3659_17.$procmux$1119_CMP $flatten\blk3656_15.$procmux$1107_CMP $flatten\blk3672_11.$eq$/chipinventor/OpenLane/designs/spm/src/hdl.v:851$712_Y } = 5'11110
      Activation pattern for cell $flatten\blk3672_11.$memrd$\regs$/chipinventor/OpenLane/designs/spm/src/hdl.v:851$713: { \blk3658_25.is_store $flatten\blk3658_25.$logic_or$/chipinventor/OpenLane/designs/spm/src/hdl.v:216$83_Y $flatten\blk3659_17.$procmux$1120_CMP $flatten\blk3656_15.$procmux$1107_CMP $flatten\blk3672_11.$eq$/chipinventor/OpenLane/designs/spm/src/hdl.v:851$712_Y } = 5'11110
      Activation pattern for cell $flatten\blk3672_11.$memrd$\regs$/chipinventor/OpenLane/designs/spm/src/hdl.v:851$713: { \blk3658_25.is_store $flatten\blk3658_25.$logic_or$/chipinventor/OpenLane/designs/spm/src/hdl.v:216$83_Y $flatten\blk3659_17.$procmux$1121_CMP $flatten\blk3656_15.$procmux$1107_CMP $flatten\blk3672_11.$eq$/chipinventor/OpenLane/designs/spm/src/hdl.v:851$712_Y } = 5'11110
      Activation pattern for cell $flatten\blk3672_11.$memrd$\regs$/chipinventor/OpenLane/designs/spm/src/hdl.v:851$713: { $flatten\blk3658_25.$logic_or$/chipinventor/OpenLane/designs/spm/src/hdl.v:216$83_Y $flatten\blk3673_19.$procmux$1236_CMP $flatten\blk3659_17.$procmux$1119_CMP $flatten\blk3656_15.$procmux$1107_CMP $flatten\blk3672_11.$eq$/chipinventor/OpenLane/designs/spm/src/hdl.v:851$712_Y $flatten\blk3672_11.$logic_and$/chipinventor/OpenLane/designs/spm/src/hdl.v:856$787_Y \rst_i } = 7'1111010
      Activation pattern for cell $flatten\blk3672_11.$memrd$\regs$/chipinventor/OpenLane/designs/spm/src/hdl.v:851$713: { $flatten\blk3658_25.$logic_or$/chipinventor/OpenLane/designs/spm/src/hdl.v:216$83_Y $flatten\blk3673_19.$procmux$1238_CMP $flatten\blk3673_19.$procmux$1237_CMP $flatten\blk3673_19.$procmux$1236_CMP $flatten\blk3673_19.$procmux$1235_CMP $flatten\blk3656_15.$procmux$1107_CMP $flatten\blk3672_11.$eq$/chipinventor/OpenLane/designs/spm/src/hdl.v:851$712_Y $flatten\blk3672_11.$logic_and$/chipinventor/OpenLane/designs/spm/src/hdl.v:856$787_Y \rst_i } = 9'100001010
      Activation pattern for cell $flatten\blk3672_11.$memrd$\regs$/chipinventor/OpenLane/designs/spm/src/hdl.v:851$713: { $flatten\blk3658_25.$logic_or$/chipinventor/OpenLane/designs/spm/src/hdl.v:216$83_Y $flatten\blk3656_15.$procmux$1107_CMP $flatten\blk3672_11.$eq$/chipinventor/OpenLane/designs/spm/src/hdl.v:851$712_Y \blk3669_4.s } = 4'1101
      Activation pattern for cell $flatten\blk3672_11.$memrd$\regs$/chipinventor/OpenLane/designs/spm/src/hdl.v:851$713: { $flatten\blk3658_25.$logic_or$/chipinventor/OpenLane/designs/spm/src/hdl.v:216$83_Y $flatten\blk3656_15.$procmux$1107_CMP $flatten\blk3672_11.$eq$/chipinventor/OpenLane/designs/spm/src/hdl.v:851$712_Y } = 3'110
      Activation pattern for cell $flatten\blk3672_11.$memrd$\regs$/chipinventor/OpenLane/designs/spm/src/hdl.v:851$713: { $flatten\blk3658_25.$logic_or$/chipinventor/OpenLane/designs/spm/src/hdl.v:216$83_Y $flatten\blk3656_15.$procmux$1106_CMP $flatten\blk3672_11.$eq$/chipinventor/OpenLane/designs/spm/src/hdl.v:851$712_Y } = 3'110
      Activation pattern for cell $flatten\blk3672_11.$memrd$\regs$/chipinventor/OpenLane/designs/spm/src/hdl.v:851$713: { $flatten\blk3658_25.$logic_or$/chipinventor/OpenLane/designs/spm/src/hdl.v:216$83_Y $flatten\blk3656_15.$procmux$1106_CMP $flatten\blk3672_11.$eq$/chipinventor/OpenLane/designs/spm/src/hdl.v:851$712_Y \blk3669_4.s } = 4'1101
      Activation pattern for cell $flatten\blk3672_11.$memrd$\regs$/chipinventor/OpenLane/designs/spm/src/hdl.v:851$713: { $flatten\blk3658_25.$logic_or$/chipinventor/OpenLane/designs/spm/src/hdl.v:216$83_Y $flatten\blk3673_19.$procmux$1238_CMP $flatten\blk3673_19.$procmux$1237_CMP $flatten\blk3673_19.$procmux$1236_CMP $flatten\blk3673_19.$procmux$1235_CMP $flatten\blk3656_15.$procmux$1106_CMP $flatten\blk3672_11.$eq$/chipinventor/OpenLane/designs/spm/src/hdl.v:851$712_Y $flatten\blk3672_11.$logic_and$/chipinventor/OpenLane/designs/spm/src/hdl.v:856$787_Y \rst_i } = 9'100001010
      Activation pattern for cell $flatten\blk3672_11.$memrd$\regs$/chipinventor/OpenLane/designs/spm/src/hdl.v:851$713: { $flatten\blk3658_25.$logic_or$/chipinventor/OpenLane/designs/spm/src/hdl.v:216$83_Y $flatten\blk3673_19.$procmux$1236_CMP $flatten\blk3659_17.$procmux$1119_CMP $flatten\blk3656_15.$procmux$1106_CMP $flatten\blk3672_11.$eq$/chipinventor/OpenLane/designs/spm/src/hdl.v:851$712_Y $flatten\blk3672_11.$logic_and$/chipinventor/OpenLane/designs/spm/src/hdl.v:856$787_Y \rst_i } = 7'1111010
      Activation pattern for cell $flatten\blk3672_11.$memrd$\regs$/chipinventor/OpenLane/designs/spm/src/hdl.v:851$713: { \blk3658_25.is_store $flatten\blk3658_25.$logic_or$/chipinventor/OpenLane/designs/spm/src/hdl.v:216$83_Y $flatten\blk3659_17.$procmux$1121_CMP $flatten\blk3656_15.$procmux$1106_CMP $flatten\blk3672_11.$eq$/chipinventor/OpenLane/designs/spm/src/hdl.v:851$712_Y } = 5'11110
      Activation pattern for cell $flatten\blk3672_11.$memrd$\regs$/chipinventor/OpenLane/designs/spm/src/hdl.v:851$713: { \blk3658_25.is_store $flatten\blk3658_25.$logic_or$/chipinventor/OpenLane/designs/spm/src/hdl.v:216$83_Y $flatten\blk3659_17.$procmux$1120_CMP $flatten\blk3656_15.$procmux$1106_CMP $flatten\blk3672_11.$eq$/chipinventor/OpenLane/designs/spm/src/hdl.v:851$712_Y } = 5'11110
      Activation pattern for cell $flatten\blk3672_11.$memrd$\regs$/chipinventor/OpenLane/designs/spm/src/hdl.v:851$713: { \blk3658_25.is_store $flatten\blk3658_25.$logic_or$/chipinventor/OpenLane/designs/spm/src/hdl.v:216$83_Y $flatten\blk3659_17.$procmux$1119_CMP $flatten\blk3656_15.$procmux$1106_CMP $flatten\blk3672_11.$eq$/chipinventor/OpenLane/designs/spm/src/hdl.v:851$712_Y } = 5'11110
      Activation pattern for cell $flatten\blk3672_11.$memrd$\regs$/chipinventor/OpenLane/designs/spm/src/hdl.v:851$713: { $flatten\blk3658_25.$logic_or$/chipinventor/OpenLane/designs/spm/src/hdl.v:216$83_Y $flatten\blk3673_19.$procmux$1236_CMP $flatten\blk3659_17.$procmux$1121_CMP $flatten\blk3656_15.$procmux$1106_CMP $flatten\blk3672_11.$eq$/chipinventor/OpenLane/designs/spm/src/hdl.v:851$712_Y $flatten\blk3672_11.$logic_and$/chipinventor/OpenLane/designs/spm/src/hdl.v:856$787_Y \rst_i } = 7'1111010
      Activation pattern for cell $flatten\blk3672_11.$memrd$\regs$/chipinventor/OpenLane/designs/spm/src/hdl.v:851$713: { $flatten\blk3658_25.$logic_or$/chipinventor/OpenLane/designs/spm/src/hdl.v:216$83_Y $flatten\blk3673_19.$procmux$1236_CMP $flatten\blk3659_17.$procmux$1120_CMP $flatten\blk3656_15.$procmux$1106_CMP $flatten\blk3672_11.$eq$/chipinventor/OpenLane/designs/spm/src/hdl.v:851$712_Y $flatten\blk3672_11.$logic_and$/chipinventor/OpenLane/designs/spm/src/hdl.v:856$787_Y \rst_i } = 7'1111010
      Activation pattern for cell $flatten\blk3672_11.$memrd$\regs$/chipinventor/OpenLane/designs/spm/src/hdl.v:851$713: { $flatten\blk3658_25.$logic_or$/chipinventor/OpenLane/designs/spm/src/hdl.v:216$83_Y $flatten\blk3656_15.$procmux$1115_CMP $flatten\blk3672_11.$eq$/chipinventor/OpenLane/designs/spm/src/hdl.v:851$712_Y } = 3'110
      Activation pattern for cell $flatten\blk3672_11.$memrd$\regs$/chipinventor/OpenLane/designs/spm/src/hdl.v:851$713: { $flatten\blk3658_25.$logic_or$/chipinventor/OpenLane/designs/spm/src/hdl.v:216$83_Y $flatten\blk3656_15.$procmux$1115_CMP $flatten\blk3672_11.$eq$/chipinventor/OpenLane/designs/spm/src/hdl.v:851$712_Y \blk3669_4.s } = 4'1101
      Activation pattern for cell $flatten\blk3672_11.$memrd$\regs$/chipinventor/OpenLane/designs/spm/src/hdl.v:851$713: { $flatten\blk3658_25.$logic_or$/chipinventor/OpenLane/designs/spm/src/hdl.v:216$83_Y $flatten\blk3673_19.$procmux$1238_CMP $flatten\blk3673_19.$procmux$1237_CMP $flatten\blk3673_19.$procmux$1236_CMP $flatten\blk3673_19.$procmux$1235_CMP $flatten\blk3656_15.$procmux$1115_CMP $flatten\blk3672_11.$eq$/chipinventor/OpenLane/designs/spm/src/hdl.v:851$712_Y $flatten\blk3672_11.$logic_and$/chipinventor/OpenLane/designs/spm/src/hdl.v:856$787_Y \rst_i } = 9'100001010
      Activation pattern for cell $flatten\blk3672_11.$memrd$\regs$/chipinventor/OpenLane/designs/spm/src/hdl.v:851$713: { $flatten\blk3658_25.$logic_or$/chipinventor/OpenLane/designs/spm/src/hdl.v:216$83_Y $flatten\blk3673_19.$procmux$1236_CMP $flatten\blk3659_17.$procmux$1119_CMP $flatten\blk3656_15.$procmux$1115_CMP $flatten\blk3672_11.$eq$/chipinventor/OpenLane/designs/spm/src/hdl.v:851$712_Y $flatten\blk3672_11.$logic_and$/chipinventor/OpenLane/designs/spm/src/hdl.v:856$787_Y \rst_i } = 7'1111010
      Activation pattern for cell $flatten\blk3672_11.$memrd$\regs$/chipinventor/OpenLane/designs/spm/src/hdl.v:851$713: { \blk3658_25.is_store $flatten\blk3658_25.$logic_or$/chipinventor/OpenLane/designs/spm/src/hdl.v:216$83_Y $flatten\blk3659_17.$procmux$1121_CMP $flatten\blk3656_15.$procmux$1115_CMP $flatten\blk3672_11.$eq$/chipinventor/OpenLane/designs/spm/src/hdl.v:851$712_Y } = 5'11110
      Activation pattern for cell $flatten\blk3672_11.$memrd$\regs$/chipinventor/OpenLane/designs/spm/src/hdl.v:851$713: { \blk3658_25.is_store $flatten\blk3658_25.$logic_or$/chipinventor/OpenLane/designs/spm/src/hdl.v:216$83_Y $flatten\blk3659_17.$procmux$1120_CMP $flatten\blk3656_15.$procmux$1115_CMP $flatten\blk3672_11.$eq$/chipinventor/OpenLane/designs/spm/src/hdl.v:851$712_Y } = 5'11110
      Activation pattern for cell $flatten\blk3672_11.$memrd$\regs$/chipinventor/OpenLane/designs/spm/src/hdl.v:851$713: { \blk3658_25.is_store $flatten\blk3658_25.$logic_or$/chipinventor/OpenLane/designs/spm/src/hdl.v:216$83_Y $flatten\blk3659_17.$procmux$1119_CMP $flatten\blk3656_15.$procmux$1115_CMP $flatten\blk3672_11.$eq$/chipinventor/OpenLane/designs/spm/src/hdl.v:851$712_Y } = 5'11110
      Activation pattern for cell $flatten\blk3672_11.$memrd$\regs$/chipinventor/OpenLane/designs/spm/src/hdl.v:851$713: { $flatten\blk3658_25.$logic_or$/chipinventor/OpenLane/designs/spm/src/hdl.v:216$83_Y $flatten\blk3673_19.$procmux$1236_CMP $flatten\blk3659_17.$procmux$1121_CMP $flatten\blk3656_15.$procmux$1115_CMP $flatten\blk3672_11.$eq$/chipinventor/OpenLane/designs/spm/src/hdl.v:851$712_Y $flatten\blk3672_11.$logic_and$/chipinventor/OpenLane/designs/spm/src/hdl.v:856$787_Y \rst_i } = 7'1111010
      Activation pattern for cell $flatten\blk3672_11.$memrd$\regs$/chipinventor/OpenLane/designs/spm/src/hdl.v:851$713: { $flatten\blk3658_25.$logic_or$/chipinventor/OpenLane/designs/spm/src/hdl.v:216$83_Y $flatten\blk3673_19.$procmux$1236_CMP $flatten\blk3659_17.$procmux$1120_CMP $flatten\blk3656_15.$procmux$1115_CMP $flatten\blk3672_11.$eq$/chipinventor/OpenLane/designs/spm/src/hdl.v:851$712_Y $flatten\blk3672_11.$logic_and$/chipinventor/OpenLane/designs/spm/src/hdl.v:856$787_Y \rst_i } = 7'1111010
      Activation pattern for cell $flatten\blk3672_11.$memrd$\regs$/chipinventor/OpenLane/designs/spm/src/hdl.v:851$713: { $flatten\blk3658_25.$logic_or$/chipinventor/OpenLane/designs/spm/src/hdl.v:216$83_Y $flatten\blk3656_15.$procmux$1113_CMP $flatten\blk3672_11.$eq$/chipinventor/OpenLane/designs/spm/src/hdl.v:851$712_Y } = 3'110
      Activation pattern for cell $flatten\blk3672_11.$memrd$\regs$/chipinventor/OpenLane/designs/spm/src/hdl.v:851$713: { $flatten\blk3658_25.$logic_or$/chipinventor/OpenLane/designs/spm/src/hdl.v:216$83_Y $flatten\blk3656_15.$procmux$1113_CMP $flatten\blk3672_11.$eq$/chipinventor/OpenLane/designs/spm/src/hdl.v:851$712_Y \blk3669_4.s } = 4'1101
      Activation pattern for cell $flatten\blk3672_11.$memrd$\regs$/chipinventor/OpenLane/designs/spm/src/hdl.v:851$713: { $flatten\blk3658_25.$logic_or$/chipinventor/OpenLane/designs/spm/src/hdl.v:216$83_Y $flatten\blk3673_19.$procmux$1238_CMP $flatten\blk3673_19.$procmux$1237_CMP $flatten\blk3673_19.$procmux$1236_CMP $flatten\blk3673_19.$procmux$1235_CMP $flatten\blk3656_15.$procmux$1113_CMP $flatten\blk3672_11.$eq$/chipinventor/OpenLane/designs/spm/src/hdl.v:851$712_Y $flatten\blk3672_11.$logic_and$/chipinventor/OpenLane/designs/spm/src/hdl.v:856$787_Y \rst_i } = 9'100001010
      Activation pattern for cell $flatten\blk3672_11.$memrd$\regs$/chipinventor/OpenLane/designs/spm/src/hdl.v:851$713: { $flatten\blk3658_25.$logic_or$/chipinventor/OpenLane/designs/spm/src/hdl.v:216$83_Y $flatten\blk3673_19.$procmux$1236_CMP $flatten\blk3659_17.$procmux$1119_CMP $flatten\blk3656_15.$procmux$1113_CMP $flatten\blk3672_11.$eq$/chipinventor/OpenLane/designs/spm/src/hdl.v:851$712_Y $flatten\blk3672_11.$logic_and$/chipinventor/OpenLane/designs/spm/src/hdl.v:856$787_Y \rst_i } = 7'1111010
      Activation pattern for cell $flatten\blk3672_11.$memrd$\regs$/chipinventor/OpenLane/designs/spm/src/hdl.v:851$713: { \blk3658_25.is_store $flatten\blk3658_25.$logic_or$/chipinventor/OpenLane/designs/spm/src/hdl.v:216$83_Y $flatten\blk3659_17.$procmux$1121_CMP $flatten\blk3656_15.$procmux$1113_CMP $flatten\blk3672_11.$eq$/chipinventor/OpenLane/designs/spm/src/hdl.v:851$712_Y } = 5'11110
      Activation pattern for cell $flatten\blk3672_11.$memrd$\regs$/chipinventor/OpenLane/designs/spm/src/hdl.v:851$713: { \blk3658_25.is_store $flatten\blk3658_25.$logic_or$/chipinventor/OpenLane/designs/spm/src/hdl.v:216$83_Y $flatten\blk3659_17.$procmux$1120_CMP $flatten\blk3656_15.$procmux$1113_CMP $flatten\blk3672_11.$eq$/chipinventor/OpenLane/designs/spm/src/hdl.v:851$712_Y } = 5'11110
      Activation pattern for cell $flatten\blk3672_11.$memrd$\regs$/chipinventor/OpenLane/designs/spm/src/hdl.v:851$713: { \blk3658_25.is_store $flatten\blk3658_25.$logic_or$/chipinventor/OpenLane/designs/spm/src/hdl.v:216$83_Y $flatten\blk3659_17.$procmux$1119_CMP $flatten\blk3656_15.$procmux$1113_CMP $flatten\blk3672_11.$eq$/chipinventor/OpenLane/designs/spm/src/hdl.v:851$712_Y } = 5'11110
      Activation pattern for cell $flatten\blk3672_11.$memrd$\regs$/chipinventor/OpenLane/designs/spm/src/hdl.v:851$713: { $flatten\blk3658_25.$logic_or$/chipinventor/OpenLane/designs/spm/src/hdl.v:216$83_Y $flatten\blk3673_19.$procmux$1236_CMP $flatten\blk3659_17.$procmux$1121_CMP $flatten\blk3656_15.$procmux$1113_CMP $flatten\blk3672_11.$eq$/chipinventor/OpenLane/designs/spm/src/hdl.v:851$712_Y $flatten\blk3672_11.$logic_and$/chipinventor/OpenLane/designs/spm/src/hdl.v:856$787_Y \rst_i } = 7'1111010
      Activation pattern for cell $flatten\blk3672_11.$memrd$\regs$/chipinventor/OpenLane/designs/spm/src/hdl.v:851$713: { $flatten\blk3658_25.$logic_or$/chipinventor/OpenLane/designs/spm/src/hdl.v:216$83_Y $flatten\blk3673_19.$procmux$1236_CMP $flatten\blk3659_17.$procmux$1120_CMP $flatten\blk3656_15.$procmux$1113_CMP $flatten\blk3672_11.$eq$/chipinventor/OpenLane/designs/spm/src/hdl.v:851$712_Y $flatten\blk3672_11.$logic_and$/chipinventor/OpenLane/designs/spm/src/hdl.v:856$787_Y \rst_i } = 7'1111010
      Activation pattern for cell $flatten\blk3672_11.$memrd$\regs$/chipinventor/OpenLane/designs/spm/src/hdl.v:851$713: { $flatten\blk3658_25.$logic_or$/chipinventor/OpenLane/designs/spm/src/hdl.v:216$83_Y $flatten\blk3672_11.$eq$/chipinventor/OpenLane/designs/spm/src/hdl.v:851$712_Y $flatten\blk3656_15.$procmux$1112_CMP } = 3'101
      Activation pattern for cell $flatten\blk3672_11.$memrd$\regs$/chipinventor/OpenLane/designs/spm/src/hdl.v:851$713: { $flatten\blk3658_25.$logic_or$/chipinventor/OpenLane/designs/spm/src/hdl.v:216$83_Y $flatten\blk3672_11.$eq$/chipinventor/OpenLane/designs/spm/src/hdl.v:851$712_Y \blk3669_4.s $flatten\blk3656_15.$procmux$1112_CMP } = 4'1011
      Activation pattern for cell $flatten\blk3672_11.$memrd$\regs$/chipinventor/OpenLane/designs/spm/src/hdl.v:851$713: { $flatten\blk3658_25.$logic_or$/chipinventor/OpenLane/designs/spm/src/hdl.v:216$83_Y $flatten\blk3673_19.$procmux$1238_CMP $flatten\blk3673_19.$procmux$1237_CMP $flatten\blk3673_19.$procmux$1236_CMP $flatten\blk3673_19.$procmux$1235_CMP $flatten\blk3672_11.$eq$/chipinventor/OpenLane/designs/spm/src/hdl.v:851$712_Y $flatten\blk3672_11.$logic_and$/chipinventor/OpenLane/designs/spm/src/hdl.v:856$787_Y $flatten\blk3656_15.$procmux$1112_CMP \rst_i } = 9'100000110
      Activation pattern for cell $flatten\blk3672_11.$memrd$\regs$/chipinventor/OpenLane/designs/spm/src/hdl.v:851$713: { $flatten\blk3658_25.$logic_or$/chipinventor/OpenLane/designs/spm/src/hdl.v:216$83_Y $flatten\blk3673_19.$procmux$1236_CMP $flatten\blk3659_17.$procmux$1119_CMP $flatten\blk3672_11.$eq$/chipinventor/OpenLane/designs/spm/src/hdl.v:851$712_Y $flatten\blk3672_11.$logic_and$/chipinventor/OpenLane/designs/spm/src/hdl.v:856$787_Y $flatten\blk3656_15.$procmux$1112_CMP \rst_i } = 7'1110110
      Activation pattern for cell $flatten\blk3672_11.$memrd$\regs$/chipinventor/OpenLane/designs/spm/src/hdl.v:851$713: { \blk3658_25.is_store $flatten\blk3658_25.$logic_or$/chipinventor/OpenLane/designs/spm/src/hdl.v:216$83_Y $flatten\blk3659_17.$procmux$1121_CMP $flatten\blk3672_11.$eq$/chipinventor/OpenLane/designs/spm/src/hdl.v:851$712_Y $flatten\blk3656_15.$procmux$1112_CMP } = 5'11101
      Activation pattern for cell $flatten\blk3672_11.$memrd$\regs$/chipinventor/OpenLane/designs/spm/src/hdl.v:851$713: { \blk3658_25.is_store $flatten\blk3658_25.$logic_or$/chipinventor/OpenLane/designs/spm/src/hdl.v:216$83_Y $flatten\blk3659_17.$procmux$1120_CMP $flatten\blk3672_11.$eq$/chipinventor/OpenLane/designs/spm/src/hdl.v:851$712_Y $flatten\blk3656_15.$procmux$1112_CMP } = 5'11101
      Activation pattern for cell $flatten\blk3672_11.$memrd$\regs$/chipinventor/OpenLane/designs/spm/src/hdl.v:851$713: { \blk3658_25.is_store $flatten\blk3658_25.$logic_or$/chipinventor/OpenLane/designs/spm/src/hdl.v:216$83_Y $flatten\blk3659_17.$procmux$1119_CMP $flatten\blk3672_11.$eq$/chipinventor/OpenLane/designs/spm/src/hdl.v:851$712_Y $flatten\blk3656_15.$procmux$1112_CMP } = 5'11101
      Activation pattern for cell $flatten\blk3672_11.$memrd$\regs$/chipinventor/OpenLane/designs/spm/src/hdl.v:851$713: { $flatten\blk3658_25.$logic_or$/chipinventor/OpenLane/designs/spm/src/hdl.v:216$83_Y $flatten\blk3673_19.$procmux$1236_CMP $flatten\blk3659_17.$procmux$1121_CMP $flatten\blk3672_11.$eq$/chipinventor/OpenLane/designs/spm/src/hdl.v:851$712_Y $flatten\blk3672_11.$logic_and$/chipinventor/OpenLane/designs/spm/src/hdl.v:856$787_Y $flatten\blk3656_15.$procmux$1112_CMP \rst_i } = 7'1110110
      Activation pattern for cell $flatten\blk3672_11.$memrd$\regs$/chipinventor/OpenLane/designs/spm/src/hdl.v:851$713: { $flatten\blk3658_25.$logic_or$/chipinventor/OpenLane/designs/spm/src/hdl.v:216$83_Y $flatten\blk3673_19.$procmux$1236_CMP $flatten\blk3659_17.$procmux$1120_CMP $flatten\blk3672_11.$eq$/chipinventor/OpenLane/designs/spm/src/hdl.v:851$712_Y $flatten\blk3672_11.$logic_and$/chipinventor/OpenLane/designs/spm/src/hdl.v:856$787_Y $flatten\blk3656_15.$procmux$1112_CMP \rst_i } = 7'1110110
      Activation pattern for cell $flatten\blk3672_11.$memrd$\regs$/chipinventor/OpenLane/designs/spm/src/hdl.v:851$713: { $flatten\blk3658_25.$logic_or$/chipinventor/OpenLane/designs/spm/src/hdl.v:216$83_Y $flatten\blk3656_15.$procmux$1114_CMP $flatten\blk3672_11.$eq$/chipinventor/OpenLane/designs/spm/src/hdl.v:851$712_Y } = 3'110
      Activation pattern for cell $flatten\blk3672_11.$memrd$\regs$/chipinventor/OpenLane/designs/spm/src/hdl.v:851$713: { $flatten\blk3658_25.$logic_or$/chipinventor/OpenLane/designs/spm/src/hdl.v:216$83_Y $flatten\blk3656_15.$procmux$1114_CMP $flatten\blk3672_11.$eq$/chipinventor/OpenLane/designs/spm/src/hdl.v:851$712_Y \blk3669_4.s } = 4'1101
      Activation pattern for cell $flatten\blk3672_11.$memrd$\regs$/chipinventor/OpenLane/designs/spm/src/hdl.v:851$713: { $flatten\blk3658_25.$logic_or$/chipinventor/OpenLane/designs/spm/src/hdl.v:216$83_Y $flatten\blk3673_19.$procmux$1238_CMP $flatten\blk3673_19.$procmux$1237_CMP $flatten\blk3673_19.$procmux$1236_CMP $flatten\blk3673_19.$procmux$1235_CMP $flatten\blk3656_15.$procmux$1114_CMP $flatten\blk3672_11.$eq$/chipinventor/OpenLane/designs/spm/src/hdl.v:851$712_Y $flatten\blk3672_11.$logic_and$/chipinventor/OpenLane/designs/spm/src/hdl.v:856$787_Y \rst_i } = 9'100001010
      Activation pattern for cell $flatten\blk3672_11.$memrd$\regs$/chipinventor/OpenLane/designs/spm/src/hdl.v:851$713: { $flatten\blk3658_25.$logic_or$/chipinventor/OpenLane/designs/spm/src/hdl.v:216$83_Y $flatten\blk3673_19.$procmux$1236_CMP $flatten\blk3659_17.$procmux$1119_CMP $flatten\blk3656_15.$procmux$1114_CMP $flatten\blk3672_11.$eq$/chipinventor/OpenLane/designs/spm/src/hdl.v:851$712_Y $flatten\blk3672_11.$logic_and$/chipinventor/OpenLane/designs/spm/src/hdl.v:856$787_Y \rst_i } = 7'1111010
      Activation pattern for cell $flatten\blk3672_11.$memrd$\regs$/chipinventor/OpenLane/designs/spm/src/hdl.v:851$713: { \blk3658_25.is_store $flatten\blk3658_25.$logic_or$/chipinventor/OpenLane/designs/spm/src/hdl.v:216$83_Y $flatten\blk3659_17.$procmux$1121_CMP $flatten\blk3656_15.$procmux$1114_CMP $flatten\blk3672_11.$eq$/chipinventor/OpenLane/designs/spm/src/hdl.v:851$712_Y } = 5'11110
      Activation pattern for cell $flatten\blk3672_11.$memrd$\regs$/chipinventor/OpenLane/designs/spm/src/hdl.v:851$713: { \blk3658_25.is_store $flatten\blk3658_25.$logic_or$/chipinventor/OpenLane/designs/spm/src/hdl.v:216$83_Y $flatten\blk3659_17.$procmux$1120_CMP $flatten\blk3656_15.$procmux$1114_CMP $flatten\blk3672_11.$eq$/chipinventor/OpenLane/designs/spm/src/hdl.v:851$712_Y } = 5'11110
      Activation pattern for cell $flatten\blk3672_11.$memrd$\regs$/chipinventor/OpenLane/designs/spm/src/hdl.v:851$713: { \blk3658_25.is_store $flatten\blk3658_25.$logic_or$/chipinventor/OpenLane/designs/spm/src/hdl.v:216$83_Y $flatten\blk3659_17.$procmux$1119_CMP $flatten\blk3656_15.$procmux$1114_CMP $flatten\blk3672_11.$eq$/chipinventor/OpenLane/designs/spm/src/hdl.v:851$712_Y } = 5'11110
      Activation pattern for cell $flatten\blk3672_11.$memrd$\regs$/chipinventor/OpenLane/designs/spm/src/hdl.v:851$713: { $flatten\blk3658_25.$logic_or$/chipinventor/OpenLane/designs/spm/src/hdl.v:216$83_Y $flatten\blk3673_19.$procmux$1236_CMP $flatten\blk3659_17.$procmux$1121_CMP $flatten\blk3656_15.$procmux$1114_CMP $flatten\blk3672_11.$eq$/chipinventor/OpenLane/designs/spm/src/hdl.v:851$712_Y $flatten\blk3672_11.$logic_and$/chipinventor/OpenLane/designs/spm/src/hdl.v:856$787_Y \rst_i } = 7'1111010
      Activation pattern for cell $flatten\blk3672_11.$memrd$\regs$/chipinventor/OpenLane/designs/spm/src/hdl.v:851$713: { $flatten\blk3658_25.$logic_or$/chipinventor/OpenLane/designs/spm/src/hdl.v:216$83_Y $flatten\blk3673_19.$procmux$1236_CMP $flatten\blk3659_17.$procmux$1120_CMP $flatten\blk3656_15.$procmux$1114_CMP $flatten\blk3672_11.$eq$/chipinventor/OpenLane/designs/spm/src/hdl.v:851$712_Y $flatten\blk3672_11.$logic_and$/chipinventor/OpenLane/designs/spm/src/hdl.v:856$787_Y \rst_i } = 7'1111010
      Activation pattern for cell $flatten\blk3672_11.$memrd$\regs$/chipinventor/OpenLane/designs/spm/src/hdl.v:851$713: { $flatten\blk3658_25.$logic_or$/chipinventor/OpenLane/designs/spm/src/hdl.v:216$83_Y $flatten\blk3656_15.$procmux$1111_CMP $flatten\blk3672_11.$eq$/chipinventor/OpenLane/designs/spm/src/hdl.v:851$712_Y } = 3'110
      Activation pattern for cell $flatten\blk3672_11.$memrd$\regs$/chipinventor/OpenLane/designs/spm/src/hdl.v:851$713: { $flatten\blk3658_25.$logic_or$/chipinventor/OpenLane/designs/spm/src/hdl.v:216$83_Y $flatten\blk3656_15.$procmux$1111_CMP $flatten\blk3672_11.$eq$/chipinventor/OpenLane/designs/spm/src/hdl.v:851$712_Y \blk3669_4.s } = 4'1101
      Activation pattern for cell $flatten\blk3672_11.$memrd$\regs$/chipinventor/OpenLane/designs/spm/src/hdl.v:851$713: { $flatten\blk3658_25.$logic_or$/chipinventor/OpenLane/designs/spm/src/hdl.v:216$83_Y $flatten\blk3673_19.$procmux$1238_CMP $flatten\blk3673_19.$procmux$1237_CMP $flatten\blk3673_19.$procmux$1236_CMP $flatten\blk3673_19.$procmux$1235_CMP $flatten\blk3656_15.$procmux$1111_CMP $flatten\blk3672_11.$eq$/chipinventor/OpenLane/designs/spm/src/hdl.v:851$712_Y $flatten\blk3672_11.$logic_and$/chipinventor/OpenLane/designs/spm/src/hdl.v:856$787_Y \rst_i } = 9'100001010
      Activation pattern for cell $flatten\blk3672_11.$memrd$\regs$/chipinventor/OpenLane/designs/spm/src/hdl.v:851$713: { $flatten\blk3658_25.$logic_or$/chipinventor/OpenLane/designs/spm/src/hdl.v:216$83_Y $flatten\blk3673_19.$procmux$1236_CMP $flatten\blk3659_17.$procmux$1119_CMP $flatten\blk3656_15.$procmux$1111_CMP $flatten\blk3672_11.$eq$/chipinventor/OpenLane/designs/spm/src/hdl.v:851$712_Y $flatten\blk3672_11.$logic_and$/chipinventor/OpenLane/designs/spm/src/hdl.v:856$787_Y \rst_i } = 7'1111010
      Activation pattern for cell $flatten\blk3672_11.$memrd$\regs$/chipinventor/OpenLane/designs/spm/src/hdl.v:851$713: { \blk3658_25.is_store $flatten\blk3658_25.$logic_or$/chipinventor/OpenLane/designs/spm/src/hdl.v:216$83_Y $flatten\blk3659_17.$procmux$1121_CMP $flatten\blk3656_15.$procmux$1111_CMP $flatten\blk3672_11.$eq$/chipinventor/OpenLane/designs/spm/src/hdl.v:851$712_Y } = 5'11110
      Activation pattern for cell $flatten\blk3672_11.$memrd$\regs$/chipinventor/OpenLane/designs/spm/src/hdl.v:851$713: { \blk3658_25.is_store $flatten\blk3658_25.$logic_or$/chipinventor/OpenLane/designs/spm/src/hdl.v:216$83_Y $flatten\blk3659_17.$procmux$1120_CMP $flatten\blk3656_15.$procmux$1111_CMP $flatten\blk3672_11.$eq$/chipinventor/OpenLane/designs/spm/src/hdl.v:851$712_Y } = 5'11110
      Activation pattern for cell $flatten\blk3672_11.$memrd$\regs$/chipinventor/OpenLane/designs/spm/src/hdl.v:851$713: { \blk3658_25.is_store $flatten\blk3658_25.$logic_or$/chipinventor/OpenLane/designs/spm/src/hdl.v:216$83_Y $flatten\blk3659_17.$procmux$1119_CMP $flatten\blk3656_15.$procmux$1111_CMP $flatten\blk3672_11.$eq$/chipinventor/OpenLane/designs/spm/src/hdl.v:851$712_Y } = 5'11110
      Activation pattern for cell $flatten\blk3672_11.$memrd$\regs$/chipinventor/OpenLane/designs/spm/src/hdl.v:851$713: { $flatten\blk3658_25.$logic_or$/chipinventor/OpenLane/designs/spm/src/hdl.v:216$83_Y $flatten\blk3673_19.$procmux$1236_CMP $flatten\blk3659_17.$procmux$1121_CMP $flatten\blk3656_15.$procmux$1111_CMP $flatten\blk3672_11.$eq$/chipinventor/OpenLane/designs/spm/src/hdl.v:851$712_Y $flatten\blk3672_11.$logic_and$/chipinventor/OpenLane/designs/spm/src/hdl.v:856$787_Y \rst_i } = 7'1111010
      Activation pattern for cell $flatten\blk3672_11.$memrd$\regs$/chipinventor/OpenLane/designs/spm/src/hdl.v:851$713: { $flatten\blk3658_25.$logic_or$/chipinventor/OpenLane/designs/spm/src/hdl.v:216$83_Y $flatten\blk3673_19.$procmux$1236_CMP $flatten\blk3659_17.$procmux$1120_CMP $flatten\blk3656_15.$procmux$1111_CMP $flatten\blk3672_11.$eq$/chipinventor/OpenLane/designs/spm/src/hdl.v:851$712_Y $flatten\blk3672_11.$logic_and$/chipinventor/OpenLane/designs/spm/src/hdl.v:856$787_Y \rst_i } = 7'1111010
      Activation pattern for cell $flatten\blk3672_11.$memrd$\regs$/chipinventor/OpenLane/designs/spm/src/hdl.v:851$713: { $flatten\blk3673_19.$procmux$1238_CMP $flatten\blk3672_11.$eq$/chipinventor/OpenLane/designs/spm/src/hdl.v:851$712_Y $flatten\blk3672_11.$logic_and$/chipinventor/OpenLane/designs/spm/src/hdl.v:856$787_Y \rst_i } = 4'1010
      Activation pattern for cell $flatten\blk3672_11.$memrd$\regs$/chipinventor/OpenLane/designs/spm/src/hdl.v:851$713: { \blk3658_25.is_store $flatten\blk3659_17.$procmux$1119_CMP $flatten\blk3672_11.$eq$/chipinventor/OpenLane/designs/spm/src/hdl.v:851$712_Y } = 3'110
      Activation pattern for cell $flatten\blk3672_11.$memrd$\regs$/chipinventor/OpenLane/designs/spm/src/hdl.v:851$713: { \blk3658_25.is_store $flatten\blk3659_17.$procmux$1120_CMP $flatten\blk3672_11.$eq$/chipinventor/OpenLane/designs/spm/src/hdl.v:851$712_Y } = 3'110
      Activation pattern for cell $flatten\blk3672_11.$memrd$\regs$/chipinventor/OpenLane/designs/spm/src/hdl.v:851$713: { $flatten\blk3673_19.$procmux$1237_CMP $flatten\blk3659_17.$procmux$1121_CMP $flatten\blk3659_17.$procmux$1120_CMP $flatten\blk3659_17.$procmux$1119_CMP $flatten\blk3672_11.$eq$/chipinventor/OpenLane/designs/spm/src/hdl.v:851$712_Y $flatten\blk3672_11.$logic_and$/chipinventor/OpenLane/designs/spm/src/hdl.v:856$787_Y \rst_i } = 7'1000010
      Activation pattern for cell $flatten\blk3672_11.$memrd$\regs$/chipinventor/OpenLane/designs/spm/src/hdl.v:851$713: { \blk3658_25.is_store $flatten\blk3659_17.$procmux$1121_CMP $flatten\blk3672_11.$eq$/chipinventor/OpenLane/designs/spm/src/hdl.v:851$712_Y } = 3'110
      Activation pattern for cell $flatten\blk3672_11.$memrd$\regs$/chipinventor/OpenLane/designs/spm/src/hdl.v:850$710: { $flatten\blk3657_14.$procmux$1098_CMP $flatten\blk3672_11.$eq$/chipinventor/OpenLane/designs/spm/src/hdl.v:850$709_Y } = 2'10
      Activation pattern for cell $flatten\blk3672_11.$memrd$\regs$/chipinventor/OpenLane/designs/spm/src/hdl.v:850$710: { $flatten\blk3672_11.$eq$/chipinventor/OpenLane/designs/spm/src/hdl.v:850$709_Y $flatten\blk3657_14.$procmux$1099_CMP } = 2'01
      Activation pattern for cell $flatten\blk3672_11.$memrd$\regs$/chipinventor/OpenLane/designs/spm/src/hdl.v:850$710: { $flatten\blk3657_14.$procmux$1102_CMP $flatten\blk3672_11.$eq$/chipinventor/OpenLane/designs/spm/src/hdl.v:850$709_Y } = 2'10
      Activation pattern for cell $flatten\blk3672_11.$memrd$\regs$/chipinventor/OpenLane/designs/spm/src/hdl.v:850$710: { $flatten\blk3657_14.$procmux$1103_CMP $flatten\blk3672_11.$eq$/chipinventor/OpenLane/designs/spm/src/hdl.v:850$709_Y } = 2'10
      Activation pattern for cell $flatten\blk3672_11.$memrd$\regs$/chipinventor/OpenLane/designs/spm/src/hdl.v:850$710: { $flatten\blk3657_14.$procmux$1100_CMP $flatten\blk3672_11.$eq$/chipinventor/OpenLane/designs/spm/src/hdl.v:850$709_Y } = 2'10
      Activation pattern for cell $flatten\blk3672_11.$memrd$\regs$/chipinventor/OpenLane/designs/spm/src/hdl.v:850$710: { $flatten\blk3657_14.$procmux$1101_CMP $flatten\blk3672_11.$eq$/chipinventor/OpenLane/designs/spm/src/hdl.v:850$709_Y } = 2'10
      Activation pattern for cell $flatten\blk3672_11.$memrd$\regs$/chipinventor/OpenLane/designs/spm/src/hdl.v:850$710: { $flatten\blk3673_19.$procmux$1237_CMP $flatten\blk3659_17.$procmux$1119_CMP $flatten\blk3672_11.$eq$/chipinventor/OpenLane/designs/spm/src/hdl.v:850$709_Y $flatten\blk3672_11.$logic_and$/chipinventor/OpenLane/designs/spm/src/hdl.v:856$787_Y \rst_i } = 5'11010
      Activation pattern for cell $flatten\blk3672_11.$memrd$\regs$/chipinventor/OpenLane/designs/spm/src/hdl.v:850$710: { $flatten\blk3673_19.$procmux$1237_CMP $flatten\blk3659_17.$procmux$1120_CMP $flatten\blk3672_11.$eq$/chipinventor/OpenLane/designs/spm/src/hdl.v:850$709_Y $flatten\blk3672_11.$logic_and$/chipinventor/OpenLane/designs/spm/src/hdl.v:856$787_Y \rst_i } = 5'11010
      Activation pattern for cell $flatten\blk3672_11.$memrd$\regs$/chipinventor/OpenLane/designs/spm/src/hdl.v:850$710: { $flatten\blk3673_19.$procmux$1237_CMP $flatten\blk3659_17.$procmux$1121_CMP $flatten\blk3672_11.$eq$/chipinventor/OpenLane/designs/spm/src/hdl.v:850$709_Y $flatten\blk3672_11.$logic_and$/chipinventor/OpenLane/designs/spm/src/hdl.v:856$787_Y \rst_i } = 5'11010
      Activation pattern for cell $flatten\blk3672_11.$memrd$\regs$/chipinventor/OpenLane/designs/spm/src/hdl.v:850$710: { $flatten\blk3673_19.$procmux$1236_CMP $flatten\blk3659_17.$procmux$1120_CMP $flatten\blk3656_15.$procmux$1107_CMP \blk3669_12.s $flatten\blk3672_11.$eq$/chipinventor/OpenLane/designs/spm/src/hdl.v:850$709_Y $flatten\blk3672_11.$logic_and$/chipinventor/OpenLane/designs/spm/src/hdl.v:856$787_Y \rst_i } = 7'1110010
      Activation pattern for cell $flatten\blk3672_11.$memrd$\regs$/chipinventor/OpenLane/designs/spm/src/hdl.v:850$710: { $flatten\blk3673_19.$procmux$1236_CMP $flatten\blk3659_17.$procmux$1121_CMP $flatten\blk3656_15.$procmux$1107_CMP \blk3669_12.s $flatten\blk3672_11.$eq$/chipinventor/OpenLane/designs/spm/src/hdl.v:850$709_Y $flatten\blk3672_11.$logic_and$/chipinventor/OpenLane/designs/spm/src/hdl.v:856$787_Y \rst_i } = 7'1110010
      Activation pattern for cell $flatten\blk3672_11.$memrd$\regs$/chipinventor/OpenLane/designs/spm/src/hdl.v:850$710: { \blk3658_25.is_store $flatten\blk3659_17.$procmux$1119_CMP $flatten\blk3656_15.$procmux$1107_CMP \blk3669_12.s $flatten\blk3672_11.$eq$/chipinventor/OpenLane/designs/spm/src/hdl.v:850$709_Y } = 5'11100
      Activation pattern for cell $flatten\blk3672_11.$memrd$\regs$/chipinventor/OpenLane/designs/spm/src/hdl.v:850$710: { \blk3658_25.is_store $flatten\blk3659_17.$procmux$1120_CMP $flatten\blk3656_15.$procmux$1107_CMP \blk3669_12.s $flatten\blk3672_11.$eq$/chipinventor/OpenLane/designs/spm/src/hdl.v:850$709_Y } = 5'11100
      Activation pattern for cell $flatten\blk3672_11.$memrd$\regs$/chipinventor/OpenLane/designs/spm/src/hdl.v:850$710: { \blk3658_25.is_store $flatten\blk3659_17.$procmux$1121_CMP $flatten\blk3656_15.$procmux$1107_CMP \blk3669_12.s $flatten\blk3672_11.$eq$/chipinventor/OpenLane/designs/spm/src/hdl.v:850$709_Y } = 5'11100
      Activation pattern for cell $flatten\blk3672_11.$memrd$\regs$/chipinventor/OpenLane/designs/spm/src/hdl.v:850$710: { $flatten\blk3673_19.$procmux$1236_CMP $flatten\blk3659_17.$procmux$1119_CMP $flatten\blk3656_15.$procmux$1107_CMP \blk3669_12.s $flatten\blk3672_11.$eq$/chipinventor/OpenLane/designs/spm/src/hdl.v:850$709_Y $flatten\blk3672_11.$logic_and$/chipinventor/OpenLane/designs/spm/src/hdl.v:856$787_Y \rst_i } = 7'1110010
      Activation pattern for cell $flatten\blk3672_11.$memrd$\regs$/chipinventor/OpenLane/designs/spm/src/hdl.v:850$710: { $flatten\blk3673_19.$procmux$1238_CMP $flatten\blk3673_19.$procmux$1237_CMP $flatten\blk3673_19.$procmux$1236_CMP $flatten\blk3673_19.$procmux$1235_CMP $flatten\blk3656_15.$procmux$1107_CMP \blk3669_12.s $flatten\blk3672_11.$eq$/chipinventor/OpenLane/designs/spm/src/hdl.v:850$709_Y $flatten\blk3672_11.$logic_and$/chipinventor/OpenLane/designs/spm/src/hdl.v:856$787_Y \rst_i } = 9'000010010
      Activation pattern for cell $flatten\blk3672_11.$memrd$\regs$/chipinventor/OpenLane/designs/spm/src/hdl.v:850$710: { $flatten\blk3656_15.$procmux$1107_CMP \blk3669_12.s $flatten\blk3672_11.$eq$/chipinventor/OpenLane/designs/spm/src/hdl.v:850$709_Y \blk3669_4.s } = 4'1001
      Activation pattern for cell $flatten\blk3672_11.$memrd$\regs$/chipinventor/OpenLane/designs/spm/src/hdl.v:850$710: { $flatten\blk3656_15.$procmux$1107_CMP \blk3669_12.s $flatten\blk3672_11.$eq$/chipinventor/OpenLane/designs/spm/src/hdl.v:850$709_Y } = 3'100
      Activation pattern for cell $flatten\blk3672_11.$memrd$\regs$/chipinventor/OpenLane/designs/spm/src/hdl.v:850$710: { $flatten\blk3656_15.$procmux$1106_CMP \blk3669_12.s $flatten\blk3672_11.$eq$/chipinventor/OpenLane/designs/spm/src/hdl.v:850$709_Y } = 3'100
      Activation pattern for cell $flatten\blk3672_11.$memrd$\regs$/chipinventor/OpenLane/designs/spm/src/hdl.v:850$710: { $flatten\blk3656_15.$procmux$1106_CMP \blk3669_12.s $flatten\blk3672_11.$eq$/chipinventor/OpenLane/designs/spm/src/hdl.v:850$709_Y \blk3669_4.s } = 4'1001
      Activation pattern for cell $flatten\blk3672_11.$memrd$\regs$/chipinventor/OpenLane/designs/spm/src/hdl.v:850$710: { $flatten\blk3673_19.$procmux$1238_CMP $flatten\blk3673_19.$procmux$1237_CMP $flatten\blk3673_19.$procmux$1236_CMP $flatten\blk3673_19.$procmux$1235_CMP $flatten\blk3656_15.$procmux$1106_CMP \blk3669_12.s $flatten\blk3672_11.$eq$/chipinventor/OpenLane/designs/spm/src/hdl.v:850$709_Y $flatten\blk3672_11.$logic_and$/chipinventor/OpenLane/designs/spm/src/hdl.v:856$787_Y \rst_i } = 9'000010010
      Activation pattern for cell $flatten\blk3672_11.$memrd$\regs$/chipinventor/OpenLane/designs/spm/src/hdl.v:850$710: { $flatten\blk3673_19.$procmux$1236_CMP $flatten\blk3659_17.$procmux$1119_CMP $flatten\blk3656_15.$procmux$1106_CMP \blk3669_12.s $flatten\blk3672_11.$eq$/chipinventor/OpenLane/designs/spm/src/hdl.v:850$709_Y $flatten\blk3672_11.$logic_and$/chipinventor/OpenLane/designs/spm/src/hdl.v:856$787_Y \rst_i } = 7'1110010
      Activation pattern for cell $flatten\blk3672_11.$memrd$\regs$/chipinventor/OpenLane/designs/spm/src/hdl.v:850$710: { \blk3658_25.is_store $flatten\blk3659_17.$procmux$1121_CMP $flatten\blk3656_15.$procmux$1106_CMP \blk3669_12.s $flatten\blk3672_11.$eq$/chipinventor/OpenLane/designs/spm/src/hdl.v:850$709_Y } = 5'11100
      Activation pattern for cell $flatten\blk3672_11.$memrd$\regs$/chipinventor/OpenLane/designs/spm/src/hdl.v:850$710: { \blk3658_25.is_store $flatten\blk3659_17.$procmux$1120_CMP $flatten\blk3656_15.$procmux$1106_CMP \blk3669_12.s $flatten\blk3672_11.$eq$/chipinventor/OpenLane/designs/spm/src/hdl.v:850$709_Y } = 5'11100
      Activation pattern for cell $flatten\blk3672_11.$memrd$\regs$/chipinventor/OpenLane/designs/spm/src/hdl.v:850$710: { \blk3658_25.is_store $flatten\blk3659_17.$procmux$1119_CMP $flatten\blk3656_15.$procmux$1106_CMP \blk3669_12.s $flatten\blk3672_11.$eq$/chipinventor/OpenLane/designs/spm/src/hdl.v:850$709_Y } = 5'11100
      Activation pattern for cell $flatten\blk3672_11.$memrd$\regs$/chipinventor/OpenLane/designs/spm/src/hdl.v:850$710: { $flatten\blk3673_19.$procmux$1236_CMP $flatten\blk3659_17.$procmux$1121_CMP $flatten\blk3656_15.$procmux$1106_CMP \blk3669_12.s $flatten\blk3672_11.$eq$/chipinventor/OpenLane/designs/spm/src/hdl.v:850$709_Y $flatten\blk3672_11.$logic_and$/chipinventor/OpenLane/designs/spm/src/hdl.v:856$787_Y \rst_i } = 7'1110010
      Activation pattern for cell $flatten\blk3672_11.$memrd$\regs$/chipinventor/OpenLane/designs/spm/src/hdl.v:850$710: { $flatten\blk3673_19.$procmux$1236_CMP $flatten\blk3659_17.$procmux$1120_CMP $flatten\blk3656_15.$procmux$1106_CMP \blk3669_12.s $flatten\blk3672_11.$eq$/chipinventor/OpenLane/designs/spm/src/hdl.v:850$709_Y $flatten\blk3672_11.$logic_and$/chipinventor/OpenLane/designs/spm/src/hdl.v:856$787_Y \rst_i } = 7'1110010
      Activation pattern for cell $flatten\blk3672_11.$memrd$\regs$/chipinventor/OpenLane/designs/spm/src/hdl.v:850$710: { $flatten\blk3656_15.$procmux$1115_CMP \blk3669_12.s $flatten\blk3672_11.$eq$/chipinventor/OpenLane/designs/spm/src/hdl.v:850$709_Y } = 3'100
      Activation pattern for cell $flatten\blk3672_11.$memrd$\regs$/chipinventor/OpenLane/designs/spm/src/hdl.v:850$710: { $flatten\blk3656_15.$procmux$1115_CMP \blk3669_12.s $flatten\blk3672_11.$eq$/chipinventor/OpenLane/designs/spm/src/hdl.v:850$709_Y \blk3669_4.s } = 4'1001
      Activation pattern for cell $flatten\blk3672_11.$memrd$\regs$/chipinventor/OpenLane/designs/spm/src/hdl.v:850$710: { $flatten\blk3673_19.$procmux$1238_CMP $flatten\blk3673_19.$procmux$1237_CMP $flatten\blk3673_19.$procmux$1236_CMP $flatten\blk3673_19.$procmux$1235_CMP $flatten\blk3656_15.$procmux$1115_CMP \blk3669_12.s $flatten\blk3672_11.$eq$/chipinventor/OpenLane/designs/spm/src/hdl.v:850$709_Y $flatten\blk3672_11.$logic_and$/chipinventor/OpenLane/designs/spm/src/hdl.v:856$787_Y \rst_i } = 9'000010010
      Activation pattern for cell $flatten\blk3672_11.$memrd$\regs$/chipinventor/OpenLane/designs/spm/src/hdl.v:850$710: { $flatten\blk3673_19.$procmux$1236_CMP $flatten\blk3659_17.$procmux$1119_CMP $flatten\blk3656_15.$procmux$1115_CMP \blk3669_12.s $flatten\blk3672_11.$eq$/chipinventor/OpenLane/designs/spm/src/hdl.v:850$709_Y $flatten\blk3672_11.$logic_and$/chipinventor/OpenLane/designs/spm/src/hdl.v:856$787_Y \rst_i } = 7'1110010
      Activation pattern for cell $flatten\blk3672_11.$memrd$\regs$/chipinventor/OpenLane/designs/spm/src/hdl.v:850$710: { \blk3658_25.is_store $flatten\blk3659_17.$procmux$1121_CMP $flatten\blk3656_15.$procmux$1115_CMP \blk3669_12.s $flatten\blk3672_11.$eq$/chipinventor/OpenLane/designs/spm/src/hdl.v:850$709_Y } = 5'11100
      Activation pattern for cell $flatten\blk3672_11.$memrd$\regs$/chipinventor/OpenLane/designs/spm/src/hdl.v:850$710: { \blk3658_25.is_store $flatten\blk3659_17.$procmux$1120_CMP $flatten\blk3656_15.$procmux$1115_CMP \blk3669_12.s $flatten\blk3672_11.$eq$/chipinventor/OpenLane/designs/spm/src/hdl.v:850$709_Y } = 5'11100
      Activation pattern for cell $flatten\blk3672_11.$memrd$\regs$/chipinventor/OpenLane/designs/spm/src/hdl.v:850$710: { \blk3658_25.is_store $flatten\blk3659_17.$procmux$1119_CMP $flatten\blk3656_15.$procmux$1115_CMP \blk3669_12.s $flatten\blk3672_11.$eq$/chipinventor/OpenLane/designs/spm/src/hdl.v:850$709_Y } = 5'11100
      Activation pattern for cell $flatten\blk3672_11.$memrd$\regs$/chipinventor/OpenLane/designs/spm/src/hdl.v:850$710: { $flatten\blk3673_19.$procmux$1236_CMP $flatten\blk3659_17.$procmux$1121_CMP $flatten\blk3656_15.$procmux$1115_CMP \blk3669_12.s $flatten\blk3672_11.$eq$/chipinventor/OpenLane/designs/spm/src/hdl.v:850$709_Y $flatten\blk3672_11.$logic_and$/chipinventor/OpenLane/designs/spm/src/hdl.v:856$787_Y \rst_i } = 7'1110010
      Activation pattern for cell $flatten\blk3672_11.$memrd$\regs$/chipinventor/OpenLane/designs/spm/src/hdl.v:850$710: { $flatten\blk3673_19.$procmux$1236_CMP $flatten\blk3659_17.$procmux$1120_CMP $flatten\blk3656_15.$procmux$1115_CMP \blk3669_12.s $flatten\blk3672_11.$eq$/chipinventor/OpenLane/designs/spm/src/hdl.v:850$709_Y $flatten\blk3672_11.$logic_and$/chipinventor/OpenLane/designs/spm/src/hdl.v:856$787_Y \rst_i } = 7'1110010
      Activation pattern for cell $flatten\blk3672_11.$memrd$\regs$/chipinventor/OpenLane/designs/spm/src/hdl.v:850$710: { $flatten\blk3656_15.$procmux$1113_CMP \blk3669_12.s $flatten\blk3672_11.$eq$/chipinventor/OpenLane/designs/spm/src/hdl.v:850$709_Y } = 3'100
      Activation pattern for cell $flatten\blk3672_11.$memrd$\regs$/chipinventor/OpenLane/designs/spm/src/hdl.v:850$710: { $flatten\blk3656_15.$procmux$1113_CMP \blk3669_12.s $flatten\blk3672_11.$eq$/chipinventor/OpenLane/designs/spm/src/hdl.v:850$709_Y \blk3669_4.s } = 4'1001
      Activation pattern for cell $flatten\blk3672_11.$memrd$\regs$/chipinventor/OpenLane/designs/spm/src/hdl.v:850$710: { $flatten\blk3673_19.$procmux$1238_CMP $flatten\blk3673_19.$procmux$1237_CMP $flatten\blk3673_19.$procmux$1236_CMP $flatten\blk3673_19.$procmux$1235_CMP $flatten\blk3656_15.$procmux$1113_CMP \blk3669_12.s $flatten\blk3672_11.$eq$/chipinventor/OpenLane/designs/spm/src/hdl.v:850$709_Y $flatten\blk3672_11.$logic_and$/chipinventor/OpenLane/designs/spm/src/hdl.v:856$787_Y \rst_i } = 9'000010010
      Activation pattern for cell $flatten\blk3672_11.$memrd$\regs$/chipinventor/OpenLane/designs/spm/src/hdl.v:850$710: { $flatten\blk3673_19.$procmux$1236_CMP $flatten\blk3659_17.$procmux$1119_CMP $flatten\blk3656_15.$procmux$1113_CMP \blk3669_12.s $flatten\blk3672_11.$eq$/chipinventor/OpenLane/designs/spm/src/hdl.v:850$709_Y $flatten\blk3672_11.$logic_and$/chipinventor/OpenLane/designs/spm/src/hdl.v:856$787_Y \rst_i } = 7'1110010
      Activation pattern for cell $flatten\blk3672_11.$memrd$\regs$/chipinventor/OpenLane/designs/spm/src/hdl.v:850$710: { \blk3658_25.is_store $flatten\blk3659_17.$procmux$1121_CMP $flatten\blk3656_15.$procmux$1113_CMP \blk3669_12.s $flatten\blk3672_11.$eq$/chipinventor/OpenLane/designs/spm/src/hdl.v:850$709_Y } = 5'11100
      Activation pattern for cell $flatten\blk3672_11.$memrd$\regs$/chipinventor/OpenLane/designs/spm/src/hdl.v:850$710: { \blk3658_25.is_store $flatten\blk3659_17.$procmux$1120_CMP $flatten\blk3656_15.$procmux$1113_CMP \blk3669_12.s $flatten\blk3672_11.$eq$/chipinventor/OpenLane/designs/spm/src/hdl.v:850$709_Y } = 5'11100
      Activation pattern for cell $flatten\blk3672_11.$memrd$\regs$/chipinventor/OpenLane/designs/spm/src/hdl.v:850$710: { \blk3658_25.is_store $flatten\blk3659_17.$procmux$1119_CMP $flatten\blk3656_15.$procmux$1113_CMP \blk3669_12.s $flatten\blk3672_11.$eq$/chipinventor/OpenLane/designs/spm/src/hdl.v:850$709_Y } = 5'11100
      Activation pattern for cell $flatten\blk3672_11.$memrd$\regs$/chipinventor/OpenLane/designs/spm/src/hdl.v:850$710: { $flatten\blk3673_19.$procmux$1236_CMP $flatten\blk3659_17.$procmux$1121_CMP $flatten\blk3656_15.$procmux$1113_CMP \blk3669_12.s $flatten\blk3672_11.$eq$/chipinventor/OpenLane/designs/spm/src/hdl.v:850$709_Y $flatten\blk3672_11.$logic_and$/chipinventor/OpenLane/designs/spm/src/hdl.v:856$787_Y \rst_i } = 7'1110010
      Activation pattern for cell $flatten\blk3672_11.$memrd$\regs$/chipinventor/OpenLane/designs/spm/src/hdl.v:850$710: { $flatten\blk3673_19.$procmux$1236_CMP $flatten\blk3659_17.$procmux$1120_CMP $flatten\blk3656_15.$procmux$1113_CMP \blk3669_12.s $flatten\blk3672_11.$eq$/chipinventor/OpenLane/designs/spm/src/hdl.v:850$709_Y $flatten\blk3672_11.$logic_and$/chipinventor/OpenLane/designs/spm/src/hdl.v:856$787_Y \rst_i } = 7'1110010
      Activation pattern for cell $flatten\blk3672_11.$memrd$\regs$/chipinventor/OpenLane/designs/spm/src/hdl.v:850$710: { \blk3669_12.s $flatten\blk3672_11.$eq$/chipinventor/OpenLane/designs/spm/src/hdl.v:850$709_Y $flatten\blk3656_15.$procmux$1112_CMP } = 3'001
      Activation pattern for cell $flatten\blk3672_11.$memrd$\regs$/chipinventor/OpenLane/designs/spm/src/hdl.v:850$710: { \blk3669_12.s $flatten\blk3672_11.$eq$/chipinventor/OpenLane/designs/spm/src/hdl.v:850$709_Y \blk3669_4.s $flatten\blk3656_15.$procmux$1112_CMP } = 4'0011
      Activation pattern for cell $flatten\blk3672_11.$memrd$\regs$/chipinventor/OpenLane/designs/spm/src/hdl.v:850$710: { $flatten\blk3673_19.$procmux$1238_CMP $flatten\blk3673_19.$procmux$1237_CMP $flatten\blk3673_19.$procmux$1236_CMP $flatten\blk3673_19.$procmux$1235_CMP \blk3669_12.s $flatten\blk3672_11.$eq$/chipinventor/OpenLane/designs/spm/src/hdl.v:850$709_Y $flatten\blk3672_11.$logic_and$/chipinventor/OpenLane/designs/spm/src/hdl.v:856$787_Y $flatten\blk3656_15.$procmux$1112_CMP \rst_i } = 9'000000110
      Activation pattern for cell $flatten\blk3672_11.$memrd$\regs$/chipinventor/OpenLane/designs/spm/src/hdl.v:850$710: { $flatten\blk3673_19.$procmux$1236_CMP $flatten\blk3659_17.$procmux$1119_CMP \blk3669_12.s $flatten\blk3672_11.$eq$/chipinventor/OpenLane/designs/spm/src/hdl.v:850$709_Y $flatten\blk3672_11.$logic_and$/chipinventor/OpenLane/designs/spm/src/hdl.v:856$787_Y $flatten\blk3656_15.$procmux$1112_CMP \rst_i } = 7'1100110
      Activation pattern for cell $flatten\blk3672_11.$memrd$\regs$/chipinventor/OpenLane/designs/spm/src/hdl.v:850$710: { \blk3658_25.is_store $flatten\blk3659_17.$procmux$1121_CMP \blk3669_12.s $flatten\blk3672_11.$eq$/chipinventor/OpenLane/designs/spm/src/hdl.v:850$709_Y $flatten\blk3656_15.$procmux$1112_CMP } = 5'11001
      Activation pattern for cell $flatten\blk3672_11.$memrd$\regs$/chipinventor/OpenLane/designs/spm/src/hdl.v:850$710: { \blk3658_25.is_store $flatten\blk3659_17.$procmux$1120_CMP \blk3669_12.s $flatten\blk3672_11.$eq$/chipinventor/OpenLane/designs/spm/src/hdl.v:850$709_Y $flatten\blk3656_15.$procmux$1112_CMP } = 5'11001
      Activation pattern for cell $flatten\blk3672_11.$memrd$\regs$/chipinventor/OpenLane/designs/spm/src/hdl.v:850$710: { \blk3658_25.is_store $flatten\blk3659_17.$procmux$1119_CMP \blk3669_12.s $flatten\blk3672_11.$eq$/chipinventor/OpenLane/designs/spm/src/hdl.v:850$709_Y $flatten\blk3656_15.$procmux$1112_CMP } = 5'11001
      Activation pattern for cell $flatten\blk3672_11.$memrd$\regs$/chipinventor/OpenLane/designs/spm/src/hdl.v:850$710: { $flatten\blk3673_19.$procmux$1236_CMP $flatten\blk3659_17.$procmux$1121_CMP \blk3669_12.s $flatten\blk3672_11.$eq$/chipinventor/OpenLane/designs/spm/src/hdl.v:850$709_Y $flatten\blk3672_11.$logic_and$/chipinventor/OpenLane/designs/spm/src/hdl.v:856$787_Y $flatten\blk3656_15.$procmux$1112_CMP \rst_i } = 7'1100110
      Activation pattern for cell $flatten\blk3672_11.$memrd$\regs$/chipinventor/OpenLane/designs/spm/src/hdl.v:850$710: { $flatten\blk3673_19.$procmux$1236_CMP $flatten\blk3659_17.$procmux$1120_CMP \blk3669_12.s $flatten\blk3672_11.$eq$/chipinventor/OpenLane/designs/spm/src/hdl.v:850$709_Y $flatten\blk3672_11.$logic_and$/chipinventor/OpenLane/designs/spm/src/hdl.v:856$787_Y $flatten\blk3656_15.$procmux$1112_CMP \rst_i } = 7'1100110
      Activation pattern for cell $flatten\blk3672_11.$memrd$\regs$/chipinventor/OpenLane/designs/spm/src/hdl.v:850$710: { $flatten\blk3656_15.$procmux$1110_CMP \blk3669_12.s $flatten\blk3672_11.$eq$/chipinventor/OpenLane/designs/spm/src/hdl.v:850$709_Y } = 3'100
      Activation pattern for cell $flatten\blk3672_11.$memrd$\regs$/chipinventor/OpenLane/designs/spm/src/hdl.v:850$710: { $flatten\blk3656_15.$procmux$1110_CMP \blk3669_12.s $flatten\blk3672_11.$eq$/chipinventor/OpenLane/designs/spm/src/hdl.v:850$709_Y \blk3669_4.s } = 4'1001
      Activation pattern for cell $flatten\blk3672_11.$memrd$\regs$/chipinventor/OpenLane/designs/spm/src/hdl.v:850$710: { $flatten\blk3673_19.$procmux$1238_CMP $flatten\blk3673_19.$procmux$1237_CMP $flatten\blk3673_19.$procmux$1236_CMP $flatten\blk3673_19.$procmux$1235_CMP $flatten\blk3656_15.$procmux$1110_CMP \blk3669_12.s $flatten\blk3672_11.$eq$/chipinventor/OpenLane/designs/spm/src/hdl.v:850$709_Y $flatten\blk3672_11.$logic_and$/chipinventor/OpenLane/designs/spm/src/hdl.v:856$787_Y \rst_i } = 9'000010010
      Activation pattern for cell $flatten\blk3672_11.$memrd$\regs$/chipinventor/OpenLane/designs/spm/src/hdl.v:850$710: { $flatten\blk3673_19.$procmux$1236_CMP $flatten\blk3659_17.$procmux$1119_CMP $flatten\blk3656_15.$procmux$1110_CMP \blk3669_12.s $flatten\blk3672_11.$eq$/chipinventor/OpenLane/designs/spm/src/hdl.v:850$709_Y $flatten\blk3672_11.$logic_and$/chipinventor/OpenLane/designs/spm/src/hdl.v:856$787_Y \rst_i } = 7'1110010
      Activation pattern for cell $flatten\blk3672_11.$memrd$\regs$/chipinventor/OpenLane/designs/spm/src/hdl.v:850$710: { \blk3658_25.is_store $flatten\blk3659_17.$procmux$1121_CMP $flatten\blk3656_15.$procmux$1110_CMP \blk3669_12.s $flatten\blk3672_11.$eq$/chipinventor/OpenLane/designs/spm/src/hdl.v:850$709_Y } = 5'11100
      Activation pattern for cell $flatten\blk3672_11.$memrd$\regs$/chipinventor/OpenLane/designs/spm/src/hdl.v:850$710: { \blk3658_25.is_store $flatten\blk3659_17.$procmux$1120_CMP $flatten\blk3656_15.$procmux$1110_CMP \blk3669_12.s $flatten\blk3672_11.$eq$/chipinventor/OpenLane/designs/spm/src/hdl.v:850$709_Y } = 5'11100
      Activation pattern for cell $flatten\blk3672_11.$memrd$\regs$/chipinventor/OpenLane/designs/spm/src/hdl.v:850$710: { \blk3658_25.is_store $flatten\blk3659_17.$procmux$1119_CMP $flatten\blk3656_15.$procmux$1110_CMP \blk3669_12.s $flatten\blk3672_11.$eq$/chipinventor/OpenLane/designs/spm/src/hdl.v:850$709_Y } = 5'11100
      Activation pattern for cell $flatten\blk3672_11.$memrd$\regs$/chipinventor/OpenLane/designs/spm/src/hdl.v:850$710: { $flatten\blk3673_19.$procmux$1236_CMP $flatten\blk3659_17.$procmux$1121_CMP $flatten\blk3656_15.$procmux$1110_CMP \blk3669_12.s $flatten\blk3672_11.$eq$/chipinventor/OpenLane/designs/spm/src/hdl.v:850$709_Y $flatten\blk3672_11.$logic_and$/chipinventor/OpenLane/designs/spm/src/hdl.v:856$787_Y \rst_i } = 7'1110010
      Activation pattern for cell $flatten\blk3672_11.$memrd$\regs$/chipinventor/OpenLane/designs/spm/src/hdl.v:850$710: { $flatten\blk3673_19.$procmux$1236_CMP $flatten\blk3659_17.$procmux$1120_CMP $flatten\blk3656_15.$procmux$1110_CMP \blk3669_12.s $flatten\blk3672_11.$eq$/chipinventor/OpenLane/designs/spm/src/hdl.v:850$709_Y $flatten\blk3672_11.$logic_and$/chipinventor/OpenLane/designs/spm/src/hdl.v:856$787_Y \rst_i } = 7'1110010
      Activation pattern for cell $flatten\blk3672_11.$memrd$\regs$/chipinventor/OpenLane/designs/spm/src/hdl.v:850$710: { $flatten\blk3656_15.$procmux$1109_CMP \blk3669_12.s $flatten\blk3672_11.$eq$/chipinventor/OpenLane/designs/spm/src/hdl.v:850$709_Y } = 3'100
      Activation pattern for cell $flatten\blk3672_11.$memrd$\regs$/chipinventor/OpenLane/designs/spm/src/hdl.v:850$710: { $flatten\blk3656_15.$procmux$1109_CMP \blk3669_12.s $flatten\blk3672_11.$eq$/chipinventor/OpenLane/designs/spm/src/hdl.v:850$709_Y \blk3669_4.s } = 4'1001
      Activation pattern for cell $flatten\blk3672_11.$memrd$\regs$/chipinventor/OpenLane/designs/spm/src/hdl.v:850$710: { $flatten\blk3673_19.$procmux$1238_CMP $flatten\blk3673_19.$procmux$1237_CMP $flatten\blk3673_19.$procmux$1236_CMP $flatten\blk3673_19.$procmux$1235_CMP $flatten\blk3656_15.$procmux$1109_CMP \blk3669_12.s $flatten\blk3672_11.$eq$/chipinventor/OpenLane/designs/spm/src/hdl.v:850$709_Y $flatten\blk3672_11.$logic_and$/chipinventor/OpenLane/designs/spm/src/hdl.v:856$787_Y \rst_i } = 9'000010010
      Activation pattern for cell $flatten\blk3672_11.$memrd$\regs$/chipinventor/OpenLane/designs/spm/src/hdl.v:850$710: { $flatten\blk3673_19.$procmux$1236_CMP $flatten\blk3659_17.$procmux$1119_CMP $flatten\blk3656_15.$procmux$1109_CMP \blk3669_12.s $flatten\blk3672_11.$eq$/chipinventor/OpenLane/designs/spm/src/hdl.v:850$709_Y $flatten\blk3672_11.$logic_and$/chipinventor/OpenLane/designs/spm/src/hdl.v:856$787_Y \rst_i } = 7'1110010
      Activation pattern for cell $flatten\blk3672_11.$memrd$\regs$/chipinventor/OpenLane/designs/spm/src/hdl.v:850$710: { \blk3658_25.is_store $flatten\blk3659_17.$procmux$1121_CMP $flatten\blk3656_15.$procmux$1109_CMP \blk3669_12.s $flatten\blk3672_11.$eq$/chipinventor/OpenLane/designs/spm/src/hdl.v:850$709_Y } = 5'11100
      Activation pattern for cell $flatten\blk3672_11.$memrd$\regs$/chipinventor/OpenLane/designs/spm/src/hdl.v:850$710: { \blk3658_25.is_store $flatten\blk3659_17.$procmux$1120_CMP $flatten\blk3656_15.$procmux$1109_CMP \blk3669_12.s $flatten\blk3672_11.$eq$/chipinventor/OpenLane/designs/spm/src/hdl.v:850$709_Y } = 5'11100
      Activation pattern for cell $flatten\blk3672_11.$memrd$\regs$/chipinventor/OpenLane/designs/spm/src/hdl.v:850$710: { \blk3658_25.is_store $flatten\blk3659_17.$procmux$1119_CMP $flatten\blk3656_15.$procmux$1109_CMP \blk3669_12.s $flatten\blk3672_11.$eq$/chipinventor/OpenLane/designs/spm/src/hdl.v:850$709_Y } = 5'11100
      Activation pattern for cell $flatten\blk3672_11.$memrd$\regs$/chipinventor/OpenLane/designs/spm/src/hdl.v:850$710: { $flatten\blk3673_19.$procmux$1236_CMP $flatten\blk3659_17.$procmux$1121_CMP $flatten\blk3656_15.$procmux$1109_CMP \blk3669_12.s $flatten\blk3672_11.$eq$/chipinventor/OpenLane/designs/spm/src/hdl.v:850$709_Y $flatten\blk3672_11.$logic_and$/chipinventor/OpenLane/designs/spm/src/hdl.v:856$787_Y \rst_i } = 7'1110010
      Activation pattern for cell $flatten\blk3672_11.$memrd$\regs$/chipinventor/OpenLane/designs/spm/src/hdl.v:850$710: { $flatten\blk3673_19.$procmux$1236_CMP $flatten\blk3659_17.$procmux$1120_CMP $flatten\blk3656_15.$procmux$1109_CMP \blk3669_12.s $flatten\blk3672_11.$eq$/chipinventor/OpenLane/designs/spm/src/hdl.v:850$709_Y $flatten\blk3672_11.$logic_and$/chipinventor/OpenLane/designs/spm/src/hdl.v:856$787_Y \rst_i } = 7'1110010
      Activation pattern for cell $flatten\blk3672_11.$memrd$\regs$/chipinventor/OpenLane/designs/spm/src/hdl.v:850$710: { $flatten\blk3656_15.$procmux$1108_CMP \blk3669_12.s $flatten\blk3672_11.$eq$/chipinventor/OpenLane/designs/spm/src/hdl.v:850$709_Y } = 3'100
      Activation pattern for cell $flatten\blk3672_11.$memrd$\regs$/chipinventor/OpenLane/designs/spm/src/hdl.v:850$710: { $flatten\blk3656_15.$procmux$1108_CMP \blk3669_12.s $flatten\blk3672_11.$eq$/chipinventor/OpenLane/designs/spm/src/hdl.v:850$709_Y \blk3669_4.s } = 4'1001
      Activation pattern for cell $flatten\blk3672_11.$memrd$\regs$/chipinventor/OpenLane/designs/spm/src/hdl.v:850$710: { $flatten\blk3673_19.$procmux$1238_CMP $flatten\blk3673_19.$procmux$1237_CMP $flatten\blk3673_19.$procmux$1236_CMP $flatten\blk3673_19.$procmux$1235_CMP $flatten\blk3656_15.$procmux$1108_CMP \blk3669_12.s $flatten\blk3672_11.$eq$/chipinventor/OpenLane/designs/spm/src/hdl.v:850$709_Y $flatten\blk3672_11.$logic_and$/chipinventor/OpenLane/designs/spm/src/hdl.v:856$787_Y \rst_i } = 9'000010010
      Activation pattern for cell $flatten\blk3672_11.$memrd$\regs$/chipinventor/OpenLane/designs/spm/src/hdl.v:850$710: { $flatten\blk3673_19.$procmux$1236_CMP $flatten\blk3659_17.$procmux$1119_CMP $flatten\blk3656_15.$procmux$1108_CMP \blk3669_12.s $flatten\blk3672_11.$eq$/chipinventor/OpenLane/designs/spm/src/hdl.v:850$709_Y $flatten\blk3672_11.$logic_and$/chipinventor/OpenLane/designs/spm/src/hdl.v:856$787_Y \rst_i } = 7'1110010
      Activation pattern for cell $flatten\blk3672_11.$memrd$\regs$/chipinventor/OpenLane/designs/spm/src/hdl.v:850$710: { \blk3658_25.is_store $flatten\blk3659_17.$procmux$1121_CMP $flatten\blk3656_15.$procmux$1108_CMP \blk3669_12.s $flatten\blk3672_11.$eq$/chipinventor/OpenLane/designs/spm/src/hdl.v:850$709_Y } = 5'11100
      Activation pattern for cell $flatten\blk3672_11.$memrd$\regs$/chipinventor/OpenLane/designs/spm/src/hdl.v:850$710: { \blk3658_25.is_store $flatten\blk3659_17.$procmux$1120_CMP $flatten\blk3656_15.$procmux$1108_CMP \blk3669_12.s $flatten\blk3672_11.$eq$/chipinventor/OpenLane/designs/spm/src/hdl.v:850$709_Y } = 5'11100
      Activation pattern for cell $flatten\blk3672_11.$memrd$\regs$/chipinventor/OpenLane/designs/spm/src/hdl.v:850$710: { \blk3658_25.is_store $flatten\blk3659_17.$procmux$1119_CMP $flatten\blk3656_15.$procmux$1108_CMP \blk3669_12.s $flatten\blk3672_11.$eq$/chipinventor/OpenLane/designs/spm/src/hdl.v:850$709_Y } = 5'11100
      Activation pattern for cell $flatten\blk3672_11.$memrd$\regs$/chipinventor/OpenLane/designs/spm/src/hdl.v:850$710: { $flatten\blk3673_19.$procmux$1236_CMP $flatten\blk3659_17.$procmux$1121_CMP $flatten\blk3656_15.$procmux$1108_CMP \blk3669_12.s $flatten\blk3672_11.$eq$/chipinventor/OpenLane/designs/spm/src/hdl.v:850$709_Y $flatten\blk3672_11.$logic_and$/chipinventor/OpenLane/designs/spm/src/hdl.v:856$787_Y \rst_i } = 7'1110010
      Activation pattern for cell $flatten\blk3672_11.$memrd$\regs$/chipinventor/OpenLane/designs/spm/src/hdl.v:850$710: { $flatten\blk3673_19.$procmux$1236_CMP $flatten\blk3659_17.$procmux$1120_CMP $flatten\blk3656_15.$procmux$1108_CMP \blk3669_12.s $flatten\blk3672_11.$eq$/chipinventor/OpenLane/designs/spm/src/hdl.v:850$709_Y $flatten\blk3672_11.$logic_and$/chipinventor/OpenLane/designs/spm/src/hdl.v:856$787_Y \rst_i } = 7'1110010
      Activation pattern for cell $flatten\blk3672_11.$memrd$\regs$/chipinventor/OpenLane/designs/spm/src/hdl.v:850$710: { $flatten\blk3656_15.$procmux$1114_CMP \blk3669_12.s $flatten\blk3672_11.$eq$/chipinventor/OpenLane/designs/spm/src/hdl.v:850$709_Y } = 3'100
      Activation pattern for cell $flatten\blk3672_11.$memrd$\regs$/chipinventor/OpenLane/designs/spm/src/hdl.v:850$710: { $flatten\blk3656_15.$procmux$1114_CMP \blk3669_12.s $flatten\blk3672_11.$eq$/chipinventor/OpenLane/designs/spm/src/hdl.v:850$709_Y \blk3669_4.s } = 4'1001
      Activation pattern for cell $flatten\blk3672_11.$memrd$\regs$/chipinventor/OpenLane/designs/spm/src/hdl.v:850$710: { $flatten\blk3673_19.$procmux$1238_CMP $flatten\blk3673_19.$procmux$1237_CMP $flatten\blk3673_19.$procmux$1236_CMP $flatten\blk3673_19.$procmux$1235_CMP $flatten\blk3656_15.$procmux$1114_CMP \blk3669_12.s $flatten\blk3672_11.$eq$/chipinventor/OpenLane/designs/spm/src/hdl.v:850$709_Y $flatten\blk3672_11.$logic_and$/chipinventor/OpenLane/designs/spm/src/hdl.v:856$787_Y \rst_i } = 9'000010010
      Activation pattern for cell $flatten\blk3672_11.$memrd$\regs$/chipinventor/OpenLane/designs/spm/src/hdl.v:850$710: { $flatten\blk3673_19.$procmux$1236_CMP $flatten\blk3659_17.$procmux$1119_CMP $flatten\blk3656_15.$procmux$1114_CMP \blk3669_12.s $flatten\blk3672_11.$eq$/chipinventor/OpenLane/designs/spm/src/hdl.v:850$709_Y $flatten\blk3672_11.$logic_and$/chipinventor/OpenLane/designs/spm/src/hdl.v:856$787_Y \rst_i } = 7'1110010
      Activation pattern for cell $flatten\blk3672_11.$memrd$\regs$/chipinventor/OpenLane/designs/spm/src/hdl.v:850$710: { \blk3658_25.is_store $flatten\blk3659_17.$procmux$1121_CMP $flatten\blk3656_15.$procmux$1114_CMP \blk3669_12.s $flatten\blk3672_11.$eq$/chipinventor/OpenLane/designs/spm/src/hdl.v:850$709_Y } = 5'11100
      Activation pattern for cell $flatten\blk3672_11.$memrd$\regs$/chipinventor/OpenLane/designs/spm/src/hdl.v:850$710: { \blk3658_25.is_store $flatten\blk3659_17.$procmux$1120_CMP $flatten\blk3656_15.$procmux$1114_CMP \blk3669_12.s $flatten\blk3672_11.$eq$/chipinventor/OpenLane/designs/spm/src/hdl.v:850$709_Y } = 5'11100
      Activation pattern for cell $flatten\blk3672_11.$memrd$\regs$/chipinventor/OpenLane/designs/spm/src/hdl.v:850$710: { \blk3658_25.is_store $flatten\blk3659_17.$procmux$1119_CMP $flatten\blk3656_15.$procmux$1114_CMP \blk3669_12.s $flatten\blk3672_11.$eq$/chipinventor/OpenLane/designs/spm/src/hdl.v:850$709_Y } = 5'11100
      Activation pattern for cell $flatten\blk3672_11.$memrd$\regs$/chipinventor/OpenLane/designs/spm/src/hdl.v:850$710: { $flatten\blk3673_19.$procmux$1236_CMP $flatten\blk3659_17.$procmux$1121_CMP $flatten\blk3656_15.$procmux$1114_CMP \blk3669_12.s $flatten\blk3672_11.$eq$/chipinventor/OpenLane/designs/spm/src/hdl.v:850$709_Y $flatten\blk3672_11.$logic_and$/chipinventor/OpenLane/designs/spm/src/hdl.v:856$787_Y \rst_i } = 7'1110010
      Activation pattern for cell $flatten\blk3672_11.$memrd$\regs$/chipinventor/OpenLane/designs/spm/src/hdl.v:850$710: { $flatten\blk3673_19.$procmux$1236_CMP $flatten\blk3659_17.$procmux$1120_CMP $flatten\blk3656_15.$procmux$1114_CMP \blk3669_12.s $flatten\blk3672_11.$eq$/chipinventor/OpenLane/designs/spm/src/hdl.v:850$709_Y $flatten\blk3672_11.$logic_and$/chipinventor/OpenLane/designs/spm/src/hdl.v:856$787_Y \rst_i } = 7'1110010
      Activation pattern for cell $flatten\blk3672_11.$memrd$\regs$/chipinventor/OpenLane/designs/spm/src/hdl.v:850$710: { $flatten\blk3656_15.$procmux$1111_CMP \blk3669_12.s $flatten\blk3672_11.$eq$/chipinventor/OpenLane/designs/spm/src/hdl.v:850$709_Y } = 3'100
      Activation pattern for cell $flatten\blk3672_11.$memrd$\regs$/chipinventor/OpenLane/designs/spm/src/hdl.v:850$710: { $flatten\blk3656_15.$procmux$1111_CMP \blk3669_12.s $flatten\blk3672_11.$eq$/chipinventor/OpenLane/designs/spm/src/hdl.v:850$709_Y \blk3669_4.s } = 4'1001
      Activation pattern for cell $flatten\blk3672_11.$memrd$\regs$/chipinventor/OpenLane/designs/spm/src/hdl.v:850$710: { $flatten\blk3673_19.$procmux$1238_CMP $flatten\blk3673_19.$procmux$1237_CMP $flatten\blk3673_19.$procmux$1236_CMP $flatten\blk3673_19.$procmux$1235_CMP $flatten\blk3656_15.$procmux$1111_CMP \blk3669_12.s $flatten\blk3672_11.$eq$/chipinventor/OpenLane/designs/spm/src/hdl.v:850$709_Y $flatten\blk3672_11.$logic_and$/chipinventor/OpenLane/designs/spm/src/hdl.v:856$787_Y \rst_i } = 9'000010010
      Activation pattern for cell $flatten\blk3672_11.$memrd$\regs$/chipinventor/OpenLane/designs/spm/src/hdl.v:850$710: { $flatten\blk3673_19.$procmux$1236_CMP $flatten\blk3659_17.$procmux$1119_CMP $flatten\blk3656_15.$procmux$1111_CMP \blk3669_12.s $flatten\blk3672_11.$eq$/chipinventor/OpenLane/designs/spm/src/hdl.v:850$709_Y $flatten\blk3672_11.$logic_and$/chipinventor/OpenLane/designs/spm/src/hdl.v:856$787_Y \rst_i } = 7'1110010
      Activation pattern for cell $flatten\blk3672_11.$memrd$\regs$/chipinventor/OpenLane/designs/spm/src/hdl.v:850$710: { \blk3658_25.is_store $flatten\blk3659_17.$procmux$1121_CMP $flatten\blk3656_15.$procmux$1111_CMP \blk3669_12.s $flatten\blk3672_11.$eq$/chipinventor/OpenLane/designs/spm/src/hdl.v:850$709_Y } = 5'11100
      Activation pattern for cell $flatten\blk3672_11.$memrd$\regs$/chipinventor/OpenLane/designs/spm/src/hdl.v:850$710: { \blk3658_25.is_store $flatten\blk3659_17.$procmux$1120_CMP $flatten\blk3656_15.$procmux$1111_CMP \blk3669_12.s $flatten\blk3672_11.$eq$/chipinventor/OpenLane/designs/spm/src/hdl.v:850$709_Y } = 5'11100
      Activation pattern for cell $flatten\blk3672_11.$memrd$\regs$/chipinventor/OpenLane/designs/spm/src/hdl.v:850$710: { \blk3658_25.is_store $flatten\blk3659_17.$procmux$1119_CMP $flatten\blk3656_15.$procmux$1111_CMP \blk3669_12.s $flatten\blk3672_11.$eq$/chipinventor/OpenLane/designs/spm/src/hdl.v:850$709_Y } = 5'11100
      Activation pattern for cell $flatten\blk3672_11.$memrd$\regs$/chipinventor/OpenLane/designs/spm/src/hdl.v:850$710: { $flatten\blk3673_19.$procmux$1236_CMP $flatten\blk3659_17.$procmux$1121_CMP $flatten\blk3656_15.$procmux$1111_CMP \blk3669_12.s $flatten\blk3672_11.$eq$/chipinventor/OpenLane/designs/spm/src/hdl.v:850$709_Y $flatten\blk3672_11.$logic_and$/chipinventor/OpenLane/designs/spm/src/hdl.v:856$787_Y \rst_i } = 7'1110010
      Activation pattern for cell $flatten\blk3672_11.$memrd$\regs$/chipinventor/OpenLane/designs/spm/src/hdl.v:850$710: { $flatten\blk3673_19.$procmux$1236_CMP $flatten\blk3659_17.$procmux$1120_CMP $flatten\blk3656_15.$procmux$1111_CMP \blk3669_12.s $flatten\blk3672_11.$eq$/chipinventor/OpenLane/designs/spm/src/hdl.v:850$709_Y $flatten\blk3672_11.$logic_and$/chipinventor/OpenLane/designs/spm/src/hdl.v:856$787_Y \rst_i } = 7'1110010
      Activation pattern for cell $flatten\blk3672_11.$memrd$\regs$/chipinventor/OpenLane/designs/spm/src/hdl.v:850$710: { $flatten\blk3673_19.$procmux$1238_CMP $flatten\blk3672_11.$eq$/chipinventor/OpenLane/designs/spm/src/hdl.v:850$709_Y $flatten\blk3672_11.$logic_and$/chipinventor/OpenLane/designs/spm/src/hdl.v:856$787_Y \rst_i } = 4'1010
      Size of SAT problem: 0 cells, 1399 variables, 5466 clauses
      According to the SAT solver this pair of cells can not be shared.
      Model from SAT solver: { \blk3658_25.is_store $flatten\blk3658_25.$logic_or$/chipinventor/OpenLane/designs/spm/src/hdl.v:216$83_Y $flatten\blk3673_19.$procmux$1238_CMP $flatten\blk3673_19.$procmux$1237_CMP $flatten\blk3673_19.$procmux$1236_CMP $flatten\blk3673_19.$procmux$1235_CMP $flatten\blk3659_17.$procmux$1121_CMP $flatten\blk3659_17.$procmux$1120_CMP $flatten\blk3659_17.$procmux$1119_CMP $flatten\blk3656_15.$procmux$1106_CMP $flatten\blk3656_15.$procmux$1107_CMP $flatten\blk3656_15.$procmux$1108_CMP $flatten\blk3656_15.$procmux$1109_CMP $flatten\blk3656_15.$procmux$1110_CMP $flatten\blk3656_15.$procmux$1111_CMP $flatten\blk3656_15.$procmux$1116_CMP $flatten\blk3656_15.$procmux$1115_CMP $flatten\blk3656_15.$procmux$1114_CMP $flatten\blk3656_15.$procmux$1113_CMP $flatten\blk3657_14.$procmux$1098_CMP $flatten\blk3657_14.$procmux$1103_CMP $flatten\blk3657_14.$procmux$1102_CMP $flatten\blk3657_14.$procmux$1101_CMP \blk3669_12.s $flatten\blk3657_14.$procmux$1100_CMP $flatten\blk3672_11.$eq$/chipinventor/OpenLane/designs/spm/src/hdl.v:850$709_Y $flatten\blk3672_11.$eq$/chipinventor/OpenLane/designs/spm/src/hdl.v:851$712_Y $flatten\blk3672_11.$logic_and$/chipinventor/OpenLane/designs/spm/src/hdl.v:856$787_Y \blk3669_4.s $flatten\blk3656_15.$procmux$1112_CMP $flatten\blk3657_14.$procmux$1099_CMP \rst_i } = 32'01100000000000001000000000000001
  Analyzing resource sharing options for $flatten\blk3672_11.$memrd$\regs$/chipinventor/OpenLane/designs/spm/src/hdl.v:850$710 ($memrd):
    Found 220 activation_patterns using ctrl signal { \blk3658_25.is_store $flatten\blk3673_19.$procmux$1238_CMP $flatten\blk3673_19.$procmux$1237_CMP $flatten\blk3673_19.$procmux$1236_CMP $flatten\blk3673_19.$procmux$1235_CMP $flatten\blk3659_17.$procmux$1121_CMP $flatten\blk3659_17.$procmux$1120_CMP $flatten\blk3659_17.$procmux$1119_CMP $flatten\blk3656_15.$procmux$1106_CMP $flatten\blk3656_15.$procmux$1107_CMP $flatten\blk3656_15.$procmux$1108_CMP $flatten\blk3656_15.$procmux$1109_CMP $flatten\blk3656_15.$procmux$1110_CMP $flatten\blk3656_15.$procmux$1111_CMP $flatten\blk3656_15.$procmux$1115_CMP $flatten\blk3656_15.$procmux$1114_CMP $flatten\blk3656_15.$procmux$1113_CMP $flatten\blk3657_14.$procmux$1098_CMP $flatten\blk3657_14.$procmux$1103_CMP $flatten\blk3657_14.$procmux$1102_CMP $flatten\blk3657_14.$procmux$1101_CMP \blk3669_12.s $flatten\blk3657_14.$procmux$1100_CMP $flatten\blk3672_11.$eq$/chipinventor/OpenLane/designs/spm/src/hdl.v:850$709_Y $flatten\blk3672_11.$logic_and$/chipinventor/OpenLane/designs/spm/src/hdl.v:856$787_Y $flatten\blk3660_7.$logic_and$/chipinventor/OpenLane/designs/spm/src/hdl.v:479$810_Y \blk3655_5.dmem_bw_o \blk3669_4.s \blk3669_1.s $flatten\blk3656_15.$procmux$1112_CMP $flatten\blk3657_14.$procmux$1099_CMP \rst_i }.
    No candidates found.
  Analyzing resource sharing options for $flatten\blk3656_15.$sshr$/chipinventor/OpenLane/designs/spm/src/hdl.v:80$663 ($sshr):
    Found 21 activation_patterns using ctrl signal { \blk3658_25.is_store $flatten\blk3673_19.$procmux$1238_CMP $flatten\blk3673_19.$procmux$1237_CMP $flatten\blk3673_19.$procmux$1236_CMP $flatten\blk3673_19.$procmux$1235_CMP $flatten\blk3659_17.$procmux$1121_CMP $flatten\blk3659_17.$procmux$1120_CMP $flatten\blk3659_17.$procmux$1119_CMP $flatten\blk3656_15.$procmux$1108_CMP $flatten\blk3672_11.$logic_and$/chipinventor/OpenLane/designs/spm/src/hdl.v:856$787_Y $flatten\blk3660_7.$logic_and$/chipinventor/OpenLane/designs/spm/src/hdl.v:479$810_Y \blk3655_5.dmem_bw_o \blk3669_4.s \blk3669_1.s \rst_i }.
    No candidates found.
  Analyzing resource sharing options for $flatten\blk3656_15.$shr$/chipinventor/OpenLane/designs/spm/src/hdl.v:79$662 ($shr):
    Found 21 activation_patterns using ctrl signal { \blk3658_25.is_store $flatten\blk3673_19.$procmux$1238_CMP $flatten\blk3673_19.$procmux$1237_CMP $flatten\blk3673_19.$procmux$1236_CMP $flatten\blk3673_19.$procmux$1235_CMP $flatten\blk3659_17.$procmux$1121_CMP $flatten\blk3659_17.$procmux$1120_CMP $flatten\blk3659_17.$procmux$1119_CMP $flatten\blk3656_15.$procmux$1109_CMP $flatten\blk3672_11.$logic_and$/chipinventor/OpenLane/designs/spm/src/hdl.v:856$787_Y $flatten\blk3660_7.$logic_and$/chipinventor/OpenLane/designs/spm/src/hdl.v:479$810_Y \blk3655_5.dmem_bw_o \blk3669_4.s \blk3669_1.s \rst_i }.
    No candidates found.
  Analyzing resource sharing options for $flatten\blk3656_15.$shl$/chipinventor/OpenLane/designs/spm/src/hdl.v:78$661 ($shl):
    Found 21 activation_patterns using ctrl signal { \blk3658_25.is_store $flatten\blk3673_19.$procmux$1238_CMP $flatten\blk3673_19.$procmux$1237_CMP $flatten\blk3673_19.$procmux$1236_CMP $flatten\blk3673_19.$procmux$1235_CMP $flatten\blk3659_17.$procmux$1121_CMP $flatten\blk3659_17.$procmux$1120_CMP $flatten\blk3659_17.$procmux$1119_CMP $flatten\blk3656_15.$procmux$1110_CMP $flatten\blk3672_11.$logic_and$/chipinventor/OpenLane/designs/spm/src/hdl.v:856$787_Y $flatten\blk3660_7.$logic_and$/chipinventor/OpenLane/designs/spm/src/hdl.v:479$810_Y \blk3655_5.dmem_bw_o \blk3669_4.s \blk3669_1.s \rst_i }.
    No candidates found.

32. Executing OPT pass (performing simple optimizations).

32.1. Executing OPT_EXPR pass (perform const folding).
Optimizing module top.
<suppressed ~3 debug messages>

32.2. Executing OPT_MERGE pass (detect identical cells).
Finding identical cells in module `\top'.
Removed a total of 0 cells.

32.3. Executing OPT_MUXTREE pass (detect dead branches in mux trees).
Running muxtree optimizer on module \top..
  Creating internal representation of mux trees.
  Evaluating internal representation of mux trees.
  Analyzing evaluation results.
Removed 0 multiplexer ports.
<suppressed ~90 debug messages>

32.4. Executing OPT_REDUCE pass (consolidate $*mux and $reduce_* inputs).
  Optimizing cells in module \top.
Performed a total of 0 changes.

32.5. Executing OPT_MERGE pass (detect identical cells).
Finding identical cells in module `\top'.
Removed a total of 0 cells.

32.6. Executing OPT_DFF pass (perform DFF optimizations).

32.7. Executing OPT_CLEAN pass (remove unused cells and wires).
Finding unused cells or wires in module \top..
Removed 2 unused cells and 15 unused wires.
<suppressed ~3 debug messages>

32.8. Executing OPT_EXPR pass (perform const folding).
Optimizing module top.

32.9. Rerunning OPT passes. (Maybe there is more to do..)

32.10. Executing OPT_MUXTREE pass (detect dead branches in mux trees).
Running muxtree optimizer on module \top..
  Creating internal representation of mux trees.
  Evaluating internal representation of mux trees.
  Analyzing evaluation results.
Removed 0 multiplexer ports.
<suppressed ~90 debug messages>

32.11. Executing OPT_REDUCE pass (consolidate $*mux and $reduce_* inputs).
  Optimizing cells in module \top.
Performed a total of 0 changes.

32.12. Executing OPT_MERGE pass (detect identical cells).
Finding identical cells in module `\top'.
Removed a total of 0 cells.

32.13. Executing OPT_DFF pass (perform DFF optimizations).

32.14. Executing OPT_CLEAN pass (remove unused cells and wires).
Finding unused cells or wires in module \top..

32.15. Executing OPT_EXPR pass (perform const folding).
Optimizing module top.

32.16. Finished OPT passes. (There is nothing left to do.)

33. Executing MEMORY pass.

33.1. Executing OPT_MEM pass (optimize memories).
Performed a total of 96 transformations.

33.2. Executing OPT_MEM_PRIORITY pass (removing unnecessary memory write priority relations).
Performed a total of 502 transformations.

33.3. Executing OPT_MEM_FEEDBACK pass (finding memory read-to-write feedback paths).
  Analyzing top.blk3660_7.mem write port 0.
  Analyzing top.blk3660_7.mem write port 1.
  Analyzing top.blk3660_7.mem write port 2.
  Analyzing top.blk3660_7.mem write port 3.
  Analyzing top.blk3672_11.regs write port 0.
  Analyzing top.blk3672_11.regs write port 1.
  Analyzing top.blk3672_11.regs write port 2.
  Analyzing top.blk3672_11.regs write port 3.
  Analyzing top.blk3672_11.regs write port 4.
  Analyzing top.blk3672_11.regs write port 5.
  Analyzing top.blk3672_11.regs write port 6.
  Analyzing top.blk3672_11.regs write port 7.
  Analyzing top.blk3672_11.regs write port 8.
  Analyzing top.blk3672_11.regs write port 9.
  Analyzing top.blk3672_11.regs write port 10.
  Analyzing top.blk3672_11.regs write port 11.
  Analyzing top.blk3672_11.regs write port 12.
  Analyzing top.blk3672_11.regs write port 13.
  Analyzing top.blk3672_11.regs write port 14.
  Analyzing top.blk3672_11.regs write port 15.
  Analyzing top.blk3672_11.regs write port 16.
  Analyzing top.blk3672_11.regs write port 17.
  Analyzing top.blk3672_11.regs write port 18.
  Analyzing top.blk3672_11.regs write port 19.
  Analyzing top.blk3672_11.regs write port 20.
  Analyzing top.blk3672_11.regs write port 21.
  Analyzing top.blk3672_11.regs write port 22.
  Analyzing top.blk3672_11.regs write port 23.
  Analyzing top.blk3672_11.regs write port 24.
  Analyzing top.blk3672_11.regs write port 25.
  Analyzing top.blk3672_11.regs write port 26.
  Analyzing top.blk3672_11.regs write port 27.
  Analyzing top.blk3672_11.regs write port 28.
  Analyzing top.blk3672_11.regs write port 29.
  Analyzing top.blk3672_11.regs write port 30.
  Analyzing top.blk3672_11.regs write port 31.
  Analyzing top.blk3672_11.regs write port 32.

33.4. Executing MEMORY_BMUX2ROM pass (converting muxes to ROMs).

33.5. Executing MEMORY_DFF pass (merging $dff cells to $memrd).
Checking read port `\blk3660_7.mem'[0] in module `\top': merging output FF to cell.
    Write port 0: don't care on collision.
    Write port 1: don't care on collision.
    Write port 2: don't care on collision.
    Write port 3: don't care on collision.
Checking read port `\blk3672_11.regs'[0] in module `\top': no output FF found.
Checking read port `\blk3672_11.regs'[1] in module `\top': no output FF found.
Checking read port address `\blk3672_11.regs'[0] in module `\top': merged address FF to cell.
Checking read port address `\blk3672_11.regs'[1] in module `\top': merged address FF to cell.

33.6. Executing OPT_CLEAN pass (remove unused cells and wires).
Finding unused cells or wires in module \top..
Removed 1 unused cells and 33 unused wires.
<suppressed ~2 debug messages>

33.7. Executing MEMORY_SHARE pass (consolidating $memrd/$memwr cells).
Consolidating write ports of memory top.blk3660_7.mem by address:
  Merging ports 0, 1 (address \blk3655_5.address_i [4:2]).
  Merging ports 0, 2 (address \blk3655_5.address_i [4:2]).
  Merging ports 0, 3 (address \blk3655_5.address_i [4:2]).
Consolidating read ports of memory top.blk3672_11.regs by address:
Consolidating write ports of memory top.blk3672_11.regs by address:
  Merging ports 0, 1 (address 5'00000).
  Merging ports 0, 2 (address 5'00000).
  Merging ports 0, 3 (address 5'00000).
  Merging ports 0, 4 (address 5'00000).
  Merging ports 0, 5 (address 5'00000).
  Merging ports 0, 6 (address 5'00000).
  Merging ports 0, 7 (address 5'00000).
  Merging ports 0, 8 (address 5'00000).
  Merging ports 0, 9 (address 5'00000).
  Merging ports 0, 10 (address 5'00000).
  Merging ports 0, 11 (address 5'00000).
  Merging ports 0, 12 (address 5'00000).
  Merging ports 0, 13 (address 5'00000).
  Merging ports 0, 14 (address 5'00000).
  Merging ports 0, 15 (address 5'00000).
  Merging ports 0, 16 (address 5'00000).
  Merging ports 18, 19 (address 5'10010).
  Merging ports 20, 21 (address 5'10100).
  Merging ports 20, 22 (address 5'10100).
  Merging ports 20, 23 (address 5'10100).
  Merging ports 24, 25 (address 5'11000).
  Merging ports 24, 26 (address 5'11000).
  Merging ports 24, 27 (address 5'11000).
  Merging ports 24, 28 (address 5'11000).
  Merging ports 24, 29 (address 5'11000).
  Merging ports 24, 30 (address 5'11000).
  Merging ports 24, 31 (address 5'11000).
Consolidating write ports of memory top.blk3672_11.regs by address:
  Merging ports 1, 2 (address 5'10001).
  Merging ports 1, 3 (address 5'10000).
  Merging ports 1, 4 (address 5'10000).
Consolidating write ports of memory top.blk3672_11.regs by address:
Consolidating write ports of memory top.blk3672_11.regs using sat-based resource sharing:

33.8. Executing OPT_MEM_WIDEN pass (optimize memories where all ports are wide).
Performed a total of 0 transformations.

33.9. Executing OPT_CLEAN pass (remove unused cells and wires).
Finding unused cells or wires in module \top..
Removed 8 unused cells and 8 unused wires.
<suppressed ~9 debug messages>

33.10. Executing MEMORY_COLLECT pass (generating $mem cells).

34. Executing OPT_CLEAN pass (remove unused cells and wires).
Finding unused cells or wires in module \top..

35. Executing OPT pass (performing simple optimizations).

35.1. Executing OPT_EXPR pass (perform const folding).
Optimizing module top.
<suppressed ~372 debug messages>

35.2. Executing OPT_MERGE pass (detect identical cells).
Finding identical cells in module `\top'.
<suppressed ~39 debug messages>
Removed a total of 13 cells.

35.3. Executing OPT_DFF pass (perform DFF optimizations).

35.4. Executing OPT_CLEAN pass (remove unused cells and wires).
Finding unused cells or wires in module \top..
Removed 23 unused cells and 113 unused wires.
<suppressed ~24 debug messages>

35.5. Finished fast OPT passes.

36. Executing MEMORY_MAP pass (converting memories to logic and flip-flops).
Mapping memory \blk3660_7.mem in module \top:
  created 8 $dff cells and 0 static cells of width 32.
Extracted data FF from read port 0 of top.blk3660_7.mem: $\blk3660_7.mem$rdreg[0]
  read interface: 1 $dff and 7 $mux cells.
  write interface: 32 write mux blocks.
Mapping memory \blk3672_11.regs in module \top:
  created 32 $dff cells and 0 static cells of width 32.
Extracted addr FF from read port 0 of top.blk3672_11.regs: $\blk3672_11.regs$rdreg[0]
Extracted addr FF from read port 1 of top.blk3672_11.regs: $\blk3672_11.regs$rdreg[1]
  read interface: 2 $dff and 62 $mux cells.
  write interface: 96 write mux blocks.

37. Executing OPT pass (performing simple optimizations).

37.1. Executing OPT_EXPR pass (perform const folding).
Optimizing module top.
<suppressed ~119 debug messages>

37.2. Executing OPT_MERGE pass (detect identical cells).
Finding identical cells in module `\top'.
Removed a total of 0 cells.

37.3. Executing OPT_MUXTREE pass (detect dead branches in mux trees).
Running muxtree optimizer on module \top..
  Creating internal representation of mux trees.
  Evaluating internal representation of mux trees.
  Analyzing evaluation results.
Removed 0 multiplexer ports.
<suppressed ~143 debug messages>

37.4. Executing OPT_REDUCE pass (consolidate $*mux and $reduce_* inputs).
  Optimizing cells in module \top.
    Consolidated identical input bits for $mux cell $flatten\blk3658_25.$procmux$1252:
      Old ports: A=3'001, B=3'101, Y=$flatten\blk3658_25.$4\next_state[2:0]
      New ports: A=1'0, B=1'1, Y=$flatten\blk3658_25.$4\next_state[2:0] [2]
      New connections: $flatten\blk3658_25.$4\next_state[2:0] [1:0] = 2'01
    Consolidated identical input bits for $mux cell $flatten\blk3658_25.$procmux$1260:
      Old ports: A=3'101, B=3'001, Y=$flatten\blk3658_25.$3\next_state[2:0]
      New ports: A=1'1, B=1'0, Y=$flatten\blk3658_25.$3\next_state[2:0] [2]
      New connections: $flatten\blk3658_25.$3\next_state[2:0] [1:0] = 2'01
    Consolidated identical input bits for $mux cell $flatten\blk3658_25.$procmux$1286:
      Old ports: A=3'000, B=3'100, Y=$flatten\blk3658_25.$4\wb_src_sel[2:0]
      New ports: A=1'0, B=1'1, Y=$flatten\blk3658_25.$4\wb_src_sel[2:0] [2]
      New connections: $flatten\blk3658_25.$4\wb_src_sel[2:0] [1:0] = 2'00
    Consolidated identical input bits for $mux cell $flatten\blk3658_25.$ternary$/chipinventor/OpenLane/designs/spm/src/hdl.v:233$97:
      Old ports: A=4'0111, B=4'1000, Y=$auto$wreduce.cc:461:run$1566
      New ports: A=2'01, B=2'10, Y={ $auto$wreduce.cc:461:run$1566 [3] $auto$wreduce.cc:461:run$1566 [0] }
      New connections: $auto$wreduce.cc:461:run$1566 [2:1] = { $auto$wreduce.cc:461:run$1566 [0] $auto$wreduce.cc:461:run$1566 [0] }
    Consolidated identical input bits for $mux cell $flatten\blk3659_17.$ternary$/chipinventor/OpenLane/designs/spm/src/hdl.v:369$273:
      Old ports: A=13'0000000000000, B=13'1000000100001, Y={ $auto$wreduce.cc:461:run$1567 [12:1] $auto$opt_expr.cc:205:group_cell_inputs$2022 [3] }
      New ports: A=1'0, B=1'1, Y=$auto$opt_expr.cc:205:group_cell_inputs$2022 [3]
      New connections: $auto$wreduce.cc:461:run$1567 [12:1] = { $auto$opt_expr.cc:205:group_cell_inputs$2022 [3] 6'000000 $auto$opt_expr.cc:205:group_cell_inputs$2022 [3] 4'0000 }
    Consolidated identical input bits for $mux cell $flatten\blk3659_17.$ternary$/chipinventor/OpenLane/designs/spm/src/hdl.v:369$276:
      Old ports: A=13'0000000000000, B=13'1000000100001, Y={ $auto$wreduce.cc:461:run$1568 [12:1] $auto$opt_expr.cc:205:group_cell_inputs$2025 [3] }
      New ports: A=1'0, B=1'1, Y=$auto$opt_expr.cc:205:group_cell_inputs$2025 [3]
      New connections: $auto$wreduce.cc:461:run$1568 [12:1] = { $auto$opt_expr.cc:205:group_cell_inputs$2025 [3] 6'000000 $auto$opt_expr.cc:205:group_cell_inputs$2025 [3] 4'0000 }
    Consolidated identical input bits for $mux cell $flatten\blk3659_17.$ternary$/chipinventor/OpenLane/designs/spm/src/hdl.v:369$279:
      Old ports: A=13'0000000000000, B=13'1000000100001, Y={ $auto$wreduce.cc:461:run$1569 [12:1] $auto$opt_expr.cc:205:group_cell_inputs$2028 [3] }
      New ports: A=1'0, B=1'1, Y=$auto$opt_expr.cc:205:group_cell_inputs$2028 [3]
      New connections: $auto$wreduce.cc:461:run$1569 [12:1] = { $auto$opt_expr.cc:205:group_cell_inputs$2028 [3] 6'000000 $auto$opt_expr.cc:205:group_cell_inputs$2028 [3] 4'0000 }
    Consolidated identical input bits for $mux cell $flatten\blk3659_17.$ternary$/chipinventor/OpenLane/designs/spm/src/hdl.v:369$282:
      Old ports: A=13'0000000000000, B=13'1000000100001, Y={ $auto$wreduce.cc:461:run$1570 [12:1] $auto$opt_expr.cc:205:group_cell_inputs$2031 [3] }
      New ports: A=1'0, B=1'1, Y=$auto$opt_expr.cc:205:group_cell_inputs$2031 [3]
      New connections: $auto$wreduce.cc:461:run$1570 [12:1] = { $auto$opt_expr.cc:205:group_cell_inputs$2031 [3] 6'000000 $auto$opt_expr.cc:205:group_cell_inputs$2031 [3] 4'0000 }
    Consolidated identical input bits for $mux cell $flatten\blk3659_17.$ternary$/chipinventor/OpenLane/designs/spm/src/hdl.v:369$285:
      Old ports: A=13'0000000000000, B=13'1000000100001, Y={ $auto$wreduce.cc:461:run$1571 [12:1] $auto$opt_expr.cc:205:group_cell_inputs$2034 [3] }
      New ports: A=1'0, B=1'1, Y=$auto$opt_expr.cc:205:group_cell_inputs$2034 [3]
      New connections: $auto$wreduce.cc:461:run$1571 [12:1] = { $auto$opt_expr.cc:205:group_cell_inputs$2034 [3] 6'000000 $auto$opt_expr.cc:205:group_cell_inputs$2034 [3] 4'0000 }
    Consolidated identical input bits for $mux cell $flatten\blk3659_17.$ternary$/chipinventor/OpenLane/designs/spm/src/hdl.v:369$288:
      Old ports: A=13'0000000000000, B=13'1000000100001, Y={ $auto$wreduce.cc:461:run$1572 [12:1] $auto$opt_expr.cc:205:group_cell_inputs$2037 [3] }
      New ports: A=1'0, B=1'1, Y=$auto$opt_expr.cc:205:group_cell_inputs$2037 [3]
      New connections: $auto$wreduce.cc:461:run$1572 [12:1] = { $auto$opt_expr.cc:205:group_cell_inputs$2037 [3] 6'000000 $auto$opt_expr.cc:205:group_cell_inputs$2037 [3] 4'0000 }
    Consolidated identical input bits for $mux cell $flatten\blk3659_17.$ternary$/chipinventor/OpenLane/designs/spm/src/hdl.v:369$291:
      Old ports: A=13'0000000000000, B=13'1000000100001, Y={ $auto$wreduce.cc:461:run$1573 [12:1] $auto$opt_expr.cc:205:group_cell_inputs$2040 [3] }
      New ports: A=1'0, B=1'1, Y=$auto$opt_expr.cc:205:group_cell_inputs$2040 [3]
      New connections: $auto$wreduce.cc:461:run$1573 [12:1] = { $auto$opt_expr.cc:205:group_cell_inputs$2040 [3] 6'000000 $auto$opt_expr.cc:205:group_cell_inputs$2040 [3] 4'0000 }
    Consolidated identical input bits for $mux cell $flatten\blk3659_17.$ternary$/chipinventor/OpenLane/designs/spm/src/hdl.v:369$294:
      Old ports: A=13'0000000000000, B=13'1000000100001, Y={ $auto$wreduce.cc:461:run$1574 [12:1] \blk3659_17.crc16_b$func$/chipinventor/OpenLane/designs/spm/src/hdl.v:413$170.$result [0] }
      New ports: A=1'0, B=1'1, Y=\blk3659_17.crc16_b$func$/chipinventor/OpenLane/designs/spm/src/hdl.v:413$170.$result [0]
      New connections: $auto$wreduce.cc:461:run$1574 [12:1] = { \blk3659_17.crc16_b$func$/chipinventor/OpenLane/designs/spm/src/hdl.v:413$170.$result [0] 6'000000 \blk3659_17.crc16_b$func$/chipinventor/OpenLane/designs/spm/src/hdl.v:413$170.$result [0] 4'0000 }
    Consolidated identical input bits for $mux cell $flatten\blk3659_17.$ternary$/chipinventor/OpenLane/designs/spm/src/hdl.v:369$368:
      Old ports: A=13'0000000000000, B=13'1000000100001, Y={ $auto$wreduce.cc:461:run$1575 [12:1] $auto$opt_expr.cc:205:group_cell_inputs$1974 [3] }
      New ports: A=1'0, B=1'1, Y=$auto$opt_expr.cc:205:group_cell_inputs$1974 [3]
      New connections: $auto$wreduce.cc:461:run$1575 [12:1] = { $auto$opt_expr.cc:205:group_cell_inputs$1974 [3] 6'000000 $auto$opt_expr.cc:205:group_cell_inputs$1974 [3] 4'0000 }
    Consolidated identical input bits for $mux cell $flatten\blk3659_17.$ternary$/chipinventor/OpenLane/designs/spm/src/hdl.v:369$371:
      Old ports: A=13'0000000000000, B=13'1000000100001, Y={ $auto$wreduce.cc:461:run$1576 [12:1] $auto$opt_expr.cc:205:group_cell_inputs$1977 [3] }
      New ports: A=1'0, B=1'1, Y=$auto$opt_expr.cc:205:group_cell_inputs$1977 [3]
      New connections: $auto$wreduce.cc:461:run$1576 [12:1] = { $auto$opt_expr.cc:205:group_cell_inputs$1977 [3] 6'000000 $auto$opt_expr.cc:205:group_cell_inputs$1977 [3] 4'0000 }
    Consolidated identical input bits for $mux cell $flatten\blk3659_17.$ternary$/chipinventor/OpenLane/designs/spm/src/hdl.v:369$374:
      Old ports: A=13'0000000000000, B=13'1000000100001, Y={ $auto$wreduce.cc:461:run$1577 [12:1] $auto$opt_expr.cc:205:group_cell_inputs$1980 [3] }
      New ports: A=1'0, B=1'1, Y=$auto$opt_expr.cc:205:group_cell_inputs$1980 [3]
      New connections: $auto$wreduce.cc:461:run$1577 [12:1] = { $auto$opt_expr.cc:205:group_cell_inputs$1980 [3] 6'000000 $auto$opt_expr.cc:205:group_cell_inputs$1980 [3] 4'0000 }
    Consolidated identical input bits for $mux cell $flatten\blk3659_17.$ternary$/chipinventor/OpenLane/designs/spm/src/hdl.v:369$377:
      Old ports: A=13'0000000000000, B=13'1000000100001, Y={ $auto$wreduce.cc:461:run$1578 [12:1] $auto$opt_expr.cc:205:group_cell_inputs$1983 [3] }
      New ports: A=1'0, B=1'1, Y=$auto$opt_expr.cc:205:group_cell_inputs$1983 [3]
      New connections: $auto$wreduce.cc:461:run$1578 [12:1] = { $auto$opt_expr.cc:205:group_cell_inputs$1983 [3] 6'000000 $auto$opt_expr.cc:205:group_cell_inputs$1983 [3] 4'0000 }
    Consolidated identical input bits for $mux cell $flatten\blk3659_17.$ternary$/chipinventor/OpenLane/designs/spm/src/hdl.v:369$380:
      Old ports: A=13'0000000000000, B=13'1000000100001, Y={ $auto$wreduce.cc:461:run$1579 [12:1] $auto$opt_expr.cc:205:group_cell_inputs$1986 [3] }
      New ports: A=1'0, B=1'1, Y=$auto$opt_expr.cc:205:group_cell_inputs$1986 [3]
      New connections: $auto$wreduce.cc:461:run$1579 [12:1] = { $auto$opt_expr.cc:205:group_cell_inputs$1986 [3] 6'000000 $auto$opt_expr.cc:205:group_cell_inputs$1986 [3] 4'0000 }
    Consolidated identical input bits for $mux cell $flatten\blk3659_17.$ternary$/chipinventor/OpenLane/designs/spm/src/hdl.v:369$383:
      Old ports: A=13'0000000000000, B=13'1000000100001, Y={ $auto$wreduce.cc:461:run$1580 [12:1] $auto$opt_expr.cc:205:group_cell_inputs$1989 [3] }
      New ports: A=1'0, B=1'1, Y=$auto$opt_expr.cc:205:group_cell_inputs$1989 [3]
      New connections: $auto$wreduce.cc:461:run$1580 [12:1] = { $auto$opt_expr.cc:205:group_cell_inputs$1989 [3] 6'000000 $auto$opt_expr.cc:205:group_cell_inputs$1989 [3] 4'0000 }
    Consolidated identical input bits for $mux cell $flatten\blk3659_17.$ternary$/chipinventor/OpenLane/designs/spm/src/hdl.v:369$386:
      Old ports: A=13'0000000000000, B=13'1000000100001, Y={ $auto$wreduce.cc:461:run$1581 [12:1] $auto$opt_expr.cc:205:group_cell_inputs$1992 [3] }
      New ports: A=1'0, B=1'1, Y=$auto$opt_expr.cc:205:group_cell_inputs$1992 [3]
      New connections: $auto$wreduce.cc:461:run$1581 [12:1] = { $auto$opt_expr.cc:205:group_cell_inputs$1992 [3] 6'000000 $auto$opt_expr.cc:205:group_cell_inputs$1992 [3] 4'0000 }
    Consolidated identical input bits for $mux cell $flatten\blk3659_17.$ternary$/chipinventor/OpenLane/designs/spm/src/hdl.v:369$389:
      Old ports: A=13'0000000000000, B=13'1000000100001, Y={ $auto$wreduce.cc:461:run$1582 [12:1] $auto$opt_expr.cc:205:group_cell_inputs$1995 [3] }
      New ports: A=1'0, B=1'1, Y=$auto$opt_expr.cc:205:group_cell_inputs$1995 [3]
      New connections: $auto$wreduce.cc:461:run$1582 [12:1] = { $auto$opt_expr.cc:205:group_cell_inputs$1995 [3] 6'000000 $auto$opt_expr.cc:205:group_cell_inputs$1995 [3] 4'0000 }
    Consolidated identical input bits for $mux cell $flatten\blk3659_17.$ternary$/chipinventor/OpenLane/designs/spm/src/hdl.v:369$392:
      Old ports: A=13'0000000000000, B=13'1000000100001, Y={ $auto$wreduce.cc:461:run$1583 [12:1] $auto$opt_expr.cc:205:group_cell_inputs$1998 [3] }
      New ports: A=1'0, B=1'1, Y=$auto$opt_expr.cc:205:group_cell_inputs$1998 [3]
      New connections: $auto$wreduce.cc:461:run$1583 [12:1] = { $auto$opt_expr.cc:205:group_cell_inputs$1998 [3] 6'000000 $auto$opt_expr.cc:205:group_cell_inputs$1998 [3] 4'0000 }
    Consolidated identical input bits for $mux cell $flatten\blk3659_17.$ternary$/chipinventor/OpenLane/designs/spm/src/hdl.v:369$395:
      Old ports: A=13'0000000000000, B=13'1000000100001, Y={ $auto$wreduce.cc:461:run$1584 [12:1] $auto$opt_expr.cc:205:group_cell_inputs$2001 [3] }
      New ports: A=1'0, B=1'1, Y=$auto$opt_expr.cc:205:group_cell_inputs$2001 [3]
      New connections: $auto$wreduce.cc:461:run$1584 [12:1] = { $auto$opt_expr.cc:205:group_cell_inputs$2001 [3] 6'000000 $auto$opt_expr.cc:205:group_cell_inputs$2001 [3] 4'0000 }
    Consolidated identical input bits for $mux cell $flatten\blk3659_17.$ternary$/chipinventor/OpenLane/designs/spm/src/hdl.v:369$398:
      Old ports: A=13'0000000000000, B=13'1000000100001, Y={ $auto$wreduce.cc:461:run$1585 [12:1] $auto$opt_expr.cc:205:group_cell_inputs$2004 [3] }
      New ports: A=1'0, B=1'1, Y=$auto$opt_expr.cc:205:group_cell_inputs$2004 [3]
      New connections: $auto$wreduce.cc:461:run$1585 [12:1] = { $auto$opt_expr.cc:205:group_cell_inputs$2004 [3] 6'000000 $auto$opt_expr.cc:205:group_cell_inputs$2004 [3] 4'0000 }
    Consolidated identical input bits for $mux cell $flatten\blk3659_17.$ternary$/chipinventor/OpenLane/designs/spm/src/hdl.v:369$401:
      Old ports: A=13'0000000000000, B=13'1000000100001, Y={ $auto$wreduce.cc:461:run$1586 [12:1] $auto$opt_expr.cc:205:group_cell_inputs$2007 [3] }
      New ports: A=1'0, B=1'1, Y=$auto$opt_expr.cc:205:group_cell_inputs$2007 [3]
      New connections: $auto$wreduce.cc:461:run$1586 [12:1] = { $auto$opt_expr.cc:205:group_cell_inputs$2007 [3] 6'000000 $auto$opt_expr.cc:205:group_cell_inputs$2007 [3] 4'0000 }
    Consolidated identical input bits for $mux cell $flatten\blk3659_17.$ternary$/chipinventor/OpenLane/designs/spm/src/hdl.v:369$404:
      Old ports: A=13'0000000000000, B=13'1000000100001, Y={ $auto$wreduce.cc:461:run$1587 [12:1] $auto$opt_expr.cc:205:group_cell_inputs$2010 [3] }
      New ports: A=1'0, B=1'1, Y=$auto$opt_expr.cc:205:group_cell_inputs$2010 [3]
      New connections: $auto$wreduce.cc:461:run$1587 [12:1] = { $auto$opt_expr.cc:205:group_cell_inputs$2010 [3] 6'000000 $auto$opt_expr.cc:205:group_cell_inputs$2010 [3] 4'0000 }
    Consolidated identical input bits for $mux cell $flatten\blk3659_17.$ternary$/chipinventor/OpenLane/designs/spm/src/hdl.v:369$407:
      Old ports: A=13'0000000000000, B=13'1000000100001, Y={ $auto$wreduce.cc:461:run$1588 [12:1] $auto$opt_expr.cc:205:group_cell_inputs$2013 [3] }
      New ports: A=1'0, B=1'1, Y=$auto$opt_expr.cc:205:group_cell_inputs$2013 [3]
      New connections: $auto$wreduce.cc:461:run$1588 [12:1] = { $auto$opt_expr.cc:205:group_cell_inputs$2013 [3] 6'000000 $auto$opt_expr.cc:205:group_cell_inputs$2013 [3] 4'0000 }
    Consolidated identical input bits for $mux cell $flatten\blk3659_17.$ternary$/chipinventor/OpenLane/designs/spm/src/hdl.v:369$410:
      Old ports: A=13'0000000000000, B=13'1000000100001, Y={ $auto$wreduce.cc:461:run$1589 [12:1] $auto$opt_expr.cc:205:group_cell_inputs$2016 [0] }
      New ports: A=1'0, B=1'1, Y=$auto$opt_expr.cc:205:group_cell_inputs$2016 [0]
      New connections: $auto$wreduce.cc:461:run$1589 [12:1] = { $auto$opt_expr.cc:205:group_cell_inputs$2016 [0] 6'000000 $auto$opt_expr.cc:205:group_cell_inputs$2016 [0] 4'0000 }
    Consolidated identical input bits for $mux cell $flatten\blk3659_17.$ternary$/chipinventor/OpenLane/designs/spm/src/hdl.v:369$413:
      Old ports: A=13'0000000000000, B=13'1000000100001, Y={ $auto$wreduce.cc:461:run$1590 [12:1] \blk3659_17.crc16_h$func$/chipinventor/OpenLane/designs/spm/src/hdl.v:414$171.$result [0] }
      New ports: A=1'0, B=1'1, Y=\blk3659_17.crc16_h$func$/chipinventor/OpenLane/designs/spm/src/hdl.v:414$171.$result [0]
      New connections: $auto$wreduce.cc:461:run$1590 [12:1] = { \blk3659_17.crc16_h$func$/chipinventor/OpenLane/designs/spm/src/hdl.v:414$171.$result [0] 6'000000 \blk3659_17.crc16_h$func$/chipinventor/OpenLane/designs/spm/src/hdl.v:414$171.$result [0] 4'0000 }
    Consolidated identical input bits for $mux cell $flatten\blk3659_17.$ternary$/chipinventor/OpenLane/designs/spm/src/hdl.v:369$551:
      Old ports: A=13'0000000000000, B=13'1000000100001, Y={ $auto$wreduce.cc:461:run$1591 [12:1] $auto$opt_expr.cc:205:group_cell_inputs$1878 [0] }
      New ports: A=1'0, B=1'1, Y=$auto$opt_expr.cc:205:group_cell_inputs$1878 [0]
      New connections: $auto$wreduce.cc:461:run$1591 [12:1] = { $auto$opt_expr.cc:205:group_cell_inputs$1878 [0] 6'000000 $auto$opt_expr.cc:205:group_cell_inputs$1878 [0] 4'0000 }
    Consolidated identical input bits for $mux cell $flatten\blk3659_17.$ternary$/chipinventor/OpenLane/designs/spm/src/hdl.v:369$554:
      Old ports: A=13'0000000000000, B=13'1000000100001, Y={ $auto$wreduce.cc:461:run$1592 [12:1] $auto$opt_expr.cc:205:group_cell_inputs$1881 [3] }
      New ports: A=1'0, B=1'1, Y=$auto$opt_expr.cc:205:group_cell_inputs$1881 [3]
      New connections: $auto$wreduce.cc:461:run$1592 [12:1] = { $auto$opt_expr.cc:205:group_cell_inputs$1881 [3] 6'000000 $auto$opt_expr.cc:205:group_cell_inputs$1881 [3] 4'0000 }
    Consolidated identical input bits for $mux cell $flatten\blk3659_17.$ternary$/chipinventor/OpenLane/designs/spm/src/hdl.v:369$557:
      Old ports: A=13'0000000000000, B=13'1000000100001, Y={ $auto$wreduce.cc:461:run$1593 [12:1] $auto$opt_expr.cc:205:group_cell_inputs$1884 [3] }
      New ports: A=1'0, B=1'1, Y=$auto$opt_expr.cc:205:group_cell_inputs$1884 [3]
      New connections: $auto$wreduce.cc:461:run$1593 [12:1] = { $auto$opt_expr.cc:205:group_cell_inputs$1884 [3] 6'000000 $auto$opt_expr.cc:205:group_cell_inputs$1884 [3] 4'0000 }
    Consolidated identical input bits for $mux cell $flatten\blk3659_17.$ternary$/chipinventor/OpenLane/designs/spm/src/hdl.v:369$560:
      Old ports: A=13'0000000000000, B=13'1000000100001, Y={ $auto$wreduce.cc:461:run$1594 [12:1] $auto$opt_expr.cc:205:group_cell_inputs$1887 [3] }
      New ports: A=1'0, B=1'1, Y=$auto$opt_expr.cc:205:group_cell_inputs$1887 [3]
      New connections: $auto$wreduce.cc:461:run$1594 [12:1] = { $auto$opt_expr.cc:205:group_cell_inputs$1887 [3] 6'000000 $auto$opt_expr.cc:205:group_cell_inputs$1887 [3] 4'0000 }
    Consolidated identical input bits for $mux cell $flatten\blk3659_17.$ternary$/chipinventor/OpenLane/designs/spm/src/hdl.v:369$563:
      Old ports: A=13'0000000000000, B=13'1000000100001, Y={ $auto$wreduce.cc:461:run$1595 [12:1] $auto$opt_expr.cc:205:group_cell_inputs$1890 [3] }
      New ports: A=1'0, B=1'1, Y=$auto$opt_expr.cc:205:group_cell_inputs$1890 [3]
      New connections: $auto$wreduce.cc:461:run$1595 [12:1] = { $auto$opt_expr.cc:205:group_cell_inputs$1890 [3] 6'000000 $auto$opt_expr.cc:205:group_cell_inputs$1890 [3] 4'0000 }
    Consolidated identical input bits for $mux cell $flatten\blk3659_17.$ternary$/chipinventor/OpenLane/designs/spm/src/hdl.v:369$566:
      Old ports: A=13'0000000000000, B=13'1000000100001, Y={ $auto$wreduce.cc:461:run$1596 [12:1] $auto$opt_expr.cc:205:group_cell_inputs$1893 [3] }
      New ports: A=1'0, B=1'1, Y=$auto$opt_expr.cc:205:group_cell_inputs$1893 [3]
      New connections: $auto$wreduce.cc:461:run$1596 [12:1] = { $auto$opt_expr.cc:205:group_cell_inputs$1893 [3] 6'000000 $auto$opt_expr.cc:205:group_cell_inputs$1893 [3] 4'0000 }
    Consolidated identical input bits for $mux cell $flatten\blk3659_17.$ternary$/chipinventor/OpenLane/designs/spm/src/hdl.v:369$569:
      Old ports: A=13'0000000000000, B=13'1000000100001, Y={ $auto$wreduce.cc:461:run$1597 [12:1] $auto$opt_expr.cc:205:group_cell_inputs$1896 [3] }
      New ports: A=1'0, B=1'1, Y=$auto$opt_expr.cc:205:group_cell_inputs$1896 [3]
      New connections: $auto$wreduce.cc:461:run$1597 [12:1] = { $auto$opt_expr.cc:205:group_cell_inputs$1896 [3] 6'000000 $auto$opt_expr.cc:205:group_cell_inputs$1896 [3] 4'0000 }
    Consolidated identical input bits for $mux cell $flatten\blk3659_17.$ternary$/chipinventor/OpenLane/designs/spm/src/hdl.v:369$572:
      Old ports: A=13'0000000000000, B=13'1000000100001, Y={ $auto$wreduce.cc:461:run$1598 [12:1] $auto$opt_expr.cc:205:group_cell_inputs$1899 [3] }
      New ports: A=1'0, B=1'1, Y=$auto$opt_expr.cc:205:group_cell_inputs$1899 [3]
      New connections: $auto$wreduce.cc:461:run$1598 [12:1] = { $auto$opt_expr.cc:205:group_cell_inputs$1899 [3] 6'000000 $auto$opt_expr.cc:205:group_cell_inputs$1899 [3] 4'0000 }
    Consolidated identical input bits for $mux cell $flatten\blk3659_17.$ternary$/chipinventor/OpenLane/designs/spm/src/hdl.v:369$575:
      Old ports: A=13'0000000000000, B=13'1000000100001, Y={ $auto$wreduce.cc:461:run$1599 [12:1] $auto$opt_expr.cc:205:group_cell_inputs$1902 [3] }
      New ports: A=1'0, B=1'1, Y=$auto$opt_expr.cc:205:group_cell_inputs$1902 [3]
      New connections: $auto$wreduce.cc:461:run$1599 [12:1] = { $auto$opt_expr.cc:205:group_cell_inputs$1902 [3] 6'000000 $auto$opt_expr.cc:205:group_cell_inputs$1902 [3] 4'0000 }
    Consolidated identical input bits for $mux cell $flatten\blk3659_17.$ternary$/chipinventor/OpenLane/designs/spm/src/hdl.v:369$578:
      Old ports: A=13'0000000000000, B=13'1000000100001, Y={ $auto$wreduce.cc:461:run$1600 [12:1] $auto$opt_expr.cc:205:group_cell_inputs$1905 [0] }
      New ports: A=1'0, B=1'1, Y=$auto$opt_expr.cc:205:group_cell_inputs$1905 [0]
      New connections: $auto$wreduce.cc:461:run$1600 [12:1] = { $auto$opt_expr.cc:205:group_cell_inputs$1905 [0] 6'000000 $auto$opt_expr.cc:205:group_cell_inputs$1905 [0] 4'0000 }
    Consolidated identical input bits for $mux cell $flatten\blk3659_17.$ternary$/chipinventor/OpenLane/designs/spm/src/hdl.v:369$581:
      Old ports: A=13'0000000000000, B=13'1000000100001, Y={ $auto$wreduce.cc:461:run$1601 [12:1] $auto$opt_expr.cc:205:group_cell_inputs$1908 [0] }
      New ports: A=1'0, B=1'1, Y=$auto$opt_expr.cc:205:group_cell_inputs$1908 [0]
      New connections: $auto$wreduce.cc:461:run$1601 [12:1] = { $auto$opt_expr.cc:205:group_cell_inputs$1908 [0] 6'000000 $auto$opt_expr.cc:205:group_cell_inputs$1908 [0] 4'0000 }
    Consolidated identical input bits for $mux cell $flatten\blk3659_17.$ternary$/chipinventor/OpenLane/designs/spm/src/hdl.v:369$584:
      Old ports: A=13'0000000000000, B=13'1000000100001, Y={ $auto$wreduce.cc:461:run$1602 [12:1] $auto$opt_expr.cc:205:group_cell_inputs$1911 [0] }
      New ports: A=1'0, B=1'1, Y=$auto$opt_expr.cc:205:group_cell_inputs$1911 [0]
      New connections: $auto$wreduce.cc:461:run$1602 [12:1] = { $auto$opt_expr.cc:205:group_cell_inputs$1911 [0] 6'000000 $auto$opt_expr.cc:205:group_cell_inputs$1911 [0] 4'0000 }
    Consolidated identical input bits for $mux cell $flatten\blk3659_17.$ternary$/chipinventor/OpenLane/designs/spm/src/hdl.v:369$587:
      Old ports: A=13'0000000000000, B=13'1000000100001, Y={ $auto$wreduce.cc:461:run$1603 [12:1] $auto$opt_expr.cc:205:group_cell_inputs$1914 [3] }
      New ports: A=1'0, B=1'1, Y=$auto$opt_expr.cc:205:group_cell_inputs$1914 [3]
      New connections: $auto$wreduce.cc:461:run$1603 [12:1] = { $auto$opt_expr.cc:205:group_cell_inputs$1914 [3] 6'000000 $auto$opt_expr.cc:205:group_cell_inputs$1914 [3] 4'0000 }
    Consolidated identical input bits for $mux cell $flatten\blk3659_17.$ternary$/chipinventor/OpenLane/designs/spm/src/hdl.v:369$590:
      Old ports: A=13'0000000000000, B=13'1000000100001, Y={ $auto$wreduce.cc:461:run$1604 [12:1] $auto$opt_expr.cc:205:group_cell_inputs$1917 [3] }
      New ports: A=1'0, B=1'1, Y=$auto$opt_expr.cc:205:group_cell_inputs$1917 [3]
      New connections: $auto$wreduce.cc:461:run$1604 [12:1] = { $auto$opt_expr.cc:205:group_cell_inputs$1917 [3] 6'000000 $auto$opt_expr.cc:205:group_cell_inputs$1917 [3] 4'0000 }
    Consolidated identical input bits for $mux cell $flatten\blk3659_17.$ternary$/chipinventor/OpenLane/designs/spm/src/hdl.v:369$593:
      Old ports: A=13'0000000000000, B=13'1000000100001, Y={ $auto$wreduce.cc:461:run$1605 [12:1] $auto$opt_expr.cc:205:group_cell_inputs$1920 [3] }
      New ports: A=1'0, B=1'1, Y=$auto$opt_expr.cc:205:group_cell_inputs$1920 [3]
      New connections: $auto$wreduce.cc:461:run$1605 [12:1] = { $auto$opt_expr.cc:205:group_cell_inputs$1920 [3] 6'000000 $auto$opt_expr.cc:205:group_cell_inputs$1920 [3] 4'0000 }
    Consolidated identical input bits for $mux cell $flatten\blk3659_17.$ternary$/chipinventor/OpenLane/designs/spm/src/hdl.v:369$596:
      Old ports: A=13'0000000000000, B=13'1000000100001, Y={ $auto$wreduce.cc:461:run$1606 [12:1] $auto$opt_expr.cc:205:group_cell_inputs$1923 [3] }
      New ports: A=1'0, B=1'1, Y=$auto$opt_expr.cc:205:group_cell_inputs$1923 [3]
      New connections: $auto$wreduce.cc:461:run$1606 [12:1] = { $auto$opt_expr.cc:205:group_cell_inputs$1923 [3] 6'000000 $auto$opt_expr.cc:205:group_cell_inputs$1923 [3] 4'0000 }
    Consolidated identical input bits for $mux cell $flatten\blk3659_17.$ternary$/chipinventor/OpenLane/designs/spm/src/hdl.v:369$599:
      Old ports: A=13'0000000000000, B=13'1000000100001, Y={ $auto$wreduce.cc:461:run$1607 [12:1] $auto$opt_expr.cc:205:group_cell_inputs$1926 [3] }
      New ports: A=1'0, B=1'1, Y=$auto$opt_expr.cc:205:group_cell_inputs$1926 [3]
      New connections: $auto$wreduce.cc:461:run$1607 [12:1] = { $auto$opt_expr.cc:205:group_cell_inputs$1926 [3] 6'000000 $auto$opt_expr.cc:205:group_cell_inputs$1926 [3] 4'0000 }
    Consolidated identical input bits for $mux cell $flatten\blk3659_17.$ternary$/chipinventor/OpenLane/designs/spm/src/hdl.v:369$602:
      Old ports: A=13'0000000000000, B=13'1000000100001, Y={ $auto$wreduce.cc:461:run$1608 [12:1] $auto$opt_expr.cc:205:group_cell_inputs$1929 [3] }
      New ports: A=1'0, B=1'1, Y=$auto$opt_expr.cc:205:group_cell_inputs$1929 [3]
      New connections: $auto$wreduce.cc:461:run$1608 [12:1] = { $auto$opt_expr.cc:205:group_cell_inputs$1929 [3] 6'000000 $auto$opt_expr.cc:205:group_cell_inputs$1929 [3] 4'0000 }
    Consolidated identical input bits for $mux cell $flatten\blk3659_17.$ternary$/chipinventor/OpenLane/designs/spm/src/hdl.v:369$605:
      Old ports: A=13'0000000000000, B=13'1000000100001, Y={ $auto$wreduce.cc:461:run$1609 [12:1] $auto$opt_expr.cc:205:group_cell_inputs$1932 [3] }
      New ports: A=1'0, B=1'1, Y=$auto$opt_expr.cc:205:group_cell_inputs$1932 [3]
      New connections: $auto$wreduce.cc:461:run$1609 [12:1] = { $auto$opt_expr.cc:205:group_cell_inputs$1932 [3] 6'000000 $auto$opt_expr.cc:205:group_cell_inputs$1932 [3] 4'0000 }
    Consolidated identical input bits for $mux cell $flatten\blk3659_17.$ternary$/chipinventor/OpenLane/designs/spm/src/hdl.v:369$608:
      Old ports: A=13'0000000000000, B=13'1000000100001, Y={ $auto$wreduce.cc:461:run$1610 [12:1] $auto$opt_expr.cc:205:group_cell_inputs$1935 [3] }
      New ports: A=1'0, B=1'1, Y=$auto$opt_expr.cc:205:group_cell_inputs$1935 [3]
      New connections: $auto$wreduce.cc:461:run$1610 [12:1] = { $auto$opt_expr.cc:205:group_cell_inputs$1935 [3] 6'000000 $auto$opt_expr.cc:205:group_cell_inputs$1935 [3] 4'0000 }
    Consolidated identical input bits for $mux cell $flatten\blk3659_17.$ternary$/chipinventor/OpenLane/designs/spm/src/hdl.v:369$611:
      Old ports: A=13'0000000000000, B=13'1000000100001, Y={ $auto$wreduce.cc:461:run$1611 [12:1] $auto$opt_expr.cc:205:group_cell_inputs$1938 [3] }
      New ports: A=1'0, B=1'1, Y=$auto$opt_expr.cc:205:group_cell_inputs$1938 [3]
      New connections: $auto$wreduce.cc:461:run$1611 [12:1] = { $auto$opt_expr.cc:205:group_cell_inputs$1938 [3] 6'000000 $auto$opt_expr.cc:205:group_cell_inputs$1938 [3] 4'0000 }
    Consolidated identical input bits for $mux cell $flatten\blk3659_17.$ternary$/chipinventor/OpenLane/designs/spm/src/hdl.v:369$614:
      Old ports: A=13'0000000000000, B=13'1000000100001, Y={ $auto$wreduce.cc:461:run$1612 [12:1] $auto$opt_expr.cc:205:group_cell_inputs$1941 [3] }
      New ports: A=1'0, B=1'1, Y=$auto$opt_expr.cc:205:group_cell_inputs$1941 [3]
      New connections: $auto$wreduce.cc:461:run$1612 [12:1] = { $auto$opt_expr.cc:205:group_cell_inputs$1941 [3] 6'000000 $auto$opt_expr.cc:205:group_cell_inputs$1941 [3] 4'0000 }
    Consolidated identical input bits for $mux cell $flatten\blk3659_17.$ternary$/chipinventor/OpenLane/designs/spm/src/hdl.v:369$617:
      Old ports: A=13'0000000000000, B=13'1000000100001, Y={ $auto$wreduce.cc:461:run$1613 [12:1] $auto$opt_expr.cc:205:group_cell_inputs$1944 [3] }
      New ports: A=1'0, B=1'1, Y=$auto$opt_expr.cc:205:group_cell_inputs$1944 [3]
      New connections: $auto$wreduce.cc:461:run$1613 [12:1] = { $auto$opt_expr.cc:205:group_cell_inputs$1944 [3] 6'000000 $auto$opt_expr.cc:205:group_cell_inputs$1944 [3] 4'0000 }
    Consolidated identical input bits for $mux cell $flatten\blk3659_17.$ternary$/chipinventor/OpenLane/designs/spm/src/hdl.v:369$620:
      Old ports: A=13'0000000000000, B=13'1000000100001, Y={ $auto$wreduce.cc:461:run$1614 [12:1] $auto$opt_expr.cc:205:group_cell_inputs$1947 [3] }
      New ports: A=1'0, B=1'1, Y=$auto$opt_expr.cc:205:group_cell_inputs$1947 [3]
      New connections: $auto$wreduce.cc:461:run$1614 [12:1] = { $auto$opt_expr.cc:205:group_cell_inputs$1947 [3] 6'000000 $auto$opt_expr.cc:205:group_cell_inputs$1947 [3] 4'0000 }
    Consolidated identical input bits for $mux cell $flatten\blk3659_17.$ternary$/chipinventor/OpenLane/designs/spm/src/hdl.v:369$623:
      Old ports: A=13'0000000000000, B=13'1000000100001, Y={ $auto$wreduce.cc:461:run$1615 [12:1] $auto$opt_expr.cc:205:group_cell_inputs$1950 [3] }
      New ports: A=1'0, B=1'1, Y=$auto$opt_expr.cc:205:group_cell_inputs$1950 [3]
      New connections: $auto$wreduce.cc:461:run$1615 [12:1] = { $auto$opt_expr.cc:205:group_cell_inputs$1950 [3] 6'000000 $auto$opt_expr.cc:205:group_cell_inputs$1950 [3] 4'0000 }
    Consolidated identical input bits for $mux cell $flatten\blk3659_17.$ternary$/chipinventor/OpenLane/designs/spm/src/hdl.v:369$626:
      Old ports: A=13'0000000000000, B=13'1000000100001, Y={ $auto$wreduce.cc:461:run$1616 [12:1] $auto$opt_expr.cc:205:group_cell_inputs$1953 [3] }
      New ports: A=1'0, B=1'1, Y=$auto$opt_expr.cc:205:group_cell_inputs$1953 [3]
      New connections: $auto$wreduce.cc:461:run$1616 [12:1] = { $auto$opt_expr.cc:205:group_cell_inputs$1953 [3] 6'000000 $auto$opt_expr.cc:205:group_cell_inputs$1953 [3] 4'0000 }
    Consolidated identical input bits for $mux cell $flatten\blk3659_17.$ternary$/chipinventor/OpenLane/designs/spm/src/hdl.v:369$629:
      Old ports: A=13'0000000000000, B=13'1000000100001, Y={ $auto$wreduce.cc:461:run$1617 [12:1] $auto$opt_expr.cc:205:group_cell_inputs$1956 [3] }
      New ports: A=1'0, B=1'1, Y=$auto$opt_expr.cc:205:group_cell_inputs$1956 [3]
      New connections: $auto$wreduce.cc:461:run$1617 [12:1] = { $auto$opt_expr.cc:205:group_cell_inputs$1956 [3] 6'000000 $auto$opt_expr.cc:205:group_cell_inputs$1956 [3] 4'0000 }
    Consolidated identical input bits for $mux cell $flatten\blk3659_17.$ternary$/chipinventor/OpenLane/designs/spm/src/hdl.v:369$632:
      Old ports: A=13'0000000000000, B=13'1000000100001, Y={ $auto$wreduce.cc:461:run$1618 [12:1] $auto$opt_expr.cc:205:group_cell_inputs$1959 [3] }
      New ports: A=1'0, B=1'1, Y=$auto$opt_expr.cc:205:group_cell_inputs$1959 [3]
      New connections: $auto$wreduce.cc:461:run$1618 [12:1] = { $auto$opt_expr.cc:205:group_cell_inputs$1959 [3] 6'000000 $auto$opt_expr.cc:205:group_cell_inputs$1959 [3] 4'0000 }
    Consolidated identical input bits for $mux cell $flatten\blk3659_17.$ternary$/chipinventor/OpenLane/designs/spm/src/hdl.v:369$635:
      Old ports: A=13'0000000000000, B=13'1000000100001, Y={ $auto$wreduce.cc:461:run$1619 [12:1] $auto$opt_expr.cc:205:group_cell_inputs$1962 [3] }
      New ports: A=1'0, B=1'1, Y=$auto$opt_expr.cc:205:group_cell_inputs$1962 [3]
      New connections: $auto$wreduce.cc:461:run$1619 [12:1] = { $auto$opt_expr.cc:205:group_cell_inputs$1962 [3] 6'000000 $auto$opt_expr.cc:205:group_cell_inputs$1962 [3] 4'0000 }
    Consolidated identical input bits for $mux cell $flatten\blk3659_17.$ternary$/chipinventor/OpenLane/designs/spm/src/hdl.v:369$638:
      Old ports: A=13'0000000000000, B=13'1000000100001, Y={ $auto$wreduce.cc:461:run$1620 [12:1] $auto$opt_expr.cc:205:group_cell_inputs$1965 [3] }
      New ports: A=1'0, B=1'1, Y=$auto$opt_expr.cc:205:group_cell_inputs$1965 [3]
      New connections: $auto$wreduce.cc:461:run$1620 [12:1] = { $auto$opt_expr.cc:205:group_cell_inputs$1965 [3] 6'000000 $auto$opt_expr.cc:205:group_cell_inputs$1965 [3] 4'0000 }
    Consolidated identical input bits for $mux cell $flatten\blk3659_17.$ternary$/chipinventor/OpenLane/designs/spm/src/hdl.v:369$641:
      Old ports: A=13'0000000000000, B=13'1000000100001, Y={ $auto$wreduce.cc:461:run$1621 [12:1] $auto$opt_expr.cc:205:group_cell_inputs$1968 [0] }
      New ports: A=1'0, B=1'1, Y=$auto$opt_expr.cc:205:group_cell_inputs$1968 [0]
      New connections: $auto$wreduce.cc:461:run$1621 [12:1] = { $auto$opt_expr.cc:205:group_cell_inputs$1968 [0] 6'000000 $auto$opt_expr.cc:205:group_cell_inputs$1968 [0] 4'0000 }
    Consolidated identical input bits for $mux cell $flatten\blk3659_17.$ternary$/chipinventor/OpenLane/designs/spm/src/hdl.v:369$644:
      Old ports: A=13'0000000000000, B=13'1000000100001, Y={ $auto$wreduce.cc:461:run$1622 [12:1] \blk3659_17.crc16_w$func$/chipinventor/OpenLane/designs/spm/src/hdl.v:415$172.$result [0] }
      New ports: A=1'0, B=1'1, Y=\blk3659_17.crc16_w$func$/chipinventor/OpenLane/designs/spm/src/hdl.v:415$172.$result [0]
      New connections: $auto$wreduce.cc:461:run$1622 [12:1] = { \blk3659_17.crc16_w$func$/chipinventor/OpenLane/designs/spm/src/hdl.v:415$172.$result [0] 6'000000 \blk3659_17.crc16_w$func$/chipinventor/OpenLane/designs/spm/src/hdl.v:415$172.$result [0] 4'0000 }
    Consolidated identical input bits for $pmux cell $flatten\blk3661_26.$procmux$1361:
      Old ports: A=24'000000000000000000010011, B=72'101000000000001010010011010100000000001100010011011000101000001110110011, Y=$auto$wreduce.cc:461:run$1629 [23:0]
      New ports: A=6'000000, B=18'101010011100001111, Y={ $auto$wreduce.cc:461:run$1629 [23] $auto$wreduce.cc:461:run$1629 [20] $auto$wreduce.cc:461:run$1629 [9:7] $auto$wreduce.cc:461:run$1629 [5] }
      New connections: { $auto$wreduce.cc:461:run$1629 [22:21] $auto$wreduce.cc:461:run$1629 [19:10] $auto$wreduce.cc:461:run$1629 [6] $auto$wreduce.cc:461:run$1629 [4:0] } = { $auto$wreduce.cc:461:run$1629 [8:7] 2'00 $auto$wreduce.cc:461:run$1629 [5] 1'0 $auto$wreduce.cc:461:run$1629 [5] 11'00000010011 }
    Consolidated identical input bits for $mux cell $flatten\blk3661_26.$procmux$1369:
      Old ports: A=0, B={ 8'00000000 $auto$wreduce.cc:461:run$1629 [23:0] }, Y=\blk3655_5.imem_rdata
      New ports: A=24'000000000000000000000000, B=$auto$wreduce.cc:461:run$1629 [23:0], Y=\blk3655_5.imem_rdata [23:0]
      New connections: \blk3655_5.imem_rdata [31:24] = 8'00000000
    Consolidated identical input bits for $mux cell $flatten\blk3665_18.$procmux$1157:
      Old ports: A=4'0000, B=4'1111, Y=$flatten\blk3665_18.$5\byte_write_o[3:0]
      New ports: A=1'0, B=1'1, Y=$flatten\blk3665_18.$5\byte_write_o[3:0] [0]
      New connections: $flatten\blk3665_18.$5\byte_write_o[3:0] [3:1] = { $flatten\blk3665_18.$5\byte_write_o[3:0] [0] $flatten\blk3665_18.$5\byte_write_o[3:0] [0] $flatten\blk3665_18.$5\byte_write_o[3:0] [0] }
    Consolidated identical input bits for $pmux cell $flatten\blk3665_18.$procmux$1178:
      Old ports: A=4'0000, B=8'00111100, Y=$flatten\blk3665_18.$4\byte_write_o[3:0]
      New ports: A=2'00, B=4'0110, Y={ $flatten\blk3665_18.$4\byte_write_o[3:0] [2] $flatten\blk3665_18.$4\byte_write_o[3:0] [0] }
      New connections: { $flatten\blk3665_18.$4\byte_write_o[3:0] [3] $flatten\blk3665_18.$4\byte_write_o[3:0] [1] } = { $flatten\blk3665_18.$4\byte_write_o[3:0] [2] $flatten\blk3665_18.$4\byte_write_o[3:0] [0] }
    Consolidated identical input bits for $mux cell $flatten\blk3665_18.$ternary$/chipinventor/OpenLane/designs/spm/src/hdl.v:694$162:
      Old ports: A={ \blk3664_23.imem_data [7] \blk3664_23.imem_data [7] \blk3664_23.imem_data [7] \blk3664_23.imem_data [7] \blk3664_23.imem_data [7] \blk3664_23.imem_data [7] \blk3664_23.imem_data [7] \blk3664_23.imem_data [7] \blk3664_23.imem_data [7] \blk3664_23.imem_data [7] \blk3664_23.imem_data [7] \blk3664_23.imem_data [7] \blk3664_23.imem_data [7] \blk3664_23.imem_data [7] \blk3664_23.imem_data [7] \blk3664_23.imem_data [7] \blk3664_23.imem_data [7] \blk3664_23.imem_data [7] \blk3664_23.imem_data [7] \blk3664_23.imem_data [7] \blk3664_23.imem_data [7] \blk3664_23.imem_data [7] \blk3664_23.imem_data [7] \blk3664_23.imem_data [7] \blk3664_23.imem_data [7:0] }, B={ 24'000000000000000000000000 \blk3664_23.imem_data [7:0] }, Y=$flatten\blk3665_18.$ternary$/chipinventor/OpenLane/designs/spm/src/hdl.v:694$162_Y
      New ports: A=\blk3664_23.imem_data [7], B=1'0, Y=$flatten\blk3665_18.$ternary$/chipinventor/OpenLane/designs/spm/src/hdl.v:694$162_Y [8]
      New connections: { $flatten\blk3665_18.$ternary$/chipinventor/OpenLane/designs/spm/src/hdl.v:694$162_Y [31:9] $flatten\blk3665_18.$ternary$/chipinventor/OpenLane/designs/spm/src/hdl.v:694$162_Y [7:0] } = { $flatten\blk3665_18.$ternary$/chipinventor/OpenLane/designs/spm/src/hdl.v:694$162_Y [8] $flatten\blk3665_18.$ternary$/chipinventor/OpenLane/designs/spm/src/hdl.v:694$162_Y [8] $flatten\blk3665_18.$ternary$/chipinventor/OpenLane/designs/spm/src/hdl.v:694$162_Y [8] $flatten\blk3665_18.$ternary$/chipinventor/OpenLane/designs/spm/src/hdl.v:694$162_Y [8] $flatten\blk3665_18.$ternary$/chipinventor/OpenLane/designs/spm/src/hdl.v:694$162_Y [8] $flatten\blk3665_18.$ternary$/chipinventor/OpenLane/designs/spm/src/hdl.v:694$162_Y [8] $flatten\blk3665_18.$ternary$/chipinventor/OpenLane/designs/spm/src/hdl.v:694$162_Y [8] $flatten\blk3665_18.$ternary$/chipinventor/OpenLane/designs/spm/src/hdl.v:694$162_Y [8] $flatten\blk3665_18.$ternary$/chipinventor/OpenLane/designs/spm/src/hdl.v:694$162_Y [8] $flatten\blk3665_18.$ternary$/chipinventor/OpenLane/designs/spm/src/hdl.v:694$162_Y [8] $flatten\blk3665_18.$ternary$/chipinventor/OpenLane/designs/spm/src/hdl.v:694$162_Y [8] $flatten\blk3665_18.$ternary$/chipinventor/OpenLane/designs/spm/src/hdl.v:694$162_Y [8] $flatten\blk3665_18.$ternary$/chipinventor/OpenLane/designs/spm/src/hdl.v:694$162_Y [8] $flatten\blk3665_18.$ternary$/chipinventor/OpenLane/designs/spm/src/hdl.v:694$162_Y [8] $flatten\blk3665_18.$ternary$/chipinventor/OpenLane/designs/spm/src/hdl.v:694$162_Y [8] $flatten\blk3665_18.$ternary$/chipinventor/OpenLane/designs/spm/src/hdl.v:694$162_Y [8] $flatten\blk3665_18.$ternary$/chipinventor/OpenLane/designs/spm/src/hdl.v:694$162_Y [8] $flatten\blk3665_18.$ternary$/chipinventor/OpenLane/designs/spm/src/hdl.v:694$162_Y [8] $flatten\blk3665_18.$ternary$/chipinventor/OpenLane/designs/spm/src/hdl.v:694$162_Y [8] $flatten\blk3665_18.$ternary$/chipinventor/OpenLane/designs/spm/src/hdl.v:694$162_Y [8] $flatten\blk3665_18.$ternary$/chipinventor/OpenLane/designs/spm/src/hdl.v:694$162_Y [8] $flatten\blk3665_18.$ternary$/chipinventor/OpenLane/designs/spm/src/hdl.v:694$162_Y [8] $flatten\blk3665_18.$ternary$/chipinventor/OpenLane/designs/spm/src/hdl.v:694$162_Y [8] \blk3664_23.imem_data [7:0] }
    Consolidated identical input bits for $mux cell $flatten\blk3665_18.$ternary$/chipinventor/OpenLane/designs/spm/src/hdl.v:695$163:
      Old ports: A={ \blk3664_23.imem_data [15] \blk3664_23.imem_data [15] \blk3664_23.imem_data [15] \blk3664_23.imem_data [15] \blk3664_23.imem_data [15] \blk3664_23.imem_data [15] \blk3664_23.imem_data [15] \blk3664_23.imem_data [15] \blk3664_23.imem_data [15] \blk3664_23.imem_data [15] \blk3664_23.imem_data [15] \blk3664_23.imem_data [15] \blk3664_23.imem_data [15] \blk3664_23.imem_data [15] \blk3664_23.imem_data [15] \blk3664_23.imem_data [15] \blk3664_23.imem_data [15] \blk3664_23.imem_data [15] \blk3664_23.imem_data [15] \blk3664_23.imem_data [15] \blk3664_23.imem_data [15] \blk3664_23.imem_data [15] \blk3664_23.imem_data [15] \blk3664_23.imem_data [15] \blk3664_23.imem_data [15:8] }, B={ 24'000000000000000000000000 \blk3664_23.imem_data [15:8] }, Y=$flatten\blk3665_18.$ternary$/chipinventor/OpenLane/designs/spm/src/hdl.v:695$163_Y
      New ports: A=\blk3664_23.imem_data [15], B=1'0, Y=$flatten\blk3665_18.$ternary$/chipinventor/OpenLane/designs/spm/src/hdl.v:695$163_Y [8]
      New connections: { $flatten\blk3665_18.$ternary$/chipinventor/OpenLane/designs/spm/src/hdl.v:695$163_Y [31:9] $flatten\blk3665_18.$ternary$/chipinventor/OpenLane/designs/spm/src/hdl.v:695$163_Y [7:0] } = { $flatten\blk3665_18.$ternary$/chipinventor/OpenLane/designs/spm/src/hdl.v:695$163_Y [8] $flatten\blk3665_18.$ternary$/chipinventor/OpenLane/designs/spm/src/hdl.v:695$163_Y [8] $flatten\blk3665_18.$ternary$/chipinventor/OpenLane/designs/spm/src/hdl.v:695$163_Y [8] $flatten\blk3665_18.$ternary$/chipinventor/OpenLane/designs/spm/src/hdl.v:695$163_Y [8] $flatten\blk3665_18.$ternary$/chipinventor/OpenLane/designs/spm/src/hdl.v:695$163_Y [8] $flatten\blk3665_18.$ternary$/chipinventor/OpenLane/designs/spm/src/hdl.v:695$163_Y [8] $flatten\blk3665_18.$ternary$/chipinventor/OpenLane/designs/spm/src/hdl.v:695$163_Y [8] $flatten\blk3665_18.$ternary$/chipinventor/OpenLane/designs/spm/src/hdl.v:695$163_Y [8] $flatten\blk3665_18.$ternary$/chipinventor/OpenLane/designs/spm/src/hdl.v:695$163_Y [8] $flatten\blk3665_18.$ternary$/chipinventor/OpenLane/designs/spm/src/hdl.v:695$163_Y [8] $flatten\blk3665_18.$ternary$/chipinventor/OpenLane/designs/spm/src/hdl.v:695$163_Y [8] $flatten\blk3665_18.$ternary$/chipinventor/OpenLane/designs/spm/src/hdl.v:695$163_Y [8] $flatten\blk3665_18.$ternary$/chipinventor/OpenLane/designs/spm/src/hdl.v:695$163_Y [8] $flatten\blk3665_18.$ternary$/chipinventor/OpenLane/designs/spm/src/hdl.v:695$163_Y [8] $flatten\blk3665_18.$ternary$/chipinventor/OpenLane/designs/spm/src/hdl.v:695$163_Y [8] $flatten\blk3665_18.$ternary$/chipinventor/OpenLane/designs/spm/src/hdl.v:695$163_Y [8] $flatten\blk3665_18.$ternary$/chipinventor/OpenLane/designs/spm/src/hdl.v:695$163_Y [8] $flatten\blk3665_18.$ternary$/chipinventor/OpenLane/designs/spm/src/hdl.v:695$163_Y [8] $flatten\blk3665_18.$ternary$/chipinventor/OpenLane/designs/spm/src/hdl.v:695$163_Y [8] $flatten\blk3665_18.$ternary$/chipinventor/OpenLane/designs/spm/src/hdl.v:695$163_Y [8] $flatten\blk3665_18.$ternary$/chipinventor/OpenLane/designs/spm/src/hdl.v:695$163_Y [8] $flatten\blk3665_18.$ternary$/chipinventor/OpenLane/designs/spm/src/hdl.v:695$163_Y [8] $flatten\blk3665_18.$ternary$/chipinventor/OpenLane/designs/spm/src/hdl.v:695$163_Y [8] \blk3664_23.imem_data [15:8] }
    Consolidated identical input bits for $mux cell $flatten\blk3665_18.$ternary$/chipinventor/OpenLane/designs/spm/src/hdl.v:696$164:
      Old ports: A={ \blk3664_23.imem_data [23] \blk3664_23.imem_data [23] \blk3664_23.imem_data [23] \blk3664_23.imem_data [23] \blk3664_23.imem_data [23] \blk3664_23.imem_data [23] \blk3664_23.imem_data [23] \blk3664_23.imem_data [23] \blk3664_23.imem_data [23] \blk3664_23.imem_data [23] \blk3664_23.imem_data [23] \blk3664_23.imem_data [23] \blk3664_23.imem_data [23] \blk3664_23.imem_data [23] \blk3664_23.imem_data [23] \blk3664_23.imem_data [23] \blk3664_23.imem_data [23] \blk3664_23.imem_data [23] \blk3664_23.imem_data [23] \blk3664_23.imem_data [23] \blk3664_23.imem_data [23] \blk3664_23.imem_data [23] \blk3664_23.imem_data [23] \blk3664_23.imem_data [23] \blk3664_23.imem_data [23:16] }, B={ 24'000000000000000000000000 \blk3664_23.imem_data [23:16] }, Y=$flatten\blk3665_18.$ternary$/chipinventor/OpenLane/designs/spm/src/hdl.v:696$164_Y
      New ports: A=\blk3664_23.imem_data [23], B=1'0, Y=$flatten\blk3665_18.$ternary$/chipinventor/OpenLane/designs/spm/src/hdl.v:696$164_Y [8]
      New connections: { $flatten\blk3665_18.$ternary$/chipinventor/OpenLane/designs/spm/src/hdl.v:696$164_Y [31:9] $flatten\blk3665_18.$ternary$/chipinventor/OpenLane/designs/spm/src/hdl.v:696$164_Y [7:0] } = { $flatten\blk3665_18.$ternary$/chipinventor/OpenLane/designs/spm/src/hdl.v:696$164_Y [8] $flatten\blk3665_18.$ternary$/chipinventor/OpenLane/designs/spm/src/hdl.v:696$164_Y [8] $flatten\blk3665_18.$ternary$/chipinventor/OpenLane/designs/spm/src/hdl.v:696$164_Y [8] $flatten\blk3665_18.$ternary$/chipinventor/OpenLane/designs/spm/src/hdl.v:696$164_Y [8] $flatten\blk3665_18.$ternary$/chipinventor/OpenLane/designs/spm/src/hdl.v:696$164_Y [8] $flatten\blk3665_18.$ternary$/chipinventor/OpenLane/designs/spm/src/hdl.v:696$164_Y [8] $flatten\blk3665_18.$ternary$/chipinventor/OpenLane/designs/spm/src/hdl.v:696$164_Y [8] $flatten\blk3665_18.$ternary$/chipinventor/OpenLane/designs/spm/src/hdl.v:696$164_Y [8] $flatten\blk3665_18.$ternary$/chipinventor/OpenLane/designs/spm/src/hdl.v:696$164_Y [8] $flatten\blk3665_18.$ternary$/chipinventor/OpenLane/designs/spm/src/hdl.v:696$164_Y [8] $flatten\blk3665_18.$ternary$/chipinventor/OpenLane/designs/spm/src/hdl.v:696$164_Y [8] $flatten\blk3665_18.$ternary$/chipinventor/OpenLane/designs/spm/src/hdl.v:696$164_Y [8] $flatten\blk3665_18.$ternary$/chipinventor/OpenLane/designs/spm/src/hdl.v:696$164_Y [8] $flatten\blk3665_18.$ternary$/chipinventor/OpenLane/designs/spm/src/hdl.v:696$164_Y [8] $flatten\blk3665_18.$ternary$/chipinventor/OpenLane/designs/spm/src/hdl.v:696$164_Y [8] $flatten\blk3665_18.$ternary$/chipinventor/OpenLane/designs/spm/src/hdl.v:696$164_Y [8] $flatten\blk3665_18.$ternary$/chipinventor/OpenLane/designs/spm/src/hdl.v:696$164_Y [8] $flatten\blk3665_18.$ternary$/chipinventor/OpenLane/designs/spm/src/hdl.v:696$164_Y [8] $flatten\blk3665_18.$ternary$/chipinventor/OpenLane/designs/spm/src/hdl.v:696$164_Y [8] $flatten\blk3665_18.$ternary$/chipinventor/OpenLane/designs/spm/src/hdl.v:696$164_Y [8] $flatten\blk3665_18.$ternary$/chipinventor/OpenLane/designs/spm/src/hdl.v:696$164_Y [8] $flatten\blk3665_18.$ternary$/chipinventor/OpenLane/designs/spm/src/hdl.v:696$164_Y [8] $flatten\blk3665_18.$ternary$/chipinventor/OpenLane/designs/spm/src/hdl.v:696$164_Y [8] \blk3664_23.imem_data [23:16] }
    Consolidated identical input bits for $mux cell $flatten\blk3665_18.$ternary$/chipinventor/OpenLane/designs/spm/src/hdl.v:697$165:
      Old ports: A={ \blk3664_23.imem_data [31] \blk3664_23.imem_data [31] \blk3664_23.imem_data [31] \blk3664_23.imem_data [31] \blk3664_23.imem_data [31] \blk3664_23.imem_data [31] \blk3664_23.imem_data [31] \blk3664_23.imem_data [31] \blk3664_23.imem_data [31] \blk3664_23.imem_data [31] \blk3664_23.imem_data [31] \blk3664_23.imem_data [31] \blk3664_23.imem_data [31] \blk3664_23.imem_data [31] \blk3664_23.imem_data [31] \blk3664_23.imem_data [31] \blk3664_23.imem_data [31] \blk3664_23.imem_data [31] \blk3664_23.imem_data [31] \blk3664_23.imem_data [31] \blk3664_23.imem_data [31] \blk3664_23.imem_data [31] \blk3664_23.imem_data [31] \blk3664_23.imem_data [31] \blk3664_23.imem_data [31:24] }, B={ 24'000000000000000000000000 \blk3664_23.imem_data [31:24] }, Y=$flatten\blk3665_18.$ternary$/chipinventor/OpenLane/designs/spm/src/hdl.v:697$165_Y
      New ports: A=\blk3664_23.imem_data [31], B=1'0, Y=$flatten\blk3665_18.$ternary$/chipinventor/OpenLane/designs/spm/src/hdl.v:697$165_Y [8]
      New connections: { $flatten\blk3665_18.$ternary$/chipinventor/OpenLane/designs/spm/src/hdl.v:697$165_Y [31:9] $flatten\blk3665_18.$ternary$/chipinventor/OpenLane/designs/spm/src/hdl.v:697$165_Y [7:0] } = { $flatten\blk3665_18.$ternary$/chipinventor/OpenLane/designs/spm/src/hdl.v:697$165_Y [8] $flatten\blk3665_18.$ternary$/chipinventor/OpenLane/designs/spm/src/hdl.v:697$165_Y [8] $flatten\blk3665_18.$ternary$/chipinventor/OpenLane/designs/spm/src/hdl.v:697$165_Y [8] $flatten\blk3665_18.$ternary$/chipinventor/OpenLane/designs/spm/src/hdl.v:697$165_Y [8] $flatten\blk3665_18.$ternary$/chipinventor/OpenLane/designs/spm/src/hdl.v:697$165_Y [8] $flatten\blk3665_18.$ternary$/chipinventor/OpenLane/designs/spm/src/hdl.v:697$165_Y [8] $flatten\blk3665_18.$ternary$/chipinventor/OpenLane/designs/spm/src/hdl.v:697$165_Y [8] $flatten\blk3665_18.$ternary$/chipinventor/OpenLane/designs/spm/src/hdl.v:697$165_Y [8] $flatten\blk3665_18.$ternary$/chipinventor/OpenLane/designs/spm/src/hdl.v:697$165_Y [8] $flatten\blk3665_18.$ternary$/chipinventor/OpenLane/designs/spm/src/hdl.v:697$165_Y [8] $flatten\blk3665_18.$ternary$/chipinventor/OpenLane/designs/spm/src/hdl.v:697$165_Y [8] $flatten\blk3665_18.$ternary$/chipinventor/OpenLane/designs/spm/src/hdl.v:697$165_Y [8] $flatten\blk3665_18.$ternary$/chipinventor/OpenLane/designs/spm/src/hdl.v:697$165_Y [8] $flatten\blk3665_18.$ternary$/chipinventor/OpenLane/designs/spm/src/hdl.v:697$165_Y [8] $flatten\blk3665_18.$ternary$/chipinventor/OpenLane/designs/spm/src/hdl.v:697$165_Y [8] $flatten\blk3665_18.$ternary$/chipinventor/OpenLane/designs/spm/src/hdl.v:697$165_Y [8] $flatten\blk3665_18.$ternary$/chipinventor/OpenLane/designs/spm/src/hdl.v:697$165_Y [8] $flatten\blk3665_18.$ternary$/chipinventor/OpenLane/designs/spm/src/hdl.v:697$165_Y [8] $flatten\blk3665_18.$ternary$/chipinventor/OpenLane/designs/spm/src/hdl.v:697$165_Y [8] $flatten\blk3665_18.$ternary$/chipinventor/OpenLane/designs/spm/src/hdl.v:697$165_Y [8] $flatten\blk3665_18.$ternary$/chipinventor/OpenLane/designs/spm/src/hdl.v:697$165_Y [8] $flatten\blk3665_18.$ternary$/chipinventor/OpenLane/designs/spm/src/hdl.v:697$165_Y [8] $flatten\blk3665_18.$ternary$/chipinventor/OpenLane/designs/spm/src/hdl.v:697$165_Y [8] \blk3664_23.imem_data [31:24] }
    Consolidated identical input bits for $mux cell $flatten\blk3665_18.$ternary$/chipinventor/OpenLane/designs/spm/src/hdl.v:702$166:
      Old ports: A={ \blk3664_23.imem_data [15] \blk3664_23.imem_data [15] \blk3664_23.imem_data [15] \blk3664_23.imem_data [15] \blk3664_23.imem_data [15] \blk3664_23.imem_data [15] \blk3664_23.imem_data [15] \blk3664_23.imem_data [15] \blk3664_23.imem_data [15] \blk3664_23.imem_data [15] \blk3664_23.imem_data [15] \blk3664_23.imem_data [15] \blk3664_23.imem_data [15] \blk3664_23.imem_data [15] \blk3664_23.imem_data [15] \blk3664_23.imem_data [15] \blk3664_23.imem_data [15:0] }, B={ 16'0000000000000000 \blk3664_23.imem_data [15:0] }, Y=$flatten\blk3665_18.$ternary$/chipinventor/OpenLane/designs/spm/src/hdl.v:702$166_Y
      New ports: A=\blk3664_23.imem_data [15], B=1'0, Y=$flatten\blk3665_18.$ternary$/chipinventor/OpenLane/designs/spm/src/hdl.v:702$166_Y [16]
      New connections: { $flatten\blk3665_18.$ternary$/chipinventor/OpenLane/designs/spm/src/hdl.v:702$166_Y [31:17] $flatten\blk3665_18.$ternary$/chipinventor/OpenLane/designs/spm/src/hdl.v:702$166_Y [15:0] } = { $flatten\blk3665_18.$ternary$/chipinventor/OpenLane/designs/spm/src/hdl.v:702$166_Y [16] $flatten\blk3665_18.$ternary$/chipinventor/OpenLane/designs/spm/src/hdl.v:702$166_Y [16] $flatten\blk3665_18.$ternary$/chipinventor/OpenLane/designs/spm/src/hdl.v:702$166_Y [16] $flatten\blk3665_18.$ternary$/chipinventor/OpenLane/designs/spm/src/hdl.v:702$166_Y [16] $flatten\blk3665_18.$ternary$/chipinventor/OpenLane/designs/spm/src/hdl.v:702$166_Y [16] $flatten\blk3665_18.$ternary$/chipinventor/OpenLane/designs/spm/src/hdl.v:702$166_Y [16] $flatten\blk3665_18.$ternary$/chipinventor/OpenLane/designs/spm/src/hdl.v:702$166_Y [16] $flatten\blk3665_18.$ternary$/chipinventor/OpenLane/designs/spm/src/hdl.v:702$166_Y [16] $flatten\blk3665_18.$ternary$/chipinventor/OpenLane/designs/spm/src/hdl.v:702$166_Y [16] $flatten\blk3665_18.$ternary$/chipinventor/OpenLane/designs/spm/src/hdl.v:702$166_Y [16] $flatten\blk3665_18.$ternary$/chipinventor/OpenLane/designs/spm/src/hdl.v:702$166_Y [16] $flatten\blk3665_18.$ternary$/chipinventor/OpenLane/designs/spm/src/hdl.v:702$166_Y [16] $flatten\blk3665_18.$ternary$/chipinventor/OpenLane/designs/spm/src/hdl.v:702$166_Y [16] $flatten\blk3665_18.$ternary$/chipinventor/OpenLane/designs/spm/src/hdl.v:702$166_Y [16] $flatten\blk3665_18.$ternary$/chipinventor/OpenLane/designs/spm/src/hdl.v:702$166_Y [16] \blk3664_23.imem_data [15:0] }
    Consolidated identical input bits for $mux cell $flatten\blk3665_18.$ternary$/chipinventor/OpenLane/designs/spm/src/hdl.v:703$167:
      Old ports: A={ \blk3664_23.imem_data [31] \blk3664_23.imem_data [31] \blk3664_23.imem_data [31] \blk3664_23.imem_data [31] \blk3664_23.imem_data [31] \blk3664_23.imem_data [31] \blk3664_23.imem_data [31] \blk3664_23.imem_data [31] \blk3664_23.imem_data [31] \blk3664_23.imem_data [31] \blk3664_23.imem_data [31] \blk3664_23.imem_data [31] \blk3664_23.imem_data [31] \blk3664_23.imem_data [31] \blk3664_23.imem_data [31] \blk3664_23.imem_data [31] \blk3664_23.imem_data [31:16] }, B={ 16'0000000000000000 \blk3664_23.imem_data [31:16] }, Y=$flatten\blk3665_18.$ternary$/chipinventor/OpenLane/designs/spm/src/hdl.v:703$167_Y
      New ports: A=\blk3664_23.imem_data [31], B=1'0, Y=$flatten\blk3665_18.$ternary$/chipinventor/OpenLane/designs/spm/src/hdl.v:703$167_Y [16]
      New connections: { $flatten\blk3665_18.$ternary$/chipinventor/OpenLane/designs/spm/src/hdl.v:703$167_Y [31:17] $flatten\blk3665_18.$ternary$/chipinventor/OpenLane/designs/spm/src/hdl.v:703$167_Y [15:0] } = { $flatten\blk3665_18.$ternary$/chipinventor/OpenLane/designs/spm/src/hdl.v:703$167_Y [16] $flatten\blk3665_18.$ternary$/chipinventor/OpenLane/designs/spm/src/hdl.v:703$167_Y [16] $flatten\blk3665_18.$ternary$/chipinventor/OpenLane/designs/spm/src/hdl.v:703$167_Y [16] $flatten\blk3665_18.$ternary$/chipinventor/OpenLane/designs/spm/src/hdl.v:703$167_Y [16] $flatten\blk3665_18.$ternary$/chipinventor/OpenLane/designs/spm/src/hdl.v:703$167_Y [16] $flatten\blk3665_18.$ternary$/chipinventor/OpenLane/designs/spm/src/hdl.v:703$167_Y [16] $flatten\blk3665_18.$ternary$/chipinventor/OpenLane/designs/spm/src/hdl.v:703$167_Y [16] $flatten\blk3665_18.$ternary$/chipinventor/OpenLane/designs/spm/src/hdl.v:703$167_Y [16] $flatten\blk3665_18.$ternary$/chipinventor/OpenLane/designs/spm/src/hdl.v:703$167_Y [16] $flatten\blk3665_18.$ternary$/chipinventor/OpenLane/designs/spm/src/hdl.v:703$167_Y [16] $flatten\blk3665_18.$ternary$/chipinventor/OpenLane/designs/spm/src/hdl.v:703$167_Y [16] $flatten\blk3665_18.$ternary$/chipinventor/OpenLane/designs/spm/src/hdl.v:703$167_Y [16] $flatten\blk3665_18.$ternary$/chipinventor/OpenLane/designs/spm/src/hdl.v:703$167_Y [16] $flatten\blk3665_18.$ternary$/chipinventor/OpenLane/designs/spm/src/hdl.v:703$167_Y [16] $flatten\blk3665_18.$ternary$/chipinventor/OpenLane/designs/spm/src/hdl.v:703$167_Y [16] \blk3664_23.imem_data [31:16] }
    Consolidated identical input bits for $mux cell $flatten\blk3666_16.$ternary$/chipinventor/OpenLane/designs/spm/src/hdl.v:742$650:
      Old ports: A={ \blk3657_14.rs1_data [31] \blk3657_14.rs1_data [31] \blk3657_14.rs1_data [31] \blk3657_14.rs1_data [31] \blk3657_14.rs1_data [31] \blk3657_14.rs1_data [31] \blk3657_14.rs1_data [31] \blk3657_14.rs1_data [31] \blk3657_14.rs1_data [31] \blk3657_14.rs1_data [31] \blk3657_14.rs1_data [31] \blk3657_14.rs1_data [31] \blk3657_14.rs1_data [31] \blk3657_14.rs1_data [31] \blk3657_14.rs1_data [31] \blk3657_14.rs1_data [31] \blk3657_14.rs1_data [31] \blk3657_14.rs1_data [31] \blk3657_14.rs1_data [31] \blk3657_14.rs1_data [31] \blk3657_14.rs1_data [31] \blk3657_14.rs1_data [31] \blk3657_14.rs1_data [31] \blk3657_14.rs1_data [31] \blk3657_14.rs1_data [31] \blk3657_14.rs1_data [31] \blk3657_14.rs1_data [31] \blk3657_14.rs1_data [31] \blk3657_14.rs1_data [31] \blk3657_14.rs1_data [31] \blk3657_14.rs1_data [31] \blk3657_14.rs1_data [31] \blk3657_14.rs1_data }, B={ 32'00000000000000000000000000000000 \blk3657_14.rs1_data }, Y=\blk3666_16.a_ext
      New ports: A=\blk3657_14.rs1_data [31], B=1'0, Y=\blk3666_16.a_ext [32]
      New connections: { \blk3666_16.a_ext [63:33] \blk3666_16.a_ext [31:0] } = { \blk3666_16.a_ext [32] \blk3666_16.a_ext [32] \blk3666_16.a_ext [32] \blk3666_16.a_ext [32] \blk3666_16.a_ext [32] \blk3666_16.a_ext [32] \blk3666_16.a_ext [32] \blk3666_16.a_ext [32] \blk3666_16.a_ext [32] \blk3666_16.a_ext [32] \blk3666_16.a_ext [32] \blk3666_16.a_ext [32] \blk3666_16.a_ext [32] \blk3666_16.a_ext [32] \blk3666_16.a_ext [32] \blk3666_16.a_ext [32] \blk3666_16.a_ext [32] \blk3666_16.a_ext [32] \blk3666_16.a_ext [32] \blk3666_16.a_ext [32] \blk3666_16.a_ext [32] \blk3666_16.a_ext [32] \blk3666_16.a_ext [32] \blk3666_16.a_ext [32] \blk3666_16.a_ext [32] \blk3666_16.a_ext [32] \blk3666_16.a_ext [32] \blk3666_16.a_ext [32] \blk3666_16.a_ext [32] \blk3666_16.a_ext [32] \blk3666_16.a_ext [32] \blk3657_14.rs1_data }
    Consolidated identical input bits for $mux cell $flatten\blk3666_16.$ternary$/chipinventor/OpenLane/designs/spm/src/hdl.v:743$651:
      Old ports: A={ \blk3657_14.rs2_data [31] \blk3657_14.rs2_data [31] \blk3657_14.rs2_data [31] \blk3657_14.rs2_data [31] \blk3657_14.rs2_data [31] \blk3657_14.rs2_data [31] \blk3657_14.rs2_data [31] \blk3657_14.rs2_data [31] \blk3657_14.rs2_data [31] \blk3657_14.rs2_data [31] \blk3657_14.rs2_data [31] \blk3657_14.rs2_data [31] \blk3657_14.rs2_data [31] \blk3657_14.rs2_data [31] \blk3657_14.rs2_data [31] \blk3657_14.rs2_data [31] \blk3657_14.rs2_data [31] \blk3657_14.rs2_data [31] \blk3657_14.rs2_data [31] \blk3657_14.rs2_data [31] \blk3657_14.rs2_data [31] \blk3657_14.rs2_data [31] \blk3657_14.rs2_data [31] \blk3657_14.rs2_data [31] \blk3657_14.rs2_data [31] \blk3657_14.rs2_data [31] \blk3657_14.rs2_data [31] \blk3657_14.rs2_data [31] \blk3657_14.rs2_data [31] \blk3657_14.rs2_data [31] \blk3657_14.rs2_data [31] \blk3657_14.rs2_data [31] \blk3657_14.rs2_data }, B={ 32'00000000000000000000000000000000 \blk3657_14.rs2_data }, Y=\blk3666_16.b_ext
      New ports: A=\blk3657_14.rs2_data [31], B=1'0, Y=\blk3666_16.b_ext [32]
      New connections: { \blk3666_16.b_ext [63:33] \blk3666_16.b_ext [31:0] } = { \blk3666_16.b_ext [32] \blk3666_16.b_ext [32] \blk3666_16.b_ext [32] \blk3666_16.b_ext [32] \blk3666_16.b_ext [32] \blk3666_16.b_ext [32] \blk3666_16.b_ext [32] \blk3666_16.b_ext [32] \blk3666_16.b_ext [32] \blk3666_16.b_ext [32] \blk3666_16.b_ext [32] \blk3666_16.b_ext [32] \blk3666_16.b_ext [32] \blk3666_16.b_ext [32] \blk3666_16.b_ext [32] \blk3666_16.b_ext [32] \blk3666_16.b_ext [32] \blk3666_16.b_ext [32] \blk3666_16.b_ext [32] \blk3666_16.b_ext [32] \blk3666_16.b_ext [32] \blk3666_16.b_ext [32] \blk3666_16.b_ext [32] \blk3666_16.b_ext [32] \blk3666_16.b_ext [32] \blk3666_16.b_ext [32] \blk3666_16.b_ext [32] \blk3666_16.b_ext [32] \blk3666_16.b_ext [32] \blk3666_16.b_ext [32] \blk3666_16.b_ext [32] \blk3657_14.rs2_data }
  Optimizing cells in module \top.
    Consolidated identical input bits for $mux cell $flatten\blk3655_5.$ternary$/chipinventor/OpenLane/designs/spm/src/hdl.v:39$847:
      Old ports: A=0, B=\blk3655_5.imem_rdata, Y=$flatten\blk3655_5.$ternary$/chipinventor/OpenLane/designs/spm/src/hdl.v:39$847_Y
      New ports: A=24'000000000000000000000000, B=\blk3655_5.imem_rdata [23:0], Y=$flatten\blk3655_5.$ternary$/chipinventor/OpenLane/designs/spm/src/hdl.v:39$847_Y [23:0]
      New connections: $flatten\blk3655_5.$ternary$/chipinventor/OpenLane/designs/spm/src/hdl.v:39$847_Y [31:24] = 8'00000000
    Consolidated identical input bits for $mux cell $flatten\blk3658_25.$procmux$1271:
      Old ports: A=$flatten\blk3658_25.$3\next_state[2:0], B=3'100, Y=$flatten\blk3658_25.$2\next_state[2:0]
      New ports: A={ $flatten\blk3658_25.$3\next_state[2:0] [2] 1'1 }, B=2'10, Y={ $flatten\blk3658_25.$2\next_state[2:0] [2] $flatten\blk3658_25.$2\next_state[2:0] [0] }
      New connections: $flatten\blk3658_25.$2\next_state[2:0] [1] = 1'0
    Consolidated identical input bits for $mux cell $flatten\blk3658_25.$procmux$1298:
      Old ports: A=$flatten\blk3658_25.$4\wb_src_sel[2:0], B=3'011, Y=$flatten\blk3658_25.$3\wb_src_sel[2:0]
      New ports: A={ $flatten\blk3658_25.$4\wb_src_sel[2:0] [2] 1'0 }, B=2'01, Y={ $flatten\blk3658_25.$3\wb_src_sel[2:0] [2] $flatten\blk3658_25.$3\wb_src_sel[2:0] [0] }
      New connections: $flatten\blk3658_25.$3\wb_src_sel[2:0] [1] = $flatten\blk3658_25.$3\wb_src_sel[2:0] [0]
    Consolidated identical input bits for $mux cell $flatten\blk3661_26.$procmux$1369:
      Old ports: A=24'000000000000000000000000, B=$auto$wreduce.cc:461:run$1629 [23:0], Y=\blk3655_5.imem_rdata [23:0]
      New ports: A=7'0000000, B={ $auto$wreduce.cc:461:run$1629 [23] $auto$wreduce.cc:461:run$1629 [20] $auto$wreduce.cc:461:run$1629 [9:7] $auto$wreduce.cc:461:run$1629 [5] 1'1 }, Y={ \blk3655_5.imem_rdata [23] \blk3655_5.imem_rdata [20] \blk3655_5.imem_rdata [9:7] \blk3655_5.imem_rdata [5] \blk3655_5.imem_rdata [0] }
      New connections: { \blk3655_5.imem_rdata [22:21] \blk3655_5.imem_rdata [19:10] \blk3655_5.imem_rdata [6] \blk3655_5.imem_rdata [4:1] } = { \blk3655_5.imem_rdata [8:7] 2'00 \blk3655_5.imem_rdata [5] 1'0 \blk3655_5.imem_rdata [5] 6'000000 \blk3655_5.imem_rdata [0] 2'00 \blk3655_5.imem_rdata [0] }
    Consolidated identical input bits for $pmux cell $flatten\blk3665_18.$procmux$1125:
      Old ports: A=0, B={ $flatten\blk3665_18.$ternary$/chipinventor/OpenLane/designs/spm/src/hdl.v:702$166_Y $flatten\blk3665_18.$ternary$/chipinventor/OpenLane/designs/spm/src/hdl.v:703$167_Y }, Y=$flatten\blk3665_18.$3\core_data_i[31:0]
      New ports: A=17'00000000000000000, B={ $flatten\blk3665_18.$ternary$/chipinventor/OpenLane/designs/spm/src/hdl.v:702$166_Y [16] \blk3664_23.imem_data [15:0] $flatten\blk3665_18.$ternary$/chipinventor/OpenLane/designs/spm/src/hdl.v:703$167_Y [16] \blk3664_23.imem_data [31:16] }, Y=$flatten\blk3665_18.$3\core_data_i[31:0] [16:0]
      New connections: $flatten\blk3665_18.$3\core_data_i[31:0] [31:17] = { $flatten\blk3665_18.$3\core_data_i[31:0] [16] $flatten\blk3665_18.$3\core_data_i[31:0] [16] $flatten\blk3665_18.$3\core_data_i[31:0] [16] $flatten\blk3665_18.$3\core_data_i[31:0] [16] $flatten\blk3665_18.$3\core_data_i[31:0] [16] $flatten\blk3665_18.$3\core_data_i[31:0] [16] $flatten\blk3665_18.$3\core_data_i[31:0] [16] $flatten\blk3665_18.$3\core_data_i[31:0] [16] $flatten\blk3665_18.$3\core_data_i[31:0] [16] $flatten\blk3665_18.$3\core_data_i[31:0] [16] $flatten\blk3665_18.$3\core_data_i[31:0] [16] $flatten\blk3665_18.$3\core_data_i[31:0] [16] $flatten\blk3665_18.$3\core_data_i[31:0] [16] $flatten\blk3665_18.$3\core_data_i[31:0] [16] $flatten\blk3665_18.$3\core_data_i[31:0] [16] }
    Consolidated identical input bits for $pmux cell $flatten\blk3665_18.$procmux$1133:
      Old ports: A=$flatten\blk3665_18.$ternary$/chipinventor/OpenLane/designs/spm/src/hdl.v:694$162_Y, B={ $flatten\blk3665_18.$ternary$/chipinventor/OpenLane/designs/spm/src/hdl.v:695$163_Y $flatten\blk3665_18.$ternary$/chipinventor/OpenLane/designs/spm/src/hdl.v:696$164_Y $flatten\blk3665_18.$ternary$/chipinventor/OpenLane/designs/spm/src/hdl.v:697$165_Y }, Y=$flatten\blk3665_18.$2\core_data_i[31:0]
      New ports: A={ $flatten\blk3665_18.$ternary$/chipinventor/OpenLane/designs/spm/src/hdl.v:694$162_Y [8] \blk3664_23.imem_data [7:0] }, B={ $flatten\blk3665_18.$ternary$/chipinventor/OpenLane/designs/spm/src/hdl.v:695$163_Y [8] \blk3664_23.imem_data [15:8] $flatten\blk3665_18.$ternary$/chipinventor/OpenLane/designs/spm/src/hdl.v:696$164_Y [8] \blk3664_23.imem_data [23:16] $flatten\blk3665_18.$ternary$/chipinventor/OpenLane/designs/spm/src/hdl.v:697$165_Y [8] \blk3664_23.imem_data [31:24] }, Y=$flatten\blk3665_18.$2\core_data_i[31:0] [8:0]
      New connections: $flatten\blk3665_18.$2\core_data_i[31:0] [31:9] = { $flatten\blk3665_18.$2\core_data_i[31:0] [8] $flatten\blk3665_18.$2\core_data_i[31:0] [8] $flatten\blk3665_18.$2\core_data_i[31:0] [8] $flatten\blk3665_18.$2\core_data_i[31:0] [8] $flatten\blk3665_18.$2\core_data_i[31:0] [8] $flatten\blk3665_18.$2\core_data_i[31:0] [8] $flatten\blk3665_18.$2\core_data_i[31:0] [8] $flatten\blk3665_18.$2\core_data_i[31:0] [8] $flatten\blk3665_18.$2\core_data_i[31:0] [8] $flatten\blk3665_18.$2\core_data_i[31:0] [8] $flatten\blk3665_18.$2\core_data_i[31:0] [8] $flatten\blk3665_18.$2\core_data_i[31:0] [8] $flatten\blk3665_18.$2\core_data_i[31:0] [8] $flatten\blk3665_18.$2\core_data_i[31:0] [8] $flatten\blk3665_18.$2\core_data_i[31:0] [8] $flatten\blk3665_18.$2\core_data_i[31:0] [8] $flatten\blk3665_18.$2\core_data_i[31:0] [8] $flatten\blk3665_18.$2\core_data_i[31:0] [8] $flatten\blk3665_18.$2\core_data_i[31:0] [8] $flatten\blk3665_18.$2\core_data_i[31:0] [8] $flatten\blk3665_18.$2\core_data_i[31:0] [8] $flatten\blk3665_18.$2\core_data_i[31:0] [8] $flatten\blk3665_18.$2\core_data_i[31:0] [8] }
  Optimizing cells in module \top.
    Consolidated identical input bits for $mux cell $flatten\blk3655_5.$ternary$/chipinventor/OpenLane/designs/spm/src/hdl.v:39$847:
      Old ports: A=24'000000000000000000000000, B=\blk3655_5.imem_rdata [23:0], Y=$flatten\blk3655_5.$ternary$/chipinventor/OpenLane/designs/spm/src/hdl.v:39$847_Y [23:0]
      New ports: A=7'0000000, B={ \blk3655_5.imem_rdata [23] \blk3655_5.imem_rdata [20] \blk3655_5.imem_rdata [9:7] \blk3655_5.imem_rdata [5] \blk3655_5.imem_rdata [0] }, Y={ $flatten\blk3655_5.$ternary$/chipinventor/OpenLane/designs/spm/src/hdl.v:39$847_Y [23] $flatten\blk3655_5.$ternary$/chipinventor/OpenLane/designs/spm/src/hdl.v:39$847_Y [20] $flatten\blk3655_5.$ternary$/chipinventor/OpenLane/designs/spm/src/hdl.v:39$847_Y [9:7] $flatten\blk3655_5.$ternary$/chipinventor/OpenLane/designs/spm/src/hdl.v:39$847_Y [5] $flatten\blk3655_5.$ternary$/chipinventor/OpenLane/designs/spm/src/hdl.v:39$847_Y [0] }
      New connections: { $flatten\blk3655_5.$ternary$/chipinventor/OpenLane/designs/spm/src/hdl.v:39$847_Y [22:21] $flatten\blk3655_5.$ternary$/chipinventor/OpenLane/designs/spm/src/hdl.v:39$847_Y [19:10] $flatten\blk3655_5.$ternary$/chipinventor/OpenLane/designs/spm/src/hdl.v:39$847_Y [6] $flatten\blk3655_5.$ternary$/chipinventor/OpenLane/designs/spm/src/hdl.v:39$847_Y [4:1] } = { $flatten\blk3655_5.$ternary$/chipinventor/OpenLane/designs/spm/src/hdl.v:39$847_Y [8:7] 2'00 $flatten\blk3655_5.$ternary$/chipinventor/OpenLane/designs/spm/src/hdl.v:39$847_Y [5] 1'0 $flatten\blk3655_5.$ternary$/chipinventor/OpenLane/designs/spm/src/hdl.v:39$847_Y [5] 6'000000 $flatten\blk3655_5.$ternary$/chipinventor/OpenLane/designs/spm/src/hdl.v:39$847_Y [0] 2'00 $flatten\blk3655_5.$ternary$/chipinventor/OpenLane/designs/spm/src/hdl.v:39$847_Y [0] }
  Optimizing cells in module \top.
Performed a total of 79 changes.

37.5. Executing OPT_MERGE pass (detect identical cells).
Finding identical cells in module `\top'.
<suppressed ~9 debug messages>
Removed a total of 3 cells.

37.6. Executing OPT_SHARE pass.
    Found cells that share an operand and can be merged by moving the $pmux $flatten\blk3656_15.$procmux$1105 in front of them:
        $auto$alumacc.cc:485:replace_alu$1753
        $auto$alumacc.cc:485:replace_alu$1750

37.7. Executing OPT_DFF pass (perform DFF optimizations).
Adding SRST signal on $\blk3672_11.regs$rdreg[0] ($dff) from module top (D = $auto$rtlil.cc:2573:Mux$1796, Q = $\blk3672_11.regs$rdreg[0]$q, rval = 5'00000).
Adding SRST signal on $\blk3672_11.regs$rdreg[1] ($dff) from module top (D = $auto$rtlil.cc:2573:Mux$1801, Q = $\blk3672_11.regs$rdreg[1]$q, rval = 5'00000).

37.8. Executing OPT_CLEAN pass (remove unused cells and wires).
Finding unused cells or wires in module \top..
Removed 2 unused cells and 290 unused wires.
<suppressed ~3 debug messages>

37.9. Executing OPT_EXPR pass (perform const folding).
Optimizing module top.
<suppressed ~341 debug messages>

37.10. Rerunning OPT passes. (Maybe there is more to do..)

37.11. Executing OPT_MUXTREE pass (detect dead branches in mux trees).
Running muxtree optimizer on module \top..
  Creating internal representation of mux trees.
  Evaluating internal representation of mux trees.
  Analyzing evaluation results.
Removed 0 multiplexer ports.
<suppressed ~90 debug messages>

37.12. Executing OPT_REDUCE pass (consolidate $*mux and $reduce_* inputs).
  Optimizing cells in module \top.
    New ctrl vector for $pmux cell $flatten\blk3656_15.$procmux$1105: { $flatten\blk3656_15.$procmux$1116_CMP $auto$opt_reduce.cc:134:opt_pmux$3183 $flatten\blk3656_15.$procmux$1113_CMP $flatten\blk3656_15.$procmux$1112_CMP $flatten\blk3656_15.$procmux$1111_CMP $flatten\blk3656_15.$procmux$1110_CMP $flatten\blk3656_15.$procmux$1109_CMP $flatten\blk3656_15.$procmux$1108_CMP $flatten\blk3656_15.$procmux$1107_CMP $flatten\blk3656_15.$procmux$1106_CMP }
  Optimizing cells in module \top.
Performed a total of 1 changes.

37.13. Executing OPT_MERGE pass (detect identical cells).
Finding identical cells in module `\top'.
Removed a total of 0 cells.

37.14. Executing OPT_SHARE pass.

37.15. Executing OPT_DFF pass (perform DFF optimizations).
Adding EN signal on $memory\blk3672_11.regs[9]$2267 ($dff) from module top (D = $memory\blk3672_11.regs$wrmux[9][2][0]$y$2678, Q = \blk3672_11.regs[9]).
Adding EN signal on $memory\blk3672_11.regs[8]$2265 ($dff) from module top (D = $memory\blk3672_11.regs$wrmux[8][2][0]$y$2664, Q = \blk3672_11.regs[8]).
Adding EN signal on $memory\blk3672_11.regs[7]$2263 ($dff) from module top (D = $memory\blk3672_11.regs$wrmux[7][2][0]$y$2644, Q = \blk3672_11.regs[7]).
Adding EN signal on $memory\blk3672_11.regs[6]$2261 ($dff) from module top (D = $memory\blk3672_11.regs$wrmux[6][2][0]$y$2630, Q = \blk3672_11.regs[6]).
Adding EN signal on $memory\blk3672_11.regs[5]$2259 ($dff) from module top (D = $memory\blk3672_11.regs$wrmux[5][2][0]$y$2616, Q = \blk3672_11.regs[5]).
Adding EN signal on $memory\blk3672_11.regs[4]$2257 ($dff) from module top (D = $memory\blk3672_11.regs$wrmux[4][2][0]$y$2602, Q = \blk3672_11.regs[4]).
Adding EN signal on $memory\blk3672_11.regs[3]$2255 ($dff) from module top (D = $memory\blk3672_11.regs$wrmux[3][2][0]$y$2584, Q = \blk3672_11.regs[3]).
Adding EN signal on $memory\blk3672_11.regs[31]$2311 ($dff) from module top (D = $memory\blk3672_11.regs$wrmux[31][2][0]$y$3004, Q = \blk3672_11.regs[31]).
Adding EN signal on $memory\blk3672_11.regs[30]$2309 ($dff) from module top (D = $memory\blk3672_11.regs$wrmux[30][2][0]$y$2990, Q = \blk3672_11.regs[30]).
Adding EN signal on $memory\blk3672_11.regs[2]$2253 ($dff) from module top (D = $memory\blk3672_11.regs$wrmux[2][2][0]$y$2568, Q = \blk3672_11.regs[2]).
Adding EN signal on $memory\blk3672_11.regs[29]$2307 ($dff) from module top (D = $memory\blk3672_11.regs$wrmux[29][2][0]$y$2976, Q = \blk3672_11.regs[29]).
Adding EN signal on $memory\blk3672_11.regs[28]$2305 ($dff) from module top (D = $memory\blk3672_11.regs$wrmux[28][2][0]$y$2962, Q = \blk3672_11.regs[28]).
Adding EN signal on $memory\blk3672_11.regs[27]$2303 ($dff) from module top (D = $memory\blk3672_11.regs$wrmux[27][2][0]$y$2946, Q = \blk3672_11.regs[27]).
Adding EN signal on $memory\blk3672_11.regs[26]$2301 ($dff) from module top (D = $memory\blk3672_11.regs$wrmux[26][2][0]$y$2932, Q = \blk3672_11.regs[26]).
Adding EN signal on $memory\blk3672_11.regs[25]$2299 ($dff) from module top (D = $memory\blk3672_11.regs$wrmux[25][2][0]$y$2918, Q = \blk3672_11.regs[25]).
Adding EN signal on $memory\blk3672_11.regs[24]$2297 ($dff) from module top (D = $memory\blk3672_11.regs$wrmux[24][2][0]$y$2904, Q = \blk3672_11.regs[24]).
Adding EN signal on $memory\blk3672_11.regs[23]$2295 ($dff) from module top (D = $memory\blk3672_11.regs$wrmux[23][2][0]$y$2886, Q = \blk3672_11.regs[23]).
Adding EN signal on $memory\blk3672_11.regs[22]$2293 ($dff) from module top (D = $memory\blk3672_11.regs$wrmux[22][2][0]$y$2872, Q = \blk3672_11.regs[22]).
Adding EN signal on $memory\blk3672_11.regs[21]$2291 ($dff) from module top (D = $memory\blk3672_11.regs$wrmux[21][2][0]$y$2858, Q = \blk3672_11.regs[21]).
Adding EN signal on $memory\blk3672_11.regs[20]$2289 ($dff) from module top (D = $memory\blk3672_11.regs$wrmux[20][2][0]$y$2844, Q = \blk3672_11.regs[20]).
Adding EN signal on $memory\blk3672_11.regs[1]$2251 ($dff) from module top (D = $memory\blk3672_11.regs$wrmux[1][2][0]$y$2550, Q = \blk3672_11.regs[1]).
Adding EN signal on $memory\blk3672_11.regs[19]$2287 ($dff) from module top (D = $memory\blk3672_11.regs$wrmux[19][2][0]$y$2828, Q = \blk3672_11.regs[19]).
Adding EN signal on $memory\blk3672_11.regs[18]$2285 ($dff) from module top (D = $memory\blk3672_11.regs$wrmux[18][2][0]$y$2814, Q = \blk3672_11.regs[18]).
Adding EN signal on $memory\blk3672_11.regs[17]$2283 ($dff) from module top (D = $memory\blk3672_11.regs$wrmux[17][2][0]$y$2800, Q = \blk3672_11.regs[17]).
Adding EN signal on $memory\blk3672_11.regs[16]$2281 ($dff) from module top (D = $memory\blk3672_11.regs$wrmux[16][2][0]$y$2786, Q = \blk3672_11.regs[16]).
Adding EN signal on $memory\blk3672_11.regs[15]$2279 ($dff) from module top (D = $memory\blk3672_11.regs$wrmux[15][2][0]$y$2764, Q = \blk3672_11.regs[15]).
Adding EN signal on $memory\blk3672_11.regs[14]$2277 ($dff) from module top (D = $memory\blk3672_11.regs$wrmux[14][2][0]$y$2750, Q = \blk3672_11.regs[14]).
Adding EN signal on $memory\blk3672_11.regs[13]$2275 ($dff) from module top (D = $memory\blk3672_11.regs$wrmux[13][2][0]$y$2736, Q = \blk3672_11.regs[13]).
Adding EN signal on $memory\blk3672_11.regs[12]$2273 ($dff) from module top (D = $memory\blk3672_11.regs$wrmux[12][2][0]$y$2722, Q = \blk3672_11.regs[12]).
Adding EN signal on $memory\blk3672_11.regs[11]$2271 ($dff) from module top (D = $memory\blk3672_11.regs$wrmux[11][2][0]$y$2706, Q = \blk3672_11.regs[11]).
Adding EN signal on $memory\blk3672_11.regs[10]$2269 ($dff) from module top (D = $memory\blk3672_11.regs$wrmux[10][2][0]$y$2692, Q = \blk3672_11.regs[10]).
Adding EN signal on $memory\blk3672_11.regs[0]$2249 ($dff) from module top (D = $memory\blk3672_11.regs$wrmux[0][2][0]$y$2532, Q = \blk3672_11.regs[0]).
Adding EN signal on $memory\blk3660_7.mem[7]$2058 ($dff) from module top (D = \blk3660_7.data_i [31:24], Q = \blk3660_7.mem[7] [31:24]).
Adding EN signal on $memory\blk3660_7.mem[7]$2058 ($dff) from module top (D = \blk3660_7.data_i [7:0], Q = \blk3660_7.mem[7] [7:0]).
Adding EN signal on $memory\blk3660_7.mem[7]$2058 ($dff) from module top (D = \blk3660_7.data_i [15:8], Q = \blk3660_7.mem[7] [15:8]).
Adding EN signal on $memory\blk3660_7.mem[7]$2058 ($dff) from module top (D = \blk3660_7.data_i [23:16], Q = \blk3660_7.mem[7] [23:16]).
Adding EN signal on $memory\blk3660_7.mem[6]$2056 ($dff) from module top (D = \blk3660_7.data_i [7:0], Q = \blk3660_7.mem[6] [7:0]).
Adding EN signal on $memory\blk3660_7.mem[6]$2056 ($dff) from module top (D = \blk3660_7.data_i [15:8], Q = \blk3660_7.mem[6] [15:8]).
Adding EN signal on $memory\blk3660_7.mem[6]$2056 ($dff) from module top (D = \blk3660_7.data_i [23:16], Q = \blk3660_7.mem[6] [23:16]).
Adding EN signal on $memory\blk3660_7.mem[6]$2056 ($dff) from module top (D = \blk3660_7.data_i [31:24], Q = \blk3660_7.mem[6] [31:24]).
Adding EN signal on $memory\blk3660_7.mem[5]$2054 ($dff) from module top (D = \blk3660_7.data_i [7:0], Q = \blk3660_7.mem[5] [7:0]).
Adding EN signal on $memory\blk3660_7.mem[5]$2054 ($dff) from module top (D = \blk3660_7.data_i [15:8], Q = \blk3660_7.mem[5] [15:8]).
Adding EN signal on $memory\blk3660_7.mem[5]$2054 ($dff) from module top (D = \blk3660_7.data_i [23:16], Q = \blk3660_7.mem[5] [23:16]).
Adding EN signal on $memory\blk3660_7.mem[5]$2054 ($dff) from module top (D = \blk3660_7.data_i [31:24], Q = \blk3660_7.mem[5] [31:24]).
Adding EN signal on $memory\blk3660_7.mem[4]$2052 ($dff) from module top (D = \blk3660_7.data_i [23:16], Q = \blk3660_7.mem[4] [23:16]).
Adding EN signal on $memory\blk3660_7.mem[4]$2052 ($dff) from module top (D = \blk3660_7.data_i [31:24], Q = \blk3660_7.mem[4] [31:24]).
Adding EN signal on $memory\blk3660_7.mem[4]$2052 ($dff) from module top (D = \blk3660_7.data_i [7:0], Q = \blk3660_7.mem[4] [7:0]).
Adding EN signal on $memory\blk3660_7.mem[4]$2052 ($dff) from module top (D = \blk3660_7.data_i [15:8], Q = \blk3660_7.mem[4] [15:8]).
Adding EN signal on $memory\blk3660_7.mem[3]$2050 ($dff) from module top (D = \blk3660_7.data_i [23:16], Q = \blk3660_7.mem[3] [23:16]).
Adding EN signal on $memory\blk3660_7.mem[3]$2050 ($dff) from module top (D = \blk3660_7.data_i [15:8], Q = \blk3660_7.mem[3] [15:8]).
Adding EN signal on $memory\blk3660_7.mem[3]$2050 ($dff) from module top (D = \blk3660_7.data_i [7:0], Q = \blk3660_7.mem[3] [7:0]).
Adding EN signal on $memory\blk3660_7.mem[3]$2050 ($dff) from module top (D = \blk3660_7.data_i [31:24], Q = \blk3660_7.mem[3] [31:24]).
Adding EN signal on $memory\blk3660_7.mem[2]$2048 ($dff) from module top (D = \blk3660_7.data_i [15:8], Q = \blk3660_7.mem[2] [15:8]).
Adding EN signal on $memory\blk3660_7.mem[2]$2048 ($dff) from module top (D = \blk3660_7.data_i [7:0], Q = \blk3660_7.mem[2] [7:0]).
Adding EN signal on $memory\blk3660_7.mem[2]$2048 ($dff) from module top (D = \blk3660_7.data_i [31:24], Q = \blk3660_7.mem[2] [31:24]).
Adding EN signal on $memory\blk3660_7.mem[2]$2048 ($dff) from module top (D = \blk3660_7.data_i [23:16], Q = \blk3660_7.mem[2] [23:16]).
Adding EN signal on $memory\blk3660_7.mem[1]$2046 ($dff) from module top (D = \blk3660_7.data_i [31:24], Q = \blk3660_7.mem[1] [31:24]).
Adding EN signal on $memory\blk3660_7.mem[1]$2046 ($dff) from module top (D = \blk3660_7.data_i [23:16], Q = \blk3660_7.mem[1] [23:16]).
Adding EN signal on $memory\blk3660_7.mem[1]$2046 ($dff) from module top (D = \blk3660_7.data_i [15:8], Q = \blk3660_7.mem[1] [15:8]).
Adding EN signal on $memory\blk3660_7.mem[1]$2046 ($dff) from module top (D = \blk3660_7.data_i [7:0], Q = \blk3660_7.mem[1] [7:0]).
Adding EN signal on $memory\blk3660_7.mem[0]$2044 ($dff) from module top (D = \blk3660_7.data_i [31:24], Q = \blk3660_7.mem[0] [31:24]).
Adding EN signal on $memory\blk3660_7.mem[0]$2044 ($dff) from module top (D = \blk3660_7.data_i [23:16], Q = \blk3660_7.mem[0] [23:16]).
Adding EN signal on $memory\blk3660_7.mem[0]$2044 ($dff) from module top (D = \blk3660_7.data_i [15:8], Q = \blk3660_7.mem[0] [15:8]).
Adding EN signal on $memory\blk3660_7.mem[0]$2044 ($dff) from module top (D = \blk3660_7.data_i [7:0], Q = \blk3660_7.mem[0] [7:0]).

37.16. Executing OPT_CLEAN pass (remove unused cells and wires).
Finding unused cells or wires in module \top..
Removed 32 unused cells and 224 unused wires.
<suppressed ~33 debug messages>

37.17. Executing OPT_EXPR pass (perform const folding).
Optimizing module top.
<suppressed ~64 debug messages>

37.18. Rerunning OPT passes. (Maybe there is more to do..)

37.19. Executing OPT_MUXTREE pass (detect dead branches in mux trees).
Running muxtree optimizer on module \top..
  Creating internal representation of mux trees.
  Evaluating internal representation of mux trees.
  Analyzing evaluation results.
Removed 0 multiplexer ports.
<suppressed ~58 debug messages>

37.20. Executing OPT_REDUCE pass (consolidate $*mux and $reduce_* inputs).
  Optimizing cells in module \top.
Performed a total of 0 changes.

37.21. Executing OPT_MERGE pass (detect identical cells).
Finding identical cells in module `\top'.
Removed a total of 0 cells.

37.22. Executing OPT_SHARE pass.

37.23. Executing OPT_DFF pass (perform DFF optimizations).
Adding SRST signal on $auto$ff.cc:266:slice$3277 ($dffe) from module top (D = \blk3672_11.rd_data, Q = \blk3672_11.regs[0], rval = 0).
Adding SRST signal on $auto$ff.cc:266:slice$3274 ($dffe) from module top (D = \blk3672_11.rd_data, Q = \blk3672_11.regs[10], rval = 0).
Adding SRST signal on $auto$ff.cc:266:slice$3271 ($dffe) from module top (D = \blk3672_11.rd_data, Q = \blk3672_11.regs[11], rval = 0).
Adding SRST signal on $auto$ff.cc:266:slice$3268 ($dffe) from module top (D = \blk3672_11.rd_data, Q = \blk3672_11.regs[12], rval = 0).
Adding SRST signal on $auto$ff.cc:266:slice$3265 ($dffe) from module top (D = \blk3672_11.rd_data, Q = \blk3672_11.regs[13], rval = 0).
Adding SRST signal on $auto$ff.cc:266:slice$3262 ($dffe) from module top (D = \blk3672_11.rd_data, Q = \blk3672_11.regs[14], rval = 0).
Adding SRST signal on $auto$ff.cc:266:slice$3259 ($dffe) from module top (D = \blk3672_11.rd_data, Q = \blk3672_11.regs[15], rval = 0).
Adding SRST signal on $auto$ff.cc:266:slice$3256 ($dffe) from module top (D = \blk3672_11.rd_data, Q = \blk3672_11.regs[16], rval = 0).
Adding SRST signal on $auto$ff.cc:266:slice$3253 ($dffe) from module top (D = \blk3672_11.rd_data, Q = \blk3672_11.regs[17], rval = 0).
Adding SRST signal on $auto$ff.cc:266:slice$3250 ($dffe) from module top (D = \blk3672_11.rd_data, Q = \blk3672_11.regs[18], rval = 0).
Adding SRST signal on $auto$ff.cc:266:slice$3247 ($dffe) from module top (D = \blk3672_11.rd_data, Q = \blk3672_11.regs[19], rval = 0).
Adding SRST signal on $auto$ff.cc:266:slice$3244 ($dffe) from module top (D = \blk3672_11.rd_data, Q = \blk3672_11.regs[1], rval = 0).
Adding SRST signal on $auto$ff.cc:266:slice$3241 ($dffe) from module top (D = \blk3672_11.rd_data, Q = \blk3672_11.regs[20], rval = 0).
Adding SRST signal on $auto$ff.cc:266:slice$3238 ($dffe) from module top (D = \blk3672_11.rd_data, Q = \blk3672_11.regs[21], rval = 0).
Adding SRST signal on $auto$ff.cc:266:slice$3235 ($dffe) from module top (D = \blk3672_11.rd_data, Q = \blk3672_11.regs[22], rval = 0).
Adding SRST signal on $auto$ff.cc:266:slice$3232 ($dffe) from module top (D = \blk3672_11.rd_data, Q = \blk3672_11.regs[23], rval = 0).
Adding SRST signal on $auto$ff.cc:266:slice$3229 ($dffe) from module top (D = \blk3672_11.rd_data, Q = \blk3672_11.regs[24], rval = 0).
Adding SRST signal on $auto$ff.cc:266:slice$3226 ($dffe) from module top (D = \blk3672_11.rd_data, Q = \blk3672_11.regs[25], rval = 0).
Adding SRST signal on $auto$ff.cc:266:slice$3223 ($dffe) from module top (D = \blk3672_11.rd_data, Q = \blk3672_11.regs[26], rval = 0).
Adding SRST signal on $auto$ff.cc:266:slice$3220 ($dffe) from module top (D = \blk3672_11.rd_data, Q = \blk3672_11.regs[27], rval = 0).
Adding SRST signal on $auto$ff.cc:266:slice$3217 ($dffe) from module top (D = \blk3672_11.rd_data, Q = \blk3672_11.regs[28], rval = 0).
Adding SRST signal on $auto$ff.cc:266:slice$3214 ($dffe) from module top (D = \blk3672_11.rd_data, Q = \blk3672_11.regs[29], rval = 0).
Adding SRST signal on $auto$ff.cc:266:slice$3211 ($dffe) from module top (D = \blk3672_11.rd_data, Q = \blk3672_11.regs[2], rval = 0).
Adding SRST signal on $auto$ff.cc:266:slice$3208 ($dffe) from module top (D = \blk3672_11.rd_data, Q = \blk3672_11.regs[30], rval = 0).
Adding SRST signal on $auto$ff.cc:266:slice$3205 ($dffe) from module top (D = \blk3672_11.rd_data, Q = \blk3672_11.regs[31], rval = 0).
Adding SRST signal on $auto$ff.cc:266:slice$3202 ($dffe) from module top (D = \blk3672_11.rd_data, Q = \blk3672_11.regs[3], rval = 0).
Adding SRST signal on $auto$ff.cc:266:slice$3199 ($dffe) from module top (D = \blk3672_11.rd_data, Q = \blk3672_11.regs[4], rval = 0).
Adding SRST signal on $auto$ff.cc:266:slice$3196 ($dffe) from module top (D = \blk3672_11.rd_data, Q = \blk3672_11.regs[5], rval = 0).
Adding SRST signal on $auto$ff.cc:266:slice$3193 ($dffe) from module top (D = \blk3672_11.rd_data, Q = \blk3672_11.regs[6], rval = 0).
Adding SRST signal on $auto$ff.cc:266:slice$3190 ($dffe) from module top (D = \blk3672_11.rd_data, Q = \blk3672_11.regs[7], rval = 0).
Adding SRST signal on $auto$ff.cc:266:slice$3187 ($dffe) from module top (D = \blk3672_11.rd_data, Q = \blk3672_11.regs[8], rval = 0).
Adding SRST signal on $auto$ff.cc:266:slice$3184 ($dffe) from module top (D = \blk3672_11.rd_data, Q = \blk3672_11.regs[9], rval = 0).

37.24. Executing OPT_CLEAN pass (remove unused cells and wires).
Finding unused cells or wires in module \top..
Removed 32 unused cells and 64 unused wires.
<suppressed ~33 debug messages>

37.25. Executing OPT_EXPR pass (perform const folding).
Optimizing module top.

37.26. Rerunning OPT passes. (Maybe there is more to do..)

37.27. Executing OPT_MUXTREE pass (detect dead branches in mux trees).
Running muxtree optimizer on module \top..
  Creating internal representation of mux trees.
  Evaluating internal representation of mux trees.
  Analyzing evaluation results.
Removed 0 multiplexer ports.
<suppressed ~26 debug messages>

37.28. Executing OPT_REDUCE pass (consolidate $*mux and $reduce_* inputs).
  Optimizing cells in module \top.
Performed a total of 0 changes.

37.29. Executing OPT_MERGE pass (detect identical cells).
Finding identical cells in module `\top'.
Removed a total of 0 cells.

37.30. Executing OPT_SHARE pass.

37.31. Executing OPT_DFF pass (perform DFF optimizations).

37.32. Executing OPT_CLEAN pass (remove unused cells and wires).
Finding unused cells or wires in module \top..

37.33. Executing OPT_EXPR pass (perform const folding).
Optimizing module top.

37.34. Finished OPT passes. (There is nothing left to do.)

38. Executing TECHMAP pass (map to technology primitives).

38.1. Executing Verilog-2005 frontend: /nix/store/sx2v0i73mn1ih2z1nk61pm9n5gjgpidy-yosys/bin/../share/yosys/techmap.v
Parsing Verilog input from `/nix/store/sx2v0i73mn1ih2z1nk61pm9n5gjgpidy-yosys/bin/../share/yosys/techmap.v' to AST representation.
Generating RTLIL representation for module `\_90_simplemap_bool_ops'.
Generating RTLIL representation for module `\_90_simplemap_reduce_ops'.
Generating RTLIL representation for module `\_90_simplemap_logic_ops'.
Generating RTLIL representation for module `\_90_simplemap_compare_ops'.
Generating RTLIL representation for module `\_90_simplemap_various'.
Generating RTLIL representation for module `\_90_simplemap_registers'.
Generating RTLIL representation for module `\_90_shift_ops_shr_shl_sshl_sshr'.
Generating RTLIL representation for module `\_90_shift_shiftx'.
Generating RTLIL representation for module `\_90_fa'.
Generating RTLIL representation for module `\_90_lcu'.
Generating RTLIL representation for module `\_90_alu'.
Generating RTLIL representation for module `\_90_macc'.
Generating RTLIL representation for module `\_90_alumacc'.
Generating RTLIL representation for module `\$__div_mod_u'.
Generating RTLIL representation for module `\$__div_mod_trunc'.
Generating RTLIL representation for module `\_90_div'.
Generating RTLIL representation for module `\_90_mod'.
Generating RTLIL representation for module `\$__div_mod_floor'.
Generating RTLIL representation for module `\_90_divfloor'.
Generating RTLIL representation for module `\_90_modfloor'.
Generating RTLIL representation for module `\_90_pow'.
Generating RTLIL representation for module `\_90_pmux'.
Generating RTLIL representation for module `\_90_demux'.
Generating RTLIL representation for module `\_90_lut'.
Successfully finished Verilog frontend.

38.2. Continuing TECHMAP pass.
Using extmapper simplemap for cells of type $sdffce.
Using extmapper simplemap for cells of type $and.
Using extmapper simplemap for cells of type $mux.
Using extmapper simplemap for cells of type $reduce_bool.
Using extmapper simplemap for cells of type $xor.
Using extmapper simplemap for cells of type $dffe.
Using extmapper simplemap for cells of type $logic_and.
Using template $paramod$8045f2881226ae434b154710c783ad25023f386c\_90_alu for cells of type $alu.
Using template $paramod$0ed36e5356dd00b0a2b97a2f79a94e5cb793820a\_90_alu for cells of type $alu.
Using template $paramod$165fdf60338663c1b1095d1639bc2761df5db061\_90_alu for cells of type $alu.
Using template $paramod$fbc7873bff55778c0b3173955b7e4bce1d9d6834\_90_alu for cells of type $alu.
Using extmapper simplemap for cells of type $reduce_and.
Using extmapper simplemap for cells of type $not.
Using extmapper maccmap for cells of type $macc.
  add { \blk3666_16.a_ext [63] \blk3666_16.a_ext [63] \blk3666_16.a_ext [63] \blk3666_16.a_ext [63] \blk3666_16.a_ext [63] \blk3666_16.a_ext [63] \blk3666_16.a_ext [63] \blk3666_16.a_ext [63] \blk3666_16.a_ext [63] \blk3666_16.a_ext [63] \blk3666_16.a_ext [63] \blk3666_16.a_ext [63] \blk3666_16.a_ext [63] \blk3666_16.a_ext [63] \blk3666_16.a_ext [63] \blk3666_16.a_ext [63] \blk3666_16.a_ext [63] \blk3666_16.a_ext [63] \blk3666_16.a_ext [63] \blk3666_16.a_ext [63] \blk3666_16.a_ext [63] \blk3666_16.a_ext [63] \blk3666_16.a_ext [63] \blk3666_16.a_ext [63] \blk3666_16.a_ext [63] \blk3666_16.a_ext [63] \blk3666_16.a_ext [63] \blk3666_16.a_ext [63] \blk3666_16.a_ext [63] \blk3666_16.a_ext [63] \blk3666_16.a_ext [63] \blk3666_16.a_ext [63] \blk3657_14.rs1_data } * { \blk3666_16.b_ext [63] \blk3666_16.b_ext [63] \blk3666_16.b_ext [63] \blk3666_16.b_ext [63] \blk3666_16.b_ext [63] \blk3666_16.b_ext [63] \blk3666_16.b_ext [63] \blk3666_16.b_ext [63] \blk3666_16.b_ext [63] \blk3666_16.b_ext [63] \blk3666_16.b_ext [63] \blk3666_16.b_ext [63] \blk3666_16.b_ext [63] \blk3666_16.b_ext [63] \blk3666_16.b_ext [63] \blk3666_16.b_ext [63] \blk3666_16.b_ext [63] \blk3666_16.b_ext [63] \blk3666_16.b_ext [63] \blk3666_16.b_ext [63] \blk3666_16.b_ext [63] \blk3666_16.b_ext [63] \blk3666_16.b_ext [63] \blk3666_16.b_ext [63] \blk3666_16.b_ext [63] \blk3666_16.b_ext [63] \blk3666_16.b_ext [63] \blk3666_16.b_ext [63] \blk3666_16.b_ext [63] \blk3666_16.b_ext [63] \blk3666_16.b_ext [63] \blk3666_16.b_ext [63] \blk3657_14.rs2_data } (64x64 bits, unsigned)
Using extmapper simplemap for cells of type $reduce_or.
Using extmapper simplemap for cells of type $or.
Using template $paramod$59b03ae2620a41577de8da5f5c97b2919e82362b\_90_pmux for cells of type $pmux.
Using extmapper simplemap for cells of type $logic_not.
Using extmapper simplemap for cells of type $eq.
Using template $paramod$eaeb96106163dbf82031649d189817109fe07c69\_90_pmux for cells of type $pmux.
Using template $paramod$3e9f586ebf39197c9185418e155ec5725178e703\_90_alu for cells of type $alu.
Using template $paramod$2653f68ddb8eab7b1907b4a20767b72a824a7a36\_90_alu for cells of type $alu.
Using template $paramod$constmap:4621fcf06a436d1e2a4080e2ed9866a7d07a6e07$paramod$e765c459d3029c22a22a27989e94858fd9ebfa9c\_90_shift_ops_shr_shl_sshl_sshr for cells of type $sshr.
Using template $paramod$constmap:4621fcf06a436d1e2a4080e2ed9866a7d07a6e07$paramod$feecc7a0dbd012970970f2858f15e786e251f677\_90_shift_ops_shr_shl_sshl_sshr for cells of type $shr.
Using template $paramod$constmap:4621fcf06a436d1e2a4080e2ed9866a7d07a6e07$paramod$335cfd09f1afa8139c4aafcbbe5f361887b79c5e\_90_shift_ops_shr_shl_sshl_sshr for cells of type $shl.
Using template $paramod$104d3d1e82b09b030a785dad8a5e608a6d4401f7\_90_pmux for cells of type $pmux.
Using template $paramod$44a13d10af618e7fbe7b9aad2f6151ffcee1e2fa\_90_alu for cells of type $alu.
Using extmapper simplemap for cells of type $sdff.
Using template $paramod$4b9262a0dae372164511f4036fe3017fe4b262a7\_90_alu for cells of type $alu.
Using template $paramod$d5c1c4131927aec19f116e7a36372b1981bfcd7e\_90_pmux for cells of type $pmux.
Using template $paramod$c2e415ef15bc3ccd2723772353a6b450d3d76206\_90_pmux for cells of type $pmux.
Using template $paramod$521ce43182eecb9f60c72393a788160d2c356bf5\_90_pmux for cells of type $pmux.
Using template $paramod$54d740639e1393b22262823179ff783ea9f17a35\_90_pmux for cells of type $pmux.
Using template $paramod$8fabc56b80a569262acfc42757a02ca0b8e91278\_90_pmux for cells of type $pmux.
Using template $paramod$200cf4763a5dd97104da97c2740bc6396db7fa25\_90_pmux for cells of type $pmux.
Using template $paramod$ed515afd372375eed228c602d861b693e104bf70\_90_pmux for cells of type $pmux.
Running "alumacc" on wrapper $extern:wrap:$neg:A_SIGNED=0:A_WIDTH=32:Y_WIDTH=32:394426c56d1a028ba8fdd5469b163e04011def47.
Using template $extern:wrap:$neg:A_SIGNED=0:A_WIDTH=32:Y_WIDTH=32:394426c56d1a028ba8fdd5469b163e04011def47 for cells of type $extern:wrap:$neg:A_SIGNED=0:A_WIDTH=32:Y_WIDTH=32:394426c56d1a028ba8fdd5469b163e04011def47.
Using template $paramod$b098bc6f249c0ac91c4d6e19d54b23c285914115\_90_pmux for cells of type $pmux.
Using extmapper simplemap for cells of type $sdffe.
Using extmapper simplemap for cells of type $dff.
Using template $paramod$33afdd83bf3811dac2de7a968d39eea5718691bc\_90_pmux for cells of type $pmux.
Using template $paramod$d31bf4d7d72e59528d18fbd4f322e9d608532043\_90_pmux for cells of type $pmux.
Using extmapper simplemap for cells of type $logic_or.
Using template $paramod$c15e84c77f007506123baf6c4be45847f0e33a3b\_90_pmux for cells of type $pmux.
Using template $paramod\_90_fa\WIDTH=32'00000000000000000000000001000000 for cells of type $fa.
Using template $paramod$039520c137afc9cd69dd56c3fb11a4e1fbe5f664\_90_alu for cells of type $alu.
Using extmapper simplemap for cells of type $pos.
Using template $paramod\_90_lcu\WIDTH=32'00000000000000000000000000100000 for cells of type $lcu.
Using template $paramod\_90_lcu\WIDTH=32'00000000000000000000000000010011 for cells of type $lcu.
Using template $paramod\_90_lcu\WIDTH=32'00000000000000000000000000001001 for cells of type $lcu.
Using template $paramod\_90_lcu\WIDTH=32'00000000000000000000000000011110 for cells of type $lcu.
Using template $paramod\_90_lcu\WIDTH=32'00000000000000000000000000001011 for cells of type $lcu.
Using template $paramod$c6baa65225090ac0a120feab1b920965244aa496\_90_alu for cells of type $alu.
Using template $paramod\_90_lcu\WIDTH=32'00000000000000000000000001000000 for cells of type $lcu.
No more expansions possible.
<suppressed ~5818 debug messages>

39. Executing OPT pass (performing simple optimizations).

39.1. Executing OPT_EXPR pass (perform const folding).
Optimizing module top.
<suppressed ~13419 debug messages>

39.2. Executing OPT_MERGE pass (detect identical cells).
Finding identical cells in module `\top'.
<suppressed ~9897 debug messages>
Removed a total of 3299 cells.

39.3. Executing OPT_DFF pass (perform DFF optimizations).

39.4. Executing OPT_CLEAN pass (remove unused cells and wires).
Finding unused cells or wires in module \top..
Removed 578 unused cells and 3322 unused wires.
<suppressed ~579 debug messages>

39.5. Finished fast OPT passes.

40. Executing ABC pass (technology mapping using ABC).

40.1. Extracting gate netlist of module `\top' to `<abc-temp-dir>/input.blif'..
Extracted 17596 gates and 18989 wires to a netlist network with 1391 inputs and 278 outputs.

40.1.1. Executing ABC.
Running ABC command: "/nix/store/wq2q0njg3sx8wvj2akz7x1qxwyrv9xlr-yosys-abc/bin/abc" -s -f <abc-temp-dir>/abc.script 2>&1
ABC: ABC command line: "source <abc-temp-dir>/abc.script".
ABC: 
ABC: + read_blif <abc-temp-dir>/input.blif 
ABC: + read_library <abc-temp-dir>/stdcells.genlib 
ABC: Entered genlib library with 13 gates from file "<abc-temp-dir>/stdcells.genlib".
ABC: + strash 
ABC: + dretime 
ABC: + map 
ABC: + write_blif <abc-temp-dir>/output.blif 

40.1.2. Re-integrating ABC results.
ABC RESULTS:               XOR cells:     3064
ABC RESULTS:               NOR cells:      998
ABC RESULTS:              XNOR cells:     1386
ABC RESULTS:               NOT cells:      482
ABC RESULTS:               MUX cells:     2788
ABC RESULTS:             ORNOT cells:      676
ABC RESULTS:               AND cells:      436
ABC RESULTS:              NAND cells:      386
ABC RESULTS:                OR cells:     2235
ABC RESULTS:            ANDNOT cells:     5272
ABC RESULTS:        internal signals:    17320
ABC RESULTS:           input signals:     1391
ABC RESULTS:          output signals:      278
Removing temp directory.

41. Executing OPT pass (performing simple optimizations).

41.1. Executing OPT_EXPR pass (perform const folding).
Optimizing module top.
<suppressed ~1041 debug messages>

41.2. Executing OPT_MERGE pass (detect identical cells).
Finding identical cells in module `\top'.
<suppressed ~78 debug messages>
Removed a total of 26 cells.

41.3. Executing OPT_DFF pass (perform DFF optimizations).

41.4. Executing OPT_CLEAN pass (remove unused cells and wires).
Finding unused cells or wires in module \top..
Removed 10 unused cells and 3542 unused wires.
<suppressed ~136 debug messages>

41.5. Finished fast OPT passes.

42. Executing HIERARCHY pass (managing design hierarchy).

42.1. Analyzing design hierarchy..
Top module:  \top

42.2. Analyzing design hierarchy..
Top module:  \top
Removed 0 unused modules.

43. Printing statistics.

=== top ===

   Number of wires:              17830
   Number of wire bits:          21635
   Number of public wires:         302
   Number of public wire bits:    4066
   Number of memories:               0
   Number of memory bits:            0
   Number of processes:              0
   Number of cells:              19080
     $_ANDNOT_                    5270
     $_AND_                        436
     $_DFFE_PP_                    256
     $_DFF_P_                        9
     $_MUX_                       2788
     $_NAND_                       383
     $_NOR_                        998
     $_NOT_                        472
     $_ORNOT_                      670
     $_OR_                        2220
     $_SDFFCE_PN0P_               1024
     $_SDFFCE_PP0P_                 32
     $_SDFFE_PP0P_                  58
     $_SDFFE_PP1P_                   4
     $_SDFF_PP0_                    10
     $_XNOR_                      1386
     $_XOR_                       3064

44. Executing CHECK pass (checking for obvious problems).
Checking module top...
Found and reported 0 problems.

45. Generating Graphviz representation of design.
Writing dot description to `/chipinventor/OpenLane/designs/spm/runs/RUN_2026.09.04_06.40.41/tmp/synthesis/post_techmap.dot'.
Dumping module top to page 1.

46. Executing SHARE pass (SAT-based resource sharing).

47. Executing OPT pass (performing simple optimizations).

47.1. Executing OPT_EXPR pass (perform const folding).
Optimizing module top.

47.2. Executing OPT_MERGE pass (detect identical cells).
Finding identical cells in module `\top'.
Removed a total of 0 cells.

47.3. Executing OPT_MUXTREE pass (detect dead branches in mux trees).
Running muxtree optimizer on module \top..
  Creating internal representation of mux trees.
  No muxes found in this module.
Removed 0 multiplexer ports.

47.4. Executing OPT_REDUCE pass (consolidate $*mux and $reduce_* inputs).
  Optimizing cells in module \top.
Performed a total of 0 changes.

47.5. Executing OPT_MERGE pass (detect identical cells).
Finding identical cells in module `\top'.
Removed a total of 0 cells.

47.6. Executing OPT_DFF pass (perform DFF optimizations).

47.7. Executing OPT_CLEAN pass (remove unused cells and wires).
Finding unused cells or wires in module \top..

47.8. Executing OPT_EXPR pass (perform const folding).
Optimizing module top.

47.9. Finished OPT passes. (There is nothing left to do.)

48. Executing OPT_CLEAN pass (remove unused cells and wires).
Finding unused cells or wires in module \top..
Removed 0 unused cells and 245 unused wires.
<suppressed ~245 debug messages>

49. Printing statistics.

=== top ===

   Number of wires:              17585
   Number of wire bits:          19100
   Number of public wires:          57
   Number of public wire bits:    1531
   Number of memories:               0
   Number of memory bits:            0
   Number of processes:              0
   Number of cells:              19080
     $_ANDNOT_                    5270
     $_AND_                        436
     $_DFFE_PP_                    256
     $_DFF_P_                        9
     $_MUX_                       2788
     $_NAND_                       383
     $_NOR_                        998
     $_NOT_                        472
     $_ORNOT_                      670
     $_OR_                        2220
     $_SDFFCE_PN0P_               1024
     $_SDFFCE_PP0P_                 32
     $_SDFFE_PP0P_                  58
     $_SDFFE_PP1P_                   4
     $_SDFF_PP0_                    10
     $_XNOR_                      1386
     $_XOR_                       3064

mapping tbuf

50. Executing TECHMAP pass (map to technology primitives).

50.1. Executing Verilog-2005 frontend: /root/.volare/volare/sky130/versions/bdc9412b3e468c102d01b7cf6337be06ec6e9c9a/sky130A/libs.tech/openlane/sky130_fd_sc_hd/tribuff_map.v
Parsing Verilog input from `/root/.volare/volare/sky130/versions/bdc9412b3e468c102d01b7cf6337be06ec6e9c9a/sky130A/libs.tech/openlane/sky130_fd_sc_hd/tribuff_map.v' to AST representation.
Generating RTLIL representation for module `\$_TBUF_'.
Successfully finished Verilog frontend.

50.2. Continuing TECHMAP pass.
No more expansions possible.
<suppressed ~3 debug messages>

51. Executing SIMPLEMAP pass (map simple cells to gate primitives).

52. Executing TECHMAP pass (map to technology primitives).

52.1. Executing Verilog-2005 frontend: /root/.volare/volare/sky130/versions/bdc9412b3e468c102d01b7cf6337be06ec6e9c9a/sky130A/libs.tech/openlane/sky130_fd_sc_hd/latch_map.v
Parsing Verilog input from `/root/.volare/volare/sky130/versions/bdc9412b3e468c102d01b7cf6337be06ec6e9c9a/sky130A/libs.tech/openlane/sky130_fd_sc_hd/latch_map.v' to AST representation.
Generating RTLIL representation for module `\$_DLATCH_P_'.
Generating RTLIL representation for module `\$_DLATCH_N_'.
Successfully finished Verilog frontend.

52.2. Continuing TECHMAP pass.
No more expansions possible.
<suppressed ~4 debug messages>

53. Executing SIMPLEMAP pass (map simple cells to gate primitives).

54. Executing DFFLIBMAP pass (mapping DFF cells to sequential cells from liberty file).
  cell sky130_fd_sc_hd__dfxtp_2 (noninv, pins=3, area=21.27) is a direct match for cell type $_DFF_P_.
  cell sky130_fd_sc_hd__dfrtp_2 (noninv, pins=4, area=26.28) is a direct match for cell type $_DFF_PN0_.
  cell sky130_fd_sc_hd__dfstp_2 (noninv, pins=4, area=26.28) is a direct match for cell type $_DFF_PN1_.
  cell sky130_fd_sc_hd__dfbbn_2 (noninv, pins=6, area=35.03) is a direct match for cell type $_DFFSR_NNN_.
  final dff cell mappings:
    unmapped dff cell: $_DFF_N_
    \sky130_fd_sc_hd__dfxtp_2 _DFF_P_ (.CLK( C), .D( D), .Q( Q));
    unmapped dff cell: $_DFF_NN0_
    unmapped dff cell: $_DFF_NN1_
    unmapped dff cell: $_DFF_NP0_
    unmapped dff cell: $_DFF_NP1_
    \sky130_fd_sc_hd__dfrtp_2 _DFF_PN0_ (.CLK( C), .D( D), .Q( Q), .RESET_B( R));
    \sky130_fd_sc_hd__dfstp_2 _DFF_PN1_ (.CLK( C), .D( D), .Q( Q), .SET_B( R));
    unmapped dff cell: $_DFF_PP0_
    unmapped dff cell: $_DFF_PP1_
    \sky130_fd_sc_hd__dfbbn_2 _DFFSR_NNN_ (.CLK_N( C), .D( D), .Q( Q), .Q_N(~Q), .RESET_B( R), .SET_B( S));
    unmapped dff cell: $_DFFSR_NNP_
    unmapped dff cell: $_DFFSR_NPN_
    unmapped dff cell: $_DFFSR_NPP_
    unmapped dff cell: $_DFFSR_PNN_
    unmapped dff cell: $_DFFSR_PNP_
    unmapped dff cell: $_DFFSR_PPN_
    unmapped dff cell: $_DFFSR_PPP_

54.1. Executing DFFLEGALIZE pass (convert FFs to types supported by the target).
Mapping DFF cells in module `\top':
  mapped 1393 $_DFF_P_ cells to \sky130_fd_sc_hd__dfxtp_2 cells.

55. Printing statistics.

=== top ===

   Number of wires:              20087
   Number of wire bits:          21602
   Number of public wires:          57
   Number of public wire bits:    1531
   Number of memories:               0
   Number of memory bits:            0
   Number of processes:              0
   Number of cells:              21582
     $_ANDNOT_                    5270
     $_AND_                        436
     $_MUX_                       5290
     $_NAND_                       383
     $_NOR_                        998
     $_NOT_                        472
     $_ORNOT_                      670
     $_OR_                        2220
     $_XNOR_                      1386
     $_XOR_                       3064
     sky130_fd_sc_hd__dfxtp_2     1393

[INFO]: USING STRATEGY AREA 0

56. Executing ABC pass (technology mapping using ABC).

56.1. Extracting gate netlist of module `\top' to `/tmp/yosys-abc-Zybtlx/input.blif'..
Extracted 20189 gates and 21582 wires to a netlist network with 1391 inputs and 1395 outputs.

56.1.1. Executing ABC.
Running ABC command: "/nix/store/wq2q0njg3sx8wvj2akz7x1qxwyrv9xlr-yosys-abc/bin/abc" -s -f /tmp/yosys-abc-Zybtlx/abc.script 2>&1
ABC: ABC command line: "source /tmp/yosys-abc-Zybtlx/abc.script".
ABC: 
ABC: + read_blif /tmp/yosys-abc-Zybtlx/input.blif 
ABC: + read_lib -w /chipinventor/OpenLane/designs/spm/runs/RUN_2026.09.04_06.40.41/tmp/synthesis/trimmed.lib 
ABC: Parsing finished successfully.  Parsing time =     0.04 sec
ABC: Scl_LibertyReadGenlib() skipped sequential cell "sky130_fd_sc_hd__dfbbn_2".
ABC: Scl_LibertyReadGenlib() skipped sequential cell "sky130_fd_sc_hd__dfrbp_2".
ABC: Scl_LibertyReadGenlib() skipped sequential cell "sky130_fd_sc_hd__dfrtp_2".
ABC: Scl_LibertyReadGenlib() skipped sequential cell "sky130_fd_sc_hd__dfrtp_4".
ABC: Scl_LibertyReadGenlib() skipped sequential cell "sky130_fd_sc_hd__dfsbp_2".
ABC: Scl_LibertyReadGenlib() skipped sequential cell "sky130_fd_sc_hd__dfstp_2".
ABC: Scl_LibertyReadGenlib() skipped sequential cell "sky130_fd_sc_hd__dfstp_4".
ABC: Scl_LibertyReadGenlib() skipped sequential cell "sky130_fd_sc_hd__dfxbp_2".
ABC: Scl_LibertyReadGenlib() skipped sequential cell "sky130_fd_sc_hd__dfxtp_2".
ABC: Scl_LibertyReadGenlib() skipped sequential cell "sky130_fd_sc_hd__dfxtp_4".
ABC: Scl_LibertyReadGenlib() skipped sequential cell "sky130_fd_sc_hd__dlxtn_1".
ABC: Scl_LibertyReadGenlib() skipped sequential cell "sky130_fd_sc_hd__dlxtn_2".
ABC: Scl_LibertyReadGenlib() skipped sequential cell "sky130_fd_sc_hd__dlxtn_4".
ABC: Scl_LibertyReadGenlib() skipped sequential cell "sky130_fd_sc_hd__dlxtp_1".
ABC: Scl_LibertyReadGenlib() skipped three-state cell "sky130_fd_sc_hd__ebufn_2".
ABC: Scl_LibertyReadGenlib() skipped three-state cell "sky130_fd_sc_hd__ebufn_4".
ABC: Scl_LibertyReadGenlib() skipped three-state cell "sky130_fd_sc_hd__ebufn_8".
ABC: Library "sky130A_merged" from "/chipinventor/OpenLane/designs/spm/runs/RUN_2026.09.04_06.40.41/tmp/synthesis/trimmed.lib" has 175 cells (17 skipped: 14 seq; 3 tri-state; 0 no func; 0 dont_use).  Time =     0.06 sec
ABC: Memory =    9.54 MB. Time =     0.06 sec
ABC: Warning: Detected 2 multi-output gates (for example, "sky130_fd_sc_hd__fa_1").
ABC: + read_constr -v /chipinventor/OpenLane/designs/spm/runs/RUN_2026.09.04_06.40.41/tmp/synthesis/synthesis.sdc 
ABC: Setting driving cell to be "sky130_fd_sc_hd__inv_2".
ABC: Setting output load to be 33.442001.
ABC: + read_constr /chipinventor/OpenLane/designs/spm/runs/RUN_2026.09.04_06.40.41/tmp/synthesis/synthesis.sdc 
ABC: + fx 
ABC: + mfs 
ABC: + strash 
ABC: + drf -l 
ABC: + balance 
ABC: + drw -l 
ABC: + drf -l 
ABC: + balance 
ABC: + drw -l 
ABC: + drw -l -z 
ABC: + balance 
ABC: + drf -l -z 
ABC: + drw -l -z 
ABC: + balance 
ABC: + retime -D -D 33000 -M 5 
ABC: + scleanup 
ABC: Error: The network is combinational.
ABC: + fraig_store 
ABC: + balance 
ABC: + fraig_store 
ABC: + balance 
ABC: + drw -l 
ABC: + drf -l 
ABC: + balance 
ABC: + drw -l 
ABC: + drw -l -z 
ABC: + balance 
ABC: + drf -l -z 
ABC: + drw -l -z 
ABC: + balance 
ABC: + fraig_store 
ABC: + balance 
ABC: + drw -l 
ABC: + drf -l 
ABC: + balance 
ABC: + drw -l 
ABC: + drw -l -z 
ABC: + balance 
ABC: + drf -l -z 
ABC: + drw -l -z 
ABC: + balance 
ABC: + fraig_store 
ABC: + balance 
ABC: + drw -l 
ABC: + drf -l 
ABC: + balance 
ABC: + drw -l 
ABC: + drw -l -z 
ABC: + balance 
ABC: + drf -l -z 
ABC: + drw -l -z 
ABC: + balance 
ABC: + fraig_store 
ABC: + fraig_restore 
ABC: + amap -m -Q 0.1 -F 20 -A 20 -C 5000 
ABC: + retime -D -D 33000 
ABC: + &get -n 
ABC: + &st 
ABC: + &dch 
ABC: + &nf 
ABC: + &put 
ABC: + buffer -N 10 -S 750.0 
ABC: + upsize -D 33000 
ABC: Current delay (11783.43 ps) does not exceed the target delay (33000.00 ps). Upsizing is not performed.
ABC: + dnsize -D 33000 
ABC: + stime -p 
ABC: WireLoad = "none"  Gates =  16312 ( 10.4 %)   Cap = 11.3 ff (  4.0 %)   Area =   162004.12 ( 86.5 %)   Delay = 14210.24 ps  (  3.1 %)               
ABC: Path  0 --     109 : 0    4 pi                       A =   0.00  Df =  63.9  -35.8 ps  S =  95.2 ps  Cin =  0.0 ff  Cout =  19.5 ff  Cmax =   0.0 ff  G =    0  
ABC: Path  1 --    2994 : 1   10 sky130_fd_sc_hd__buf_1   A =   3.75  Df = 452.1 -197.4 ps  S = 470.5 ps  Cin =  2.1 ff  Cout =  39.8 ff  Cmax = 130.0 ff  G = 1796  
ABC: Path  2 --    2995 : 1   10 sky130_fd_sc_hd__buf_1   A =   3.75  Df = 826.3 -305.4 ps  S = 386.2 ps  Cin =  2.1 ff  Cout =  32.6 ff  Cmax = 130.0 ff  G = 1478  
ABC: Path  3 --    2996 : 1   10 sky130_fd_sc_hd__buf_1   A =   3.75  Df =1364.0 -511.1 ps  S = 630.4 ps  Cin =  2.1 ff  Cout =  54.1 ff  Cmax = 130.0 ff  G = 2434  
ABC: Path  4 --    2997 : 1   10 sky130_fd_sc_hd__buf_1   A =   3.75  Df =1917.8 -697.3 ps  S = 629.4 ps  Cin =  2.1 ff  Cout =  54.1 ff  Cmax = 130.0 ff  G = 2434  
ABC: Path  5 --    3163 : 1   10 sky130_fd_sc_hd__buf_1   A =   3.75  Df =2471.5 -883.2 ps  S = 629.4 ps  Cin =  2.1 ff  Cout =  54.1 ff  Cmax = 130.0 ff  G = 2434  
ABC: Path  6 --    3164 : 1   10 sky130_fd_sc_hd__buf_1   A =   3.75  Df =3025.2-1069.0 ps  S = 629.4 ps  Cin =  2.1 ff  Cout =  54.1 ff  Cmax = 130.0 ff  G = 2434  
ABC: Path  7 --    3254 : 1   10 sky130_fd_sc_hd__buf_1   A =   3.75  Df =3607.0-1270.1 ps  S = 670.5 ps  Cin =  2.1 ff  Cout =  57.7 ff  Cmax = 130.0 ff  G = 2593  
ABC: Path  8 --    3580 : 6    1 sky130_fd_sc_hd__mux4_2  A =  22.52  Df =4149.9-1282.0 ps  S =  75.6 ps  Cin =  2.6 ff  Cout =   2.0 ff  Cmax = 301.2 ff  G =   71  
ABC: Path  9 --    3582 : 3    1 sky130_fd_sc_hd__mux2_2  A =  11.26  Df =4283.1-1153.6 ps  S =  46.3 ps  Cin =  2.3 ff  Cout =   2.4 ff  Cmax = 297.6 ff  G =  102  
ABC: Path 10 --    3587 : 3    1 sky130_fd_sc_hd__a21o_2  A =   8.76  Df =4389.4-1059.5 ps  S =  33.9 ps  Cin =  2.4 ff  Cout =   2.4 ff  Cmax = 309.5 ff  G =   99  
ABC: Path 11 --    3588 : 4    5 sky130_fd_sc_hd__o211a_2 A =  10.01  Df =4607.0-1122.0 ps  S = 112.2 ps  Cin =  2.4 ff  Cout =  16.0 ff  Cmax = 268.3 ff  G =  646  
ABC: Path 12 --    9718 : 2   10 sky130_fd_sc_hd__nand2_2 A =   6.26  Df =4765.5-1083.7 ps  S = 230.1 ps  Cin =  4.4 ff  Cout =  42.2 ff  Cmax = 295.7 ff  G =  905  
ABC: Path 13 --    9842 : 2   10 sky130_fd_sc_hd__nor2_2  A =   6.26  Df =5313.6-1446.7 ps  S = 642.0 ps  Cin =  4.4 ff  Cout =  60.0 ff  Cmax = 141.9 ff  G = 1302  
ABC: Path 14 --   10130 : 1   10 sky130_fd_sc_hd__buf_1   A =   3.75  Df =6064.8-1763.7 ps  S = 916.1 ps  Cin =  2.1 ff  Cout =  79.1 ff  Cmax = 130.0 ff  G = 3612  
ABC: Path 15 --   10605 : 2    2 sky130_fd_sc_hd__xnor2_2 A =  16.27  Df =6478.4-1063.1 ps  S = 205.4 ps  Cin =  8.5 ff  Cout =  10.1 ff  Cmax = 121.8 ff  G =  116  
ABC: Path 16 --   10606 : 2    2 sky130_fd_sc_hd__xnor2_2 A =  16.27  Df =6716.6-1085.9 ps  S = 220.4 ps  Cin =  8.5 ff  Cout =  13.1 ff  Cmax = 121.8 ff  G =  149  
ABC: Path 17 --   10607 : 2    2 sky130_fd_sc_hd__xnor2_2 A =  16.27  Df =6945.0  -15.8 ps  S = 189.6 ps  Cin =  8.5 ff  Cout =  10.5 ff  Cmax = 121.8 ff  G =  119  
ABC: Path 18 --   10609 : 2    2 sky130_fd_sc_hd__xnor2_2 A =  16.27  Df =7163.9   -2.0 ps  S = 221.0 ps  Cin =  8.5 ff  Cout =  13.1 ff  Cmax = 121.8 ff  G =  149  
ABC: Path 19 --   10610 : 2    2 sky130_fd_sc_hd__xnor2_2 A =  16.27  Df =7382.2   -6.4 ps  S = 220.4 ps  Cin =  8.5 ff  Cout =  13.2 ff  Cmax = 121.8 ff  G =  148  
ABC: Path 20 --   10611 : 2    2 sky130_fd_sc_hd__xor2_2  A =  16.27  Df =7583.1  -39.8 ps  S = 138.1 ps  Cin =  8.6 ff  Cout =   7.0 ff  Cmax = 130.0 ff  G =   78  
ABC: Path 21 --   10758 : 3    2 sky130_fd_sc_hd__a21o_2  A =   8.76  Df =7739.9  -33.6 ps  S =  50.4 ps  Cin =  2.4 ff  Cout =   7.0 ff  Cmax = 309.5 ff  G =  286  
ABC: Path 22 --   10760 : 4    2 sky130_fd_sc_hd__a211o_2 A =  10.01  Df =8078.0 -237.9 ps  S =  59.3 ps  Cin =  2.4 ff  Cout =   7.1 ff  Cmax = 325.0 ff  G =  289  
ABC: Path 23 --   10762 : 3    2 sky130_fd_sc_hd__a21o_2  A =   8.76  Df =8300.5 -191.9 ps  S =  50.4 ps  Cin =  2.4 ff  Cout =   7.0 ff  Cmax = 309.5 ff  G =  286  
ABC: Path 24 --   10764 : 4    2 sky130_fd_sc_hd__a211o_2 A =  10.01  Df =8638.6 -335.0 ps  S =  59.3 ps  Cin =  2.4 ff  Cout =   7.0 ff  Cmax = 325.0 ff  G =  285  
ABC: Path 25 --   10766 : 4    2 sky130_fd_sc_hd__a211o_2 A =  10.01  Df =8990.3 -421.1 ps  S =  64.5 ps  Cin =  2.4 ff  Cout =   9.1 ff  Cmax = 325.0 ff  G =  371  
ABC: Path 26 --   11010 : 5    3 sky130_fd_sc_hd__a32oi_2 A =  16.27  Df =9475.8 -307.7 ps  S = 246.9 ps  Cin =  4.3 ff  Cout =  12.4 ff  Cmax = 155.7 ff  G =  274  
ABC: Path 27 --   11011 : 2    3 sky130_fd_sc_hd__xor2_2  A =  16.27  Df =9760.0 -394.1 ps  S = 231.0 ps  Cin =  8.6 ff  Cout =  15.2 ff  Cmax = 130.0 ff  G =  169  
ABC: Path 28 --   11062 : 4    2 sky130_fd_sc_hd__or4b_2  A =  10.01  Df =10370.8 -702.9 ps  S = 104.2 ps  Cin =  1.5 ff  Cout =   4.2 ff  Cmax = 265.5 ff  G =  264  
ABC: Path 29 --   11064 : 4    1 sky130_fd_sc_hd__or4_2   A =   8.76  Df =10979.9-1213.8 ps  S =  95.1 ps  Cin =  1.5 ff  Cout =   2.5 ff  Cmax = 310.4 ff  G =  155  
ABC: Path 30 --   11065 : 4    4 sky130_fd_sc_hd__a211o_2 A =  10.01  Df =11288.2-1197.6 ps  S =  69.6 ps  Cin =  2.4 ff  Cout =  11.0 ff  Cmax = 325.0 ff  G =  452  
ABC: Path 31 --   13165 : 4    4 sky130_fd_sc_hd__a211o_2 A =  10.01  Df =11606.5-1045.5 ps  S =  64.2 ps  Cin =  2.4 ff  Cout =   8.9 ff  Cmax = 325.0 ff  G =  364  
ABC: Path 32 --   15023 : 4    2 sky130_fd_sc_hd__a211o_2 A =  10.01  Df =11903.2-1052.9 ps  S =  50.8 ps  Cin =  2.4 ff  Cout =   3.9 ff  Cmax = 325.0 ff  G =  161  
ABC: Path 33 --   15261 : 4    5 sky130_fd_sc_hd__a211o_2 A =  10.01  Df =12236.6-1231.5 ps  S =  86.2 ps  Cin =  2.4 ff  Cout =  15.5 ff  Cmax = 325.0 ff  G =  636  
ABC: Path 34 --   15954 : 5    4 sky130_fd_sc_hd__a311o_2 A =  11.26  Df =12592.2-1385.1 ps  S =  83.3 ps  Cin =  2.3 ff  Cout =  11.9 ff  Cmax = 298.5 ff  G =  496  
ABC: Path 35 --   16426 : 5    3 sky130_fd_sc_hd__a311o_2 A =  11.26  Df =12987.1-1580.5 ps  S =  74.5 ps  Cin =  2.3 ff  Cout =  10.0 ff  Cmax = 298.5 ff  G =  417  
ABC: Path 36 --   16590 : 4    1 sky130_fd_sc_hd__a31o_2  A =   8.76  Df =13218.8-1666.9 ps  S =  38.6 ps  Cin =  2.4 ff  Cout =   2.5 ff  Cmax = 271.9 ff  G =  101  
ABC: Path 37 --   16593 : 5    1 sky130_fd_sc_hd__o221a_2 A =  11.26  Df =13471.8 -168.8 ps  S =  44.5 ps  Cin =  2.3 ff  Cout =   2.5 ff  Cmax = 281.1 ff  G =  101  
ABC: Path 38 --   16598 : 4    4 sky130_fd_sc_hd__o22a_2  A =  10.01  Df =13685.3 -230.7 ps  S =  63.5 ps  Cin =  2.4 ff  Cout =   9.0 ff  Cmax = 304.9 ff  G =  366  
ABC: Path 39 --   17041 : 1   10 sky130_fd_sc_hd__buf_1   A =   3.75  Df =13862.2 -150.4 ps  S = 292.0 ps  Cin =  2.1 ff  Cout =  24.3 ff  Cmax = 130.0 ff  G = 1110  
ABC: Path 40 --   17042 : 4    1 sky130_fd_sc_hd__a22o_2  A =  10.01  Df =14210.2 -179.4 ps  S = 180.2 ps  Cin =  2.3 ff  Cout =  33.4 ff  Cmax = 301.2 ff  G = 1424  
ABC: Start-point = pi108 ($\blk3672_11.regs$rdreg[0]$q [0]).  End-point = po362 ($auto$rtlil.cc:2684:MuxGate$62430).
ABC: + print_stats -m 
ABC: netlist                       : i/o = 1391/ 1395  lat =    0  nd = 16312  edge =  42033  area =162032.05  delay =48.00  lev = 48
ABC: + write_blif /tmp/yosys-abc-Zybtlx/output.blif 

56.1.2. Re-integrating ABC results.
ABC RESULTS:   sky130_fd_sc_hd__or4bb_2 cells:        1
ABC RESULTS:   sky130_fd_sc_hd__a2111oi_2 cells:        1
ABC RESULTS:   sky130_fd_sc_hd__o311ai_2 cells:        1
ABC RESULTS:   sky130_fd_sc_hd__mux4_2 cells:      512
ABC RESULTS:   sky130_fd_sc_hd__a221oi_2 cells:       16
ABC RESULTS:   sky130_fd_sc_hd__a311oi_2 cells:        1
ABC RESULTS:   sky130_fd_sc_hd__nor4b_2 cells:        2
ABC RESULTS:   sky130_fd_sc_hd__a32oi_2 cells:        4
ABC RESULTS:   sky130_fd_sc_hd__nand3b_2 cells:        4
ABC RESULTS:   sky130_fd_sc_hd__buf_2 cells:        1
ABC RESULTS:   sky130_fd_sc_hd__nor3b_2 cells:        6
ABC RESULTS:   sky130_fd_sc_hd__nand2b_2 cells:        2
ABC RESULTS:   sky130_fd_sc_hd__o2bb2ai_2 cells:        5
ABC RESULTS:   sky130_fd_sc_hd__a22oi_2 cells:       23
ABC RESULTS:   sky130_fd_sc_hd__o32ai_2 cells:        5
ABC RESULTS:   sky130_fd_sc_hd__o31a_2 cells:       23
ABC RESULTS:   sky130_fd_sc_hd__o31ai_2 cells:        9
ABC RESULTS:   sky130_fd_sc_hd__o21bai_2 cells:       49
ABC RESULTS:   sky130_fd_sc_hd__nor3_2 cells:       72
ABC RESULTS:   sky130_fd_sc_hd__a311o_2 cells:       12
ABC RESULTS:   sky130_fd_sc_hd__a21boi_2 cells:       69
ABC RESULTS:   sky130_fd_sc_hd__and3_2 cells:      343
ABC RESULTS:   sky130_fd_sc_hd__o22ai_2 cells:       33
ABC RESULTS:   sky130_fd_sc_hd__o311a_2 cells:        4
ABC RESULTS:   sky130_fd_sc_hd__a2bb2oi_2 cells:       10
ABC RESULTS:   sky130_fd_sc_hd__xor2_2 cells:     1017
ABC RESULTS:   sky130_fd_sc_hd__a31o_2 cells:      257
ABC RESULTS:   sky130_fd_sc_hd__xnor2_2 cells:     2175
ABC RESULTS:   sky130_fd_sc_hd__o21a_2 cells:      336
ABC RESULTS:   sky130_fd_sc_hd__or4b_2 cells:       10
ABC RESULTS:   sky130_fd_sc_hd__a31oi_2 cells:       27
ABC RESULTS:   sky130_fd_sc_hd__o2111a_2 cells:        7
ABC RESULTS:   sky130_fd_sc_hd__nand3_2 cells:       70
ABC RESULTS:   sky130_fd_sc_hd__and4_2 cells:       28
ABC RESULTS:   sky130_fd_sc_hd__nand4_2 cells:        9
ABC RESULTS:   sky130_fd_sc_hd__a2bb2o_2 cells:       39
ABC RESULTS:   sky130_fd_sc_hd__or4_2 cells:      101
ABC RESULTS:   sky130_fd_sc_hd__o2bb2a_2 cells:       36
ABC RESULTS:   sky130_fd_sc_hd__a2111o_2 cells:        4
ABC RESULTS:   sky130_fd_sc_hd__nor4_2 cells:        4
ABC RESULTS:   sky130_fd_sc_hd__o22a_2 cells:       82
ABC RESULTS:   sky130_fd_sc_hd__o221ai_2 cells:        3
ABC RESULTS:   sky130_fd_sc_hd__or3b_2 cells:       61
ABC RESULTS:   sky130_fd_sc_hd__o221a_2 cells:       32
ABC RESULTS:   sky130_fd_sc_hd__a221o_2 cells:      166
ABC RESULTS:   sky130_fd_sc_hd__and3b_2 cells:       77
ABC RESULTS:   sky130_fd_sc_hd__a41o_2 cells:        7
ABC RESULTS:   sky130_fd_sc_hd__a211oi_2 cells:       32
ABC RESULTS:   sky130_fd_sc_hd__o21ba_2 cells:      135
ABC RESULTS:   sky130_fd_sc_hd__and4b_2 cells:        5
ABC RESULTS:   sky130_fd_sc_hd__o211ai_2 cells:       34
ABC RESULTS:   sky130_fd_sc_hd__a211o_2 cells:       69
ABC RESULTS:   sky130_fd_sc_hd__a21bo_2 cells:      164
ABC RESULTS:   sky130_fd_sc_hd__a21oi_2 cells:      566
ABC RESULTS:   sky130_fd_sc_hd__a21o_2 cells:      498
ABC RESULTS:   sky130_fd_sc_hd__and2_2 cells:      545
ABC RESULTS:   sky130_fd_sc_hd__and2b_2 cells:      394
ABC RESULTS:   sky130_fd_sc_hd__o21ai_2 cells:      255
ABC RESULTS:   sky130_fd_sc_hd__o32a_2 cells:       21
ABC RESULTS:   sky130_fd_sc_hd__or2b_2 cells:      339
ABC RESULTS:   sky130_fd_sc_hd__mux2_2 cells:      713
ABC RESULTS:   sky130_fd_sc_hd__inv_2 cells:      175
ABC RESULTS:   sky130_fd_sc_hd__or2_2 cells:      670
ABC RESULTS:   sky130_fd_sc_hd__nand2_2 cells:     1425
ABC RESULTS:   sky130_fd_sc_hd__a32o_2 cells:       64
ABC RESULTS:   sky130_fd_sc_hd__o211a_2 cells:      179
ABC RESULTS:   sky130_fd_sc_hd__or3_2 cells:      257
ABC RESULTS:   sky130_fd_sc_hd__nor2_2 cells:     1345
ABC RESULTS:   sky130_fd_sc_hd__buf_1 cells:     1520
ABC RESULTS:   sky130_fd_sc_hd__a22o_2 cells:     1151
ABC RESULTS:        internal signals:    18796
ABC RESULTS:           input signals:     1391
ABC RESULTS:          output signals:     1395
Removing temp directory.

57. Executing SETUNDEF pass (replace undef values with defined constants).

58. Executing HILOMAP pass (mapping to constant drivers).

59. Executing SPLITNETS pass (splitting up multi-bit signals).

60. Executing OPT_CLEAN pass (remove unused cells and wires).
Finding unused cells or wires in module \top..
Removed 2 unused cells and 21597 unused wires.
<suppressed ~145 debug messages>

61. Executing INSBUF pass (insert buffer cells for connected wires).
Add top/$auto$insbuf.cc:97:execute$82344: \blk3658_25.state_o[0] -> $fsm$oldstate\blk3658_25.state[0]
Add top/$auto$insbuf.cc:97:execute$82345: \blk3658_25.state_o[1] -> $fsm$oldstate\blk3658_25.state[1]
Add top/$auto$insbuf.cc:97:execute$82346: \blk3658_25.state_o[2] -> $fsm$oldstate\blk3658_25.state[2]

62. Executing CHECK pass (checking for obvious problems).
Checking module top...
Found and reported 0 problems.

63. Printing statistics.

=== top ===

   Number of wires:              17710
   Number of wire bits:          17710
   Number of public wires:        1389
   Number of public wire bits:    1389
   Number of memories:               0
   Number of memory bits:            0
   Number of processes:              0
   Number of cells:              17708
     sky130_fd_sc_hd__a2111o_2       4
     sky130_fd_sc_hd__a2111oi_2      1
     sky130_fd_sc_hd__a211o_2       69
     sky130_fd_sc_hd__a211oi_2      32
     sky130_fd_sc_hd__a21bo_2      164
     sky130_fd_sc_hd__a21boi_2      69
     sky130_fd_sc_hd__a21o_2       498
     sky130_fd_sc_hd__a21oi_2      566
     sky130_fd_sc_hd__a221o_2      166
     sky130_fd_sc_hd__a221oi_2      16
     sky130_fd_sc_hd__a22o_2      1151
     sky130_fd_sc_hd__a22oi_2       23
     sky130_fd_sc_hd__a2bb2o_2      39
     sky130_fd_sc_hd__a2bb2oi_2     10
     sky130_fd_sc_hd__a311o_2       12
     sky130_fd_sc_hd__a311oi_2       1
     sky130_fd_sc_hd__a31o_2       257
     sky130_fd_sc_hd__a31oi_2       27
     sky130_fd_sc_hd__a32o_2        64
     sky130_fd_sc_hd__a32oi_2        4
     sky130_fd_sc_hd__a41o_2         7
     sky130_fd_sc_hd__and2_2       545
     sky130_fd_sc_hd__and2b_2      394
     sky130_fd_sc_hd__and3_2       343
     sky130_fd_sc_hd__and3b_2       77
     sky130_fd_sc_hd__and4_2        28
     sky130_fd_sc_hd__and4b_2        5
     sky130_fd_sc_hd__buf_1       1520
     sky130_fd_sc_hd__buf_2          4
     sky130_fd_sc_hd__dfxtp_2     1393
     sky130_fd_sc_hd__inv_2        175
     sky130_fd_sc_hd__mux2_2       713
     sky130_fd_sc_hd__mux4_2       512
     sky130_fd_sc_hd__nand2_2     1425
     sky130_fd_sc_hd__nand2b_2       2
     sky130_fd_sc_hd__nand3_2       70
     sky130_fd_sc_hd__nand3b_2       4
     sky130_fd_sc_hd__nand4_2        9
     sky130_fd_sc_hd__nor2_2      1345
     sky130_fd_sc_hd__nor3_2        72
     sky130_fd_sc_hd__nor3b_2        6
     sky130_fd_sc_hd__nor4_2         4
     sky130_fd_sc_hd__nor4b_2        2
     sky130_fd_sc_hd__o2111a_2       7
     sky130_fd_sc_hd__o211a_2      179
     sky130_fd_sc_hd__o211ai_2      34
     sky130_fd_sc_hd__o21a_2       336
     sky130_fd_sc_hd__o21ai_2      255
     sky130_fd_sc_hd__o21ba_2      135
     sky130_fd_sc_hd__o21bai_2      49
     sky130_fd_sc_hd__o221a_2       32
     sky130_fd_sc_hd__o221ai_2       3
     sky130_fd_sc_hd__o22a_2        82
     sky130_fd_sc_hd__o22ai_2       33
     sky130_fd_sc_hd__o2bb2a_2      36
     sky130_fd_sc_hd__o2bb2ai_2      5
     sky130_fd_sc_hd__o311a_2        4
     sky130_fd_sc_hd__o311ai_2       1
     sky130_fd_sc_hd__o31a_2        23
     sky130_fd_sc_hd__o31ai_2        9
     sky130_fd_sc_hd__o32a_2        21
     sky130_fd_sc_hd__o32ai_2        5
     sky130_fd_sc_hd__or2_2        670
     sky130_fd_sc_hd__or2b_2       339
     sky130_fd_sc_hd__or3_2        257
     sky130_fd_sc_hd__or3b_2        61
     sky130_fd_sc_hd__or4_2        101
     sky130_fd_sc_hd__or4b_2        10
     sky130_fd_sc_hd__or4bb_2        1
     sky130_fd_sc_hd__xnor2_2     2175
     sky130_fd_sc_hd__xor2_2      1017

   Chip area for module '\top': 191648.806400

64. Executing Verilog backend.
Dumping module `\top'.

65. Executing JSON backend.

End of script. Logfile hash: d3b6623b07, CPU: user 5.77s system 0.08s, MEM: 135.91 MB peak
Yosys 0.38 (git sha1 543faed9c8c, clang++ 17.0.6 -fPIC -Os)
Time spent: 92% 2x abc (71 sec), 1% 39x opt_expr (1 sec), ...
